sector,subsector,indicator_name,date,region_state,value,unit,frequency,source,notes
prices,CPI,Base : 1986-87 = 100      CPI - Agricultural Labourer : All India General Index,1996-11-01,All India,9.166666666667,percent YoY inflation,monthly,Consumer Price Index - Annual Variation.xlsx,
prices,CPI,Base : 1986-87 = 100      CPI - Agricultural Labourer : All India General Index,1996-12-01,All India,10.504201680672,percent YoY inflation,monthly,Consumer Price Index - Annual Variation.xlsx,
prices,CPI,Base : 1986-87 = 100      CPI - Agricultural Labourer : All India General Index,1997-01-01,All India,11.016949152542,percent YoY inflation,monthly,Consumer Price Index - Annual Variation.xlsx,
prices,CPI,Base : 1986-87 = 100      CPI - Agricultural Labourer : All India General Index,1997-02-01,All India,11.440677966102,percent YoY inflation,monthly,Consumer Price Index - Annual Variation.xlsx,
prices,CPI,Base : 1986-87 = 100      CPI - Agricultural Labourer : All India General Index,1997-03-01,All India,10.548523206751,percent YoY inflation,monthly,Consumer Price Index - Annual Variation.xlsx,
prices,CPI,Base : 1986-87 = 100      CPI - Agricultural Labourer : All India General Index,1997-04-01,All India,8.75,percent YoY inflation,monthly,Consumer Price Index - Annual Variation.xlsx,
prices,CPI,Base : 1986-87 = 100      CPI - Agricultural Labourer : All India General Index,1997-05-01,All India,6.172839506173,percent YoY inflation,monthly,Consumer Price Index - Annual Variation.xlsx,
prices,CPI,Base : 1986-87 = 100      CPI - Agricultural Labourer : All India General Index,1997-06-01,All India,4.858299595142,percent YoY inflation,monthly,Consumer Price Index - Annual Variation.xlsx,
prices,CPI,Base : 1986-87 = 100      CPI - Agricultural Labourer : All India General Index,1997-07-01,All India,3.571428571429,percent YoY inflation,monthly,Consumer Price Index - Annual Variation.xlsx,
prices,CPI,Base : 1986-87 = 100      CPI - Agricultural Labourer : All India General Index,1997-08-01,All India,2.34375,percent YoY inflation,monthly,Consumer Price Index - Annual Variation.xlsx,
prices,CPI,Base : 1986-87 = 100      CPI - Agricultural Labourer : All India General Index,1997-09-01,All India,1.544401544402,percent YoY inflation,monthly,Consumer Price Index - Annual Variation.xlsx,
prices,CPI,Base : 1986-87 = 100      CPI - Agricultural Labourer : All India General Index,1997-10-01,All India,1.153846153846,percent YoY inflation,monthly,Consumer Price Index - Annual Variation.xlsx,
prices,CPI,Base : 1986-87 = 100      CPI - Agricultural Labourer : All India General Index,1997-11-01,All India,0.0,percent YoY inflation,monthly,Consumer Price Index - Annual Variation.xlsx,
prices,CPI,Base : 1986-87 = 100      CPI - Agricultural Labourer : All India General Index,1997-12-01,All India,0.760456273764,percent YoY inflation,monthly,Consumer Price Index - Annual Variation.xlsx,
prices,CPI,Base : 1986-87 = 100      CPI - Agricultural Labourer : All India General Index,1998-01-01,All India,4.580152671756,percent YoY inflation,monthly,Consumer Price Index - Annual Variation.xlsx,
prices,CPI,Base : 1986-87 = 100      CPI - Agricultural Labourer : All India General Index,1998-02-01,All India,3.802281368821,percent YoY inflation,monthly,Consumer Price Index - Annual Variation.xlsx,
prices,CPI,Base : 1986-87 = 100      CPI - Agricultural Labourer : All India General Index,1998-03-01,All India,3.81679389313,percent YoY inflation,monthly,Consumer Price Index - Annual Variation.xlsx,
prices,CPI,Base : 1986-87 = 100      CPI - Agricultural Labourer : All India General Index,1998-04-01,All India,4.597701149425,percent YoY inflation,monthly,Consumer Price Index - Annual Variation.xlsx,
prices,CPI,Base : 1986-87 = 100      CPI - Agricultural Labourer : All India General Index,1998-05-01,All India,6.976744186047,percent YoY inflation,monthly,Consumer Price Index - Annual Variation.xlsx,
prices,CPI,Base : 1986-87 = 100      CPI - Agricultural Labourer : All India General Index,1998-06-01,All India,8.880308880309,percent YoY inflation,monthly,Consumer Price Index - Annual Variation.xlsx,
prices,CPI,Base : 1986-87 = 100      CPI - Agricultural Labourer : All India General Index,1998-07-01,All India,10.727969348659,percent YoY inflation,monthly,Consumer Price Index - Annual Variation.xlsx,
prices,CPI,Base : 1986-87 = 100      CPI - Agricultural Labourer : All India General Index,1998-08-01,All India,11.832061068702,percent YoY inflation,monthly,Consumer Price Index - Annual Variation.xlsx,
prices,CPI,Base : 1986-87 = 100      CPI - Agricultural Labourer : All India General Index,1998-09-01,All India,12.927756653992,percent YoY inflation,monthly,Consumer Price Index - Annual Variation.xlsx,
prices,CPI,Base : 1986-87 = 100      CPI - Agricultural Labourer : All India General Index,1998-10-01,All India,15.589353612167,percent YoY inflation,monthly,Consumer Price Index - Annual Variation.xlsx,
prices,CPI,Base : 1986-87 = 100      CPI - Agricultural Labourer : All India General Index,1998-11-01,All India,18.320610687023,percent YoY inflation,monthly,Consumer Price Index - Annual Variation.xlsx,
prices,CPI,Base : 1986-87 = 100      CPI - Agricultural Labourer : All India General Index,1998-12-01,All India,15.094339622642,percent YoY inflation,monthly,Consumer Price Index - Annual Variation.xlsx,
prices,CPI,Base : 1986-87 = 100      CPI - Agricultural Labourer : All India General Index,1999-01-01,All India,9.124087591241,percent YoY inflation,monthly,Consumer Price Index - Annual Variation.xlsx,
prices,CPI,Base : 1986-87 = 100      CPI - Agricultural Labourer : All India General Index,1999-02-01,All India,8.791208791209,percent YoY inflation,monthly,Consumer Price Index - Annual Variation.xlsx,
prices,CPI,Base : 1986-87 = 100      CPI - Agricultural Labourer : All India General Index,1999-03-01,All India,8.823529411765,percent YoY inflation,monthly,Consumer Price Index - Annual Variation.xlsx,
prices,CPI,Base : 1986-87 = 100      CPI - Agricultural Labourer : All India General Index,1999-04-01,All India,8.058608058608,percent YoY inflation,monthly,Consumer Price Index - Annual Variation.xlsx,
prices,CPI,Base : 1986-87 = 100      CPI - Agricultural Labourer : All India General Index,1999-05-01,All India,7.971014492754,percent YoY inflation,monthly,Consumer Price Index - Annual Variation.xlsx,
prices,CPI,Base : 1986-87 = 100      CPI - Agricultural Labourer : All India General Index,1999-06-01,All India,6.737588652482,percent YoY inflation,monthly,Consumer Price Index - Annual Variation.xlsx,
prices,CPI,Base : 1986-87 = 100      CPI - Agricultural Labourer : All India General Index,1999-07-01,All India,5.190311418685,percent YoY inflation,monthly,Consumer Price Index - Annual Variation.xlsx,
prices,CPI,Base : 1986-87 = 100      CPI - Agricultural Labourer : All India General Index,1999-08-01,All India,5.119453924915,percent YoY inflation,monthly,Consumer Price Index - Annual Variation.xlsx,
prices,CPI,Base : 1986-87 = 100      CPI - Agricultural Labourer : All India General Index,1999-09-01,All India,4.377104377104,percent YoY inflation,monthly,Consumer Price Index - Annual Variation.xlsx,
prices,CPI,Base : 1986-87 = 100      CPI - Agricultural Labourer : All India General Index,1999-10-01,All India,3.618421052632,percent YoY inflation,monthly,Consumer Price Index - Annual Variation.xlsx,
prices,CPI,Base : 1986-87 = 100      CPI - Agricultural Labourer : All India General Index,1999-11-01,All India,1.935483870968,percent YoY inflation,monthly,Consumer Price Index - Annual Variation.xlsx,
prices,CPI,Base : 1986-87 = 100      CPI - Agricultural Labourer : All India General Index,1999-12-01,All India,1.967213114754,percent YoY inflation,monthly,Consumer Price Index - Annual Variation.xlsx,
prices,CPI,Base : 1986-87 = 100      CPI - Agricultural Labourer : All India General Index,2000-01-01,All India,2.675585284281,percent YoY inflation,monthly,Consumer Price Index - Annual Variation.xlsx,
prices,CPI,Base : 1986-87 = 100      CPI - Agricultural Labourer : All India General Index,2000-02-01,All India,3.030303030303,percent YoY inflation,monthly,Consumer Price Index - Annual Variation.xlsx,
prices,CPI,Base : 1986-87 = 100      CPI - Agricultural Labourer : All India General Index,2000-03-01,All India,3.378378378378,percent YoY inflation,monthly,Consumer Price Index - Annual Variation.xlsx,
prices,CPI,Base : 1986-87 = 100      CPI - Agricultural Labourer : All India General Index,2000-04-01,All India,4.067796610169,percent YoY inflation,monthly,Consumer Price Index - Annual Variation.xlsx,
prices,CPI,Base : 1986-87 = 100      CPI - Agricultural Labourer : All India General Index,2000-05-01,All India,4.026845637584,percent YoY inflation,monthly,Consumer Price Index - Annual Variation.xlsx,
prices,CPI,Base : 1986-87 = 100      CPI - Agricultural Labourer : All India General Index,2000-06-01,All India,2.990033222591,percent YoY inflation,monthly,Consumer Price Index - Annual Variation.xlsx,
prices,CPI,Base : 1986-87 = 100      CPI - Agricultural Labourer : All India General Index,2000-07-01,All India,1.973684210526,percent YoY inflation,monthly,Consumer Price Index - Annual Variation.xlsx,
prices,CPI,Base : 1986-87 = 100      CPI - Agricultural Labourer : All India General Index,2000-08-01,All India,0.0,percent YoY inflation,monthly,Consumer Price Index - Annual Variation.xlsx,
prices,CPI,Base : 1986-87 = 100      CPI - Agricultural Labourer : All India General Index,2000-09-01,All India,-1.290322580645,percent YoY inflation,monthly,Consumer Price Index - Annual Variation.xlsx,
prices,CPI,Base : 1986-87 = 100      CPI - Agricultural Labourer : All India General Index,2000-10-01,All India,-3.174603174603,percent YoY inflation,monthly,Consumer Price Index - Annual Variation.xlsx,
prices,CPI,Base : 1986-87 = 100      CPI - Agricultural Labourer : All India General Index,2000-11-01,All India,-3.164556962025,percent YoY inflation,monthly,Consumer Price Index - Annual Variation.xlsx,
prices,CPI,Base : 1986-87 = 100      CPI - Agricultural Labourer : All India General Index,2000-12-01,All India,-2.572347266881,percent YoY inflation,monthly,Consumer Price Index - Annual Variation.xlsx,
prices,CPI,Base : 1986-87 = 100      CPI - Agricultural Labourer : All India General Index,2001-01-01,All India,-1.954397394137,percent YoY inflation,monthly,Consumer Price Index - Annual Variation.xlsx,
prices,CPI,Base : 1986-87 = 100      CPI - Agricultural Labourer : All India General Index,2001-02-01,All India,-2.287581699346,percent YoY inflation,monthly,Consumer Price Index - Annual Variation.xlsx,
prices,CPI,Base : 1986-87 = 100      CPI - Agricultural Labourer : All India General Index,2001-03-01,All India,-1.960784313725,percent YoY inflation,monthly,Consumer Price Index - Annual Variation.xlsx,
prices,CPI,Base : 1986-87 = 100      CPI - Agricultural Labourer : All India General Index,2001-04-01,All India,-1.954397394137,percent YoY inflation,monthly,Consumer Price Index - Annual Variation.xlsx,
prices,CPI,Base : 1986-87 = 100      CPI - Agricultural Labourer : All India General Index,2001-05-01,All India,-2.258064516129,percent YoY inflation,monthly,Consumer Price Index - Annual Variation.xlsx,
prices,CPI,Base : 1986-87 = 100      CPI - Agricultural Labourer : All India General Index,2001-06-01,All India,-1.290322580645,percent YoY inflation,monthly,Consumer Price Index - Annual Variation.xlsx,
prices,CPI,Base : 1986-87 = 100      CPI - Agricultural Labourer : All India General Index,2001-07-01,All India,-0.322580645161,percent YoY inflation,monthly,Consumer Price Index - Annual Variation.xlsx,
prices,CPI,Base : 1986-87 = 100      CPI - Agricultural Labourer : All India General Index,2001-08-01,All India,1.298701298701,percent YoY inflation,monthly,Consumer Price Index - Annual Variation.xlsx,
prices,CPI,Base : 1986-87 = 100      CPI - Agricultural Labourer : All India General Index,2001-09-01,All India,1.633986928105,percent YoY inflation,monthly,Consumer Price Index - Annual Variation.xlsx,
prices,CPI,Base : 1986-87 = 100      CPI - Agricultural Labourer : All India General Index,2001-10-01,All India,2.622950819672,percent YoY inflation,monthly,Consumer Price Index - Annual Variation.xlsx,
prices,CPI,Base : 1986-87 = 100      CPI - Agricultural Labourer : All India General Index,2001-11-01,All India,2.287581699346,percent YoY inflation,monthly,Consumer Price Index - Annual Variation.xlsx,
prices,CPI,Base : 1986-87 = 100      CPI - Agricultural Labourer : All India General Index,2001-12-01,All India,2.970297029703,percent YoY inflation,monthly,Consumer Price Index - Annual Variation.xlsx,
prices,CPI,Base : 1986-87 = 100      CPI - Agricultural Labourer : All India General Index,2002-01-01,All India,2.325581395349,percent YoY inflation,monthly,Consumer Price Index - Annual Variation.xlsx,
prices,CPI,Base : 1986-87 = 100      CPI - Agricultural Labourer : All India General Index,2002-02-01,All India,3.010033444816,percent YoY inflation,monthly,Consumer Price Index - Annual Variation.xlsx,
prices,CPI,Base : 1986-87 = 100      CPI - Agricultural Labourer : All India General Index,2002-03-01,All India,3.0,percent YoY inflation,monthly,Consumer Price Index - Annual Variation.xlsx,
prices,CPI,Base : 1986-87 = 100      CPI - Agricultural Labourer : All India General Index,2002-04-01,All India,2.65780730897,percent YoY inflation,monthly,Consumer Price Index - Annual Variation.xlsx,
prices,CPI,Base : 1986-87 = 100      CPI - Agricultural Labourer : All India General Index,2002-05-01,All India,2.640264026403,percent YoY inflation,monthly,Consumer Price Index - Annual Variation.xlsx,
prices,CPI,Base : 1986-87 = 100      CPI - Agricultural Labourer : All India General Index,2002-06-01,All India,2.614379084967,percent YoY inflation,monthly,Consumer Price Index - Annual Variation.xlsx,
prices,CPI,Base : 1986-87 = 100      CPI - Agricultural Labourer : All India General Index,2002-07-01,All India,2.265372168285,percent YoY inflation,monthly,Consumer Price Index - Annual Variation.xlsx,
prices,CPI,Base : 1986-87 = 100      CPI - Agricultural Labourer : All India General Index,2002-08-01,All India,2.24358974359,percent YoY inflation,monthly,Consumer Price Index - Annual Variation.xlsx,
prices,CPI,Base : 1986-87 = 100      CPI - Agricultural Labourer : All India General Index,2002-09-01,All India,3.215434083601,percent YoY inflation,monthly,Consumer Price Index - Annual Variation.xlsx,
prices,CPI,Base : 1986-87 = 100      CPI - Agricultural Labourer : All India General Index,2002-10-01,All India,2.875399361022,percent YoY inflation,monthly,Consumer Price Index - Annual Variation.xlsx,
prices,CPI,Base : 1986-87 = 100      CPI - Agricultural Labourer : All India General Index,2002-11-01,All India,3.194888178914,percent YoY inflation,monthly,Consumer Price Index - Annual Variation.xlsx,
prices,CPI,Base : 1986-87 = 100      CPI - Agricultural Labourer : All India General Index,2002-12-01,All India,2.884615384615,percent YoY inflation,monthly,Consumer Price Index - Annual Variation.xlsx,
prices,CPI,Base : 1986-87 = 100      CPI - Agricultural Labourer : All India General Index,2003-01-01,All India,3.896103896104,percent YoY inflation,monthly,Consumer Price Index - Annual Variation.xlsx,
prices,CPI,Base : 1986-87 = 100      CPI - Agricultural Labourer : All India General Index,2003-02-01,All India,4.545454545455,percent YoY inflation,monthly,Consumer Price Index - Annual Variation.xlsx,
prices,CPI,Base : 1986-87 = 100      CPI - Agricultural Labourer : All India General Index,2003-03-01,All India,4.854368932039,percent YoY inflation,monthly,Consumer Price Index - Annual Variation.xlsx,
prices,CPI,Base : 1986-87 = 100      CPI - Agricultural Labourer : All India General Index,2003-04-01,All India,5.501618122977,percent YoY inflation,monthly,Consumer Price Index - Annual Variation.xlsx,
prices,CPI,Base : 1986-87 = 100      CPI - Agricultural Labourer : All India General Index,2003-05-01,All India,5.144694533762,percent YoY inflation,monthly,Consumer Price Index - Annual Variation.xlsx,
prices,CPI,Base : 1986-87 = 100      CPI - Agricultural Labourer : All India General Index,2003-06-01,All India,5.095541401274,percent YoY inflation,monthly,Consumer Price Index - Annual Variation.xlsx,
prices,CPI,Base : 1986-87 = 100      CPI - Agricultural Labourer : All India General Index,2003-07-01,All India,4.746835443038,percent YoY inflation,monthly,Consumer Price Index - Annual Variation.xlsx,
prices,CPI,Base : 1986-87 = 100      CPI - Agricultural Labourer : All India General Index,2003-08-01,All India,3.761755485893,percent YoY inflation,monthly,Consumer Price Index - Annual Variation.xlsx,
prices,CPI,Base : 1986-87 = 100      CPI - Agricultural Labourer : All India General Index,2003-09-01,All India,3.426791277259,percent YoY inflation,monthly,Consumer Price Index - Annual Variation.xlsx,
prices,CPI,Base : 1986-87 = 100      CPI - Agricultural Labourer : All India General Index,2003-10-01,All India,3.416149068323,percent YoY inflation,monthly,Consumer Price Index - Annual Variation.xlsx,
prices,CPI,Base : 1986-87 = 100      CPI - Agricultural Labourer : All India General Index,2003-11-01,All India,3.095975232198,percent YoY inflation,monthly,Consumer Price Index - Annual Variation.xlsx,
prices,CPI,Base : 1986-87 = 100      CPI - Agricultural Labourer : All India General Index,2003-12-01,All India,3.426791277259,percent YoY inflation,monthly,Consumer Price Index - Annual Variation.xlsx,
prices,CPI,Base : 1986-87 = 100      CPI - Agricultural Labourer : All India General Index,2004-01-01,All India,3.75,percent YoY inflation,monthly,Consumer Price Index - Annual Variation.xlsx,
prices,CPI,Base : 1986-87 = 100      CPI - Agricultural Labourer : All India General Index,2004-02-01,All India,3.105590062112,percent YoY inflation,monthly,Consumer Price Index - Annual Variation.xlsx,
prices,CPI,Base : 1986-87 = 100      CPI - Agricultural Labourer : All India General Index,2004-03-01,All India,2.469135802469,percent YoY inflation,monthly,Consumer Price Index - Annual Variation.xlsx,
prices,CPI,Base : 1986-87 = 100      CPI - Agricultural Labourer : All India General Index,2004-04-01,All India,1.533742331288,percent YoY inflation,monthly,Consumer Price Index - Annual Variation.xlsx,
prices,CPI,Base : 1986-87 = 100      CPI - Agricultural Labourer : All India General Index,2004-05-01,All India,1.834862385321,percent YoY inflation,monthly,Consumer Price Index - Annual Variation.xlsx,
prices,CPI,Base : 1986-87 = 100      CPI - Agricultural Labourer : All India General Index,2004-06-01,All India,1.818181818182,percent YoY inflation,monthly,Consumer Price Index - Annual Variation.xlsx,
prices,CPI,Base : 1986-87 = 100      CPI - Agricultural Labourer : All India General Index,2004-07-01,All India,2.114803625378,percent YoY inflation,monthly,Consumer Price Index - Annual Variation.xlsx,
prices,CPI,Base : 1986-87 = 100      CPI - Agricultural Labourer : All India General Index,2004-08-01,All India,3.021148036254,percent YoY inflation,monthly,Consumer Price Index - Annual Variation.xlsx,
prices,CPI,Base : 1986-87 = 100      CPI - Agricultural Labourer : All India General Index,2004-09-01,All India,3.313253012048,percent YoY inflation,monthly,Consumer Price Index - Annual Variation.xlsx,
prices,CPI,Base : 1986-87 = 100      CPI - Agricultural Labourer : All India General Index,2004-10-01,All India,3.603603603604,percent YoY inflation,monthly,Consumer Price Index - Annual Variation.xlsx,
prices,CPI,Base : 1986-87 = 100      CPI - Agricultural Labourer : All India General Index,2004-11-01,All India,3.303303303303,percent YoY inflation,monthly,Consumer Price Index - Annual Variation.xlsx,
prices,CPI,Base : 1986-87 = 100      CPI - Agricultural Labourer : All India General Index,2004-12-01,All India,3.012048192771,percent YoY inflation,monthly,Consumer Price Index - Annual Variation.xlsx,
prices,CPI,Base : 1986-87 = 100      CPI - Agricultural Labourer : All India General Index,2005-01-01,All India,2.710843373494,percent YoY inflation,monthly,Consumer Price Index - Annual Variation.xlsx,
prices,CPI,Base : 1986-87 = 100      CPI - Agricultural Labourer : All India General Index,2005-02-01,All India,2.409638554217,percent YoY inflation,monthly,Consumer Price Index - Annual Variation.xlsx,
prices,CPI,Base : 1986-87 = 100      CPI - Agricultural Labourer : All India General Index,2005-03-01,All India,2.409638554217,percent YoY inflation,monthly,Consumer Price Index - Annual Variation.xlsx,
prices,CPI,Base : 1986-87 = 100      CPI - Agricultural Labourer : All India General Index,2005-04-01,All India,3.021148036254,percent YoY inflation,monthly,Consumer Price Index - Annual Variation.xlsx,
prices,CPI,Base : 1986-87 = 100      CPI - Agricultural Labourer : All India General Index,2005-05-01,All India,3.003003003003,percent YoY inflation,monthly,Consumer Price Index - Annual Variation.xlsx,
prices,CPI,Base : 1986-87 = 100      CPI - Agricultural Labourer : All India General Index,2005-06-01,All India,2.678571428571,percent YoY inflation,monthly,Consumer Price Index - Annual Variation.xlsx,
prices,CPI,Base : 1986-87 = 100      CPI - Agricultural Labourer : All India General Index,2005-07-01,All India,3.550295857988,percent YoY inflation,monthly,Consumer Price Index - Annual Variation.xlsx,
prices,CPI,Base : 1986-87 = 100      CPI - Agricultural Labourer : All India General Index,2005-08-01,All India,3.225806451613,percent YoY inflation,monthly,Consumer Price Index - Annual Variation.xlsx,
prices,CPI,Base : 1986-87 = 100      CPI - Agricultural Labourer : All India General Index,2005-09-01,All India,3.206997084548,percent YoY inflation,monthly,Consumer Price Index - Annual Variation.xlsx,
prices,CPI,Base : 1986-87 = 100      CPI - Agricultural Labourer : All India General Index,2005-10-01,All India,3.188405797101,percent YoY inflation,monthly,Consumer Price Index - Annual Variation.xlsx,
prices,CPI,Base : 1986-87 = 100      CPI - Agricultural Labourer : All India General Index,2005-11-01,All India,4.651162790698,percent YoY inflation,monthly,Consumer Price Index - Annual Variation.xlsx,
prices,CPI,Base : 1986-87 = 100      CPI - Agricultural Labourer : All India General Index,2005-12-01,All India,4.678362573099,percent YoY inflation,monthly,Consumer Price Index - Annual Variation.xlsx,
prices,CPI,Base : 1986-87 = 100      CPI - Agricultural Labourer : All India General Index,2006-01-01,All India,4.692082111437,percent YoY inflation,monthly,Consumer Price Index - Annual Variation.xlsx,
prices,CPI,Base : 1986-87 = 100      CPI - Agricultural Labourer : All India General Index,2006-02-01,All India,5.0,percent YoY inflation,monthly,Consumer Price Index - Annual Variation.xlsx,
prices,CPI,Base : 1986-87 = 100      CPI - Agricultural Labourer : All India General Index,2006-03-01,All India,5.294117647059,percent YoY inflation,monthly,Consumer Price Index - Annual Variation.xlsx,
prices,CPI,Base : 1986-87 = 100      CPI - Agricultural Labourer : All India General Index,2006-04-01,All India,5.571847507331,percent YoY inflation,monthly,Consumer Price Index - Annual Variation.xlsx,
prices,CPI,Base : 1986-87 = 100      CPI - Agricultural Labourer : All India General Index,2006-05-01,All India,6.413994169096,percent YoY inflation,monthly,Consumer Price Index - Annual Variation.xlsx,
prices,CPI,Base : 1986-87 = 100      CPI - Agricultural Labourer : All India General Index,2006-06-01,All India,7.246376811594,percent YoY inflation,monthly,Consumer Price Index - Annual Variation.xlsx,
prices,CPI,Base : 1986-87 = 100      CPI - Agricultural Labourer : All India General Index,2006-07-01,All India,6.285714285714,percent YoY inflation,monthly,Consumer Price Index - Annual Variation.xlsx,
prices,CPI,Base : 1986-87 = 100      CPI - Agricultural Labourer : All India General Index,2006-08-01,All India,6.534090909091,percent YoY inflation,monthly,Consumer Price Index - Annual Variation.xlsx,
prices,CPI,Base : 1986-87 = 100      CPI - Agricultural Labourer : All India General Index,2006-09-01,All India,7.344632768362,percent YoY inflation,monthly,Consumer Price Index - Annual Variation.xlsx,
prices,CPI,Base : 1986-87 = 100      CPI - Agricultural Labourer : All India General Index,2006-10-01,All India,8.426966292135,percent YoY inflation,monthly,Consumer Price Index - Annual Variation.xlsx,
prices,CPI,Base : 1986-87 = 100      CPI - Agricultural Labourer : All India General Index,2006-11-01,All India,8.333333333333,percent YoY inflation,monthly,Consumer Price Index - Annual Variation.xlsx,
prices,CPI,Base : 1986-87 = 100      CPI - Agricultural Labourer : All India General Index,2006-12-01,All India,8.938547486034,percent YoY inflation,monthly,Consumer Price Index - Annual Variation.xlsx,
prices,CPI,Base : 1986-87 = 100      CPI - Agricultural Labourer : All India General Index,2007-01-01,All India,9.52380952381,percent YoY inflation,monthly,Consumer Price Index - Annual Variation.xlsx,
prices,CPI,Base : 1986-87 = 100      CPI - Agricultural Labourer : All India General Index,2007-02-01,All India,9.803921568627,percent YoY inflation,monthly,Consumer Price Index - Annual Variation.xlsx,
prices,CPI,Base : 1986-87 = 100      CPI - Agricultural Labourer : All India General Index,2007-03-01,All India,9.497206703911,percent YoY inflation,monthly,Consumer Price Index - Annual Variation.xlsx,
prices,CPI,Base : 1986-87 = 100      CPI - Agricultural Labourer : All India General Index,2007-04-01,All India,9.444444444444,percent YoY inflation,monthly,Consumer Price Index - Annual Variation.xlsx,
prices,CPI,Base : 1986-87 = 100      CPI - Agricultural Labourer : All India General Index,2007-05-01,All India,8.219178082192,percent YoY inflation,monthly,Consumer Price Index - Annual Variation.xlsx,
prices,CPI,Base : 1986-87 = 100      CPI - Agricultural Labourer : All India General Index,2007-06-01,All India,7.837837837838,percent YoY inflation,monthly,Consumer Price Index - Annual Variation.xlsx,
prices,CPI,Base : 1986-87 = 100      CPI - Agricultural Labourer : All India General Index,2007-07-01,All India,8.602150537634,percent YoY inflation,monthly,Consumer Price Index - Annual Variation.xlsx,
prices,CPI,Base : 1986-87 = 100      CPI - Agricultural Labourer : All India General Index,2007-08-01,All India,8.8,percent YoY inflation,monthly,Consumer Price Index - Annual Variation.xlsx,
prices,CPI,Base : 1986-87 = 100      CPI - Agricultural Labourer : All India General Index,2007-09-01,All India,7.894736842105,percent YoY inflation,monthly,Consumer Price Index - Annual Variation.xlsx,
prices,CPI,Base : 1986-87 = 100      CPI - Agricultural Labourer : All India General Index,2007-10-01,All India,6.99481865285,percent YoY inflation,monthly,Consumer Price Index - Annual Variation.xlsx,
prices,CPI,Base : 1986-87 = 100      CPI - Agricultural Labourer : All India General Index,2007-11-01,All India,6.153846153846,percent YoY inflation,monthly,Consumer Price Index - Annual Variation.xlsx,
prices,CPI,Base : 1986-87 = 100      CPI - Agricultural Labourer : All India General Index,2007-12-01,All India,5.897435897436,percent YoY inflation,monthly,Consumer Price Index - Annual Variation.xlsx,
prices,CPI,Base : 1986-87 = 100      CPI - Agricultural Labourer : All India General Index,2008-01-01,All India,5.626598465473,percent YoY inflation,monthly,Consumer Price Index - Annual Variation.xlsx,
prices,CPI,Base : 1986-87 = 100      CPI - Agricultural Labourer : All India General Index,2008-02-01,All India,6.377551020408,percent YoY inflation,monthly,Consumer Price Index - Annual Variation.xlsx,
prices,CPI,Base : 1986-87 = 100      CPI - Agricultural Labourer : All India General Index,2008-03-01,All India,7.908163265306,percent YoY inflation,monthly,Consumer Price Index - Annual Variation.xlsx,
prices,CPI,Base : 1986-87 = 100      CPI - Agricultural Labourer : All India General Index,2008-04-01,All India,8.883248730964,percent YoY inflation,monthly,Consumer Price Index - Annual Variation.xlsx,
prices,CPI,Base : 1986-87 = 100      CPI - Agricultural Labourer : All India General Index,2008-05-01,All India,9.113924050633,percent YoY inflation,monthly,Consumer Price Index - Annual Variation.xlsx,
prices,CPI,Base : 1986-87 = 100      CPI - Agricultural Labourer : All India General Index,2008-06-01,All India,8.771929824561,percent YoY inflation,monthly,Consumer Price Index - Annual Variation.xlsx,
prices,CPI,Base : 1986-87 = 100      CPI - Agricultural Labourer : All India General Index,2008-07-01,All India,9.405940594059,percent YoY inflation,monthly,Consumer Price Index - Annual Variation.xlsx,
prices,CPI,Base : 1986-87 = 100      CPI - Agricultural Labourer : All India General Index,2008-08-01,All India,10.294117647059,percent YoY inflation,monthly,Consumer Price Index - Annual Variation.xlsx,
prices,CPI,Base : 1986-87 = 100      CPI - Agricultural Labourer : All India General Index,2008-09-01,All India,10.975609756098,percent YoY inflation,monthly,Consumer Price Index - Annual Variation.xlsx,
prices,CPI,Base : 1986-87 = 100      CPI - Agricultural Labourer : All India General Index,2008-10-01,All India,11.138014527845,percent YoY inflation,monthly,Consumer Price Index - Annual Variation.xlsx,
prices,CPI,Base : 1986-87 = 100      CPI - Agricultural Labourer : All India General Index,2008-11-01,All India,11.111111111111,percent YoY inflation,monthly,Consumer Price Index - Annual Variation.xlsx,
prices,CPI,Base : 1986-87 = 100      CPI - Agricultural Labourer : All India General Index,2008-12-01,All India,11.138014527845,percent YoY inflation,monthly,Consumer Price Index - Annual Variation.xlsx,
prices,CPI,Base : 1986-87 = 100      CPI - Agricultural Labourer : All India General Index,2009-01-01,All India,11.622276029056,percent YoY inflation,monthly,Consumer Price Index - Annual Variation.xlsx,
prices,CPI,Base : 1986-87 = 100      CPI - Agricultural Labourer : All India General Index,2009-02-01,All India,10.791366906475,percent YoY inflation,monthly,Consumer Price Index - Annual Variation.xlsx,
prices,CPI,Base : 1986-87 = 100      CPI - Agricultural Labourer : All India General Index,2009-03-01,All India,9.456264775414,percent YoY inflation,monthly,Consumer Price Index - Annual Variation.xlsx,
prices,CPI,Base : 1986-87 = 100      CPI - Agricultural Labourer : All India General Index,2009-04-01,All India,9.090909090909,percent YoY inflation,monthly,Consumer Price Index - Annual Variation.xlsx,
prices,CPI,Base : 1986-87 = 100      CPI - Agricultural Labourer : All India General Index,2009-05-01,All India,10.208816705336,percent YoY inflation,monthly,Consumer Price Index - Annual Variation.xlsx,
prices,CPI,Base : 1986-87 = 100      CPI - Agricultural Labourer : All India General Index,2009-06-01,All India,11.520737327189,percent YoY inflation,monthly,Consumer Price Index - Annual Variation.xlsx,
prices,CPI,Base : 1986-87 = 100      CPI - Agricultural Labourer : All India General Index,2009-07-01,All India,12.89592760181,percent YoY inflation,monthly,Consumer Price Index - Annual Variation.xlsx,
prices,CPI,Base : 1986-87 = 100      CPI - Agricultural Labourer : All India General Index,2009-08-01,All India,12.888888888889,percent YoY inflation,monthly,Consumer Price Index - Annual Variation.xlsx,
prices,CPI,Base : 1986-87 = 100      CPI - Agricultural Labourer : All India General Index,2009-09-01,All India,13.186813186813,percent YoY inflation,monthly,Consumer Price Index - Annual Variation.xlsx,
prices,CPI,Base : 1986-87 = 100      CPI - Agricultural Labourer : All India General Index,2009-10-01,All India,13.725490196078,percent YoY inflation,monthly,Consumer Price Index - Annual Variation.xlsx,
prices,CPI,Base : 1986-87 = 100      CPI - Agricultural Labourer : All India General Index,2009-11-01,All India,15.652173913043,percent YoY inflation,monthly,Consumer Price Index - Annual Variation.xlsx,
prices,CPI,Base : 1986-87 = 100      CPI - Agricultural Labourer : All India General Index,2009-12-01,All India,17.211328976035,percent YoY inflation,monthly,Consumer Price Index - Annual Variation.xlsx,
prices,CPI,Base : 1986-87 = 100      CPI - Agricultural Labourer : All India General Index,2010-01-01,All India,17.570498915401,percent YoY inflation,monthly,Consumer Price Index - Annual Variation.xlsx,
prices,CPI,Base : 1986-87 = 100      CPI - Agricultural Labourer : All India General Index,2010-02-01,All India,16.450216450216,percent YoY inflation,monthly,Consumer Price Index - Annual Variation.xlsx,
prices,CPI,Base : 1986-87 = 100      CPI - Agricultural Labourer : All India General Index,2010-03-01,All India,15.766738660907,percent YoY inflation,monthly,Consumer Price Index - Annual Variation.xlsx,
prices,CPI,Base : 1986-87 = 100      CPI - Agricultural Labourer : All India General Index,2010-04-01,All India,14.957264957265,percent YoY inflation,monthly,Consumer Price Index - Annual Variation.xlsx,
prices,CPI,Base : 1986-87 = 100      CPI - Agricultural Labourer : All India General Index,2010-05-01,All India,13.684210526316,percent YoY inflation,monthly,Consumer Price Index - Annual Variation.xlsx,
prices,CPI,Base : 1986-87 = 100      CPI - Agricultural Labourer : All India General Index,2010-06-01,All India,13.01652892562,percent YoY inflation,monthly,Consumer Price Index - Annual Variation.xlsx,
prices,CPI,Base : 1986-87 = 100      CPI - Agricultural Labourer : All India General Index,2010-07-01,All India,11.022044088176,percent YoY inflation,monthly,Consumer Price Index - Annual Variation.xlsx,
prices,CPI,Base : 1986-87 = 100      CPI - Agricultural Labourer : All India General Index,2010-08-01,All India,9.645669291339,percent YoY inflation,monthly,Consumer Price Index - Annual Variation.xlsx,
prices,CPI,Base : 1986-87 = 100      CPI - Agricultural Labourer : All India General Index,2010-09-01,All India,9.126213592233,percent YoY inflation,monthly,Consumer Price Index - Annual Variation.xlsx,
prices,CPI,Base : 1986-87 = 100      CPI - Agricultural Labourer : All India General Index,2010-10-01,All India,8.429118773946,percent YoY inflation,monthly,Consumer Price Index - Annual Variation.xlsx,
prices,CPI,Base : 1986-87 = 100      CPI - Agricultural Labourer : All India General Index,2010-11-01,All India,7.142857142857,percent YoY inflation,monthly,Consumer Price Index - Annual Variation.xlsx,
prices,CPI,Base : 1986-87 = 100      CPI - Agricultural Labourer : All India General Index,2010-12-01,All India,7.992565055762,percent YoY inflation,monthly,Consumer Price Index - Annual Variation.xlsx,
prices,CPI,Base : 1986-87 = 100      CPI - Agricultural Labourer : All India General Index,2011-01-01,All India,8.671586715867,percent YoY inflation,monthly,Consumer Price Index - Annual Variation.xlsx,
prices,CPI,Base : 1986-87 = 100      CPI - Agricultural Labourer : All India General Index,2011-02-01,All India,8.550185873606,percent YoY inflation,monthly,Consumer Price Index - Annual Variation.xlsx,
prices,CPI,Base : 1986-87 = 100      CPI - Agricultural Labourer : All India General Index,2011-03-01,All India,9.141791044776,percent YoY inflation,monthly,Consumer Price Index - Annual Variation.xlsx,
prices,CPI,Base : 1986-87 = 100      CPI - Agricultural Labourer : All India General Index,2011-04-01,All India,9.10780669145,percent YoY inflation,monthly,Consumer Price Index - Annual Variation.xlsx,
prices,CPI,Base : 1986-87 = 100      CPI - Agricultural Labourer : All India General Index,2011-05-01,All India,9.62962962963,percent YoY inflation,monthly,Consumer Price Index - Annual Variation.xlsx,
prices,CPI,Base : 1986-87 = 100      CPI - Agricultural Labourer : All India General Index,2011-06-01,All India,9.323583180987,percent YoY inflation,monthly,Consumer Price Index - Annual Variation.xlsx,
prices,CPI,Base : 1986-87 = 100      CPI - Agricultural Labourer : All India General Index,2011-07-01,All India,9.025270758123,percent YoY inflation,monthly,Consumer Price Index - Annual Variation.xlsx,
prices,CPI,Base : 1986-87 = 100      CPI - Agricultural Labourer : All India General Index,2011-08-01,All India,9.51526032316,percent YoY inflation,monthly,Consumer Price Index - Annual Variation.xlsx,
prices,CPI,Base : 1986-87 = 100      CPI - Agricultural Labourer : All India General Index,2011-09-01,All India,9.430604982206,percent YoY inflation,monthly,Consumer Price Index - Annual Variation.xlsx,
prices,CPI,Base : 1986-87 = 100      CPI - Agricultural Labourer : All India General Index,2011-10-01,All India,9.363957597173,percent YoY inflation,monthly,Consumer Price Index - Annual Variation.xlsx,
prices,CPI,Base : 1986-87 = 100      CPI - Agricultural Labourer : All India General Index,2011-11-01,All India,8.947368421053,percent YoY inflation,monthly,Consumer Price Index - Annual Variation.xlsx,
prices,CPI,Base : 1986-87 = 100      CPI - Agricultural Labourer : All India General Index,2011-12-01,All India,6.368330464716,percent YoY inflation,monthly,Consumer Price Index - Annual Variation.xlsx,
prices,CPI,Base : 1986-87 = 100      CPI - Agricultural Labourer : All India General Index,2012-01-01,All India,4.923599320883,percent YoY inflation,monthly,Consumer Price Index - Annual Variation.xlsx,
prices,CPI,Base : 1986-87 = 100      CPI - Agricultural Labourer : All India General Index,2012-02-01,All India,6.335616438356,percent YoY inflation,monthly,Consumer Price Index - Annual Variation.xlsx,
prices,CPI,Base : 1986-87 = 100      CPI - Agricultural Labourer : All India General Index,2012-03-01,All India,6.837606837607,percent YoY inflation,monthly,Consumer Price Index - Annual Variation.xlsx,
prices,CPI,Base : 1986-87 = 100      CPI - Agricultural Labourer : All India General Index,2012-04-01,All India,7.836456558773,percent YoY inflation,monthly,Consumer Price Index - Annual Variation.xlsx,
prices,CPI,Base : 1986-87 = 100      CPI - Agricultural Labourer : All India General Index,2012-05-01,All India,7.77027027027,percent YoY inflation,monthly,Consumer Price Index - Annual Variation.xlsx,
prices,CPI,Base : 1986-87 = 100      CPI - Agricultural Labourer : All India General Index,2012-06-01,All India,8.026755852843,percent YoY inflation,monthly,Consumer Price Index - Annual Variation.xlsx,
prices,CPI,Base : 1986-87 = 100      CPI - Agricultural Labourer : All India General Index,2012-07-01,All India,8.609271523179,percent YoY inflation,monthly,Consumer Price Index - Annual Variation.xlsx,
prices,CPI,Base : 1986-87 = 100      CPI - Agricultural Labourer : All India General Index,2012-08-01,All India,9.180327868852,percent YoY inflation,monthly,Consumer Price Index - Annual Variation.xlsx,
prices,CPI,Base : 1986-87 = 100      CPI - Agricultural Labourer : All India General Index,2012-09-01,All India,9.430894308943,percent YoY inflation,monthly,Consumer Price Index - Annual Variation.xlsx,
prices,CPI,Base : 1986-87 = 100      CPI - Agricultural Labourer : All India General Index,2012-10-01,All India,9.854604200323,percent YoY inflation,monthly,Consumer Price Index - Annual Variation.xlsx,
prices,CPI,Base : 1986-87 = 100      CPI - Agricultural Labourer : All India General Index,2012-11-01,All India,10.305958132045,percent YoY inflation,monthly,Consumer Price Index - Annual Variation.xlsx,
prices,CPI,Base : 1986-87 = 100      CPI - Agricultural Labourer : All India General Index,2012-12-01,All India,11.326860841424,percent YoY inflation,monthly,Consumer Price Index - Annual Variation.xlsx,
prices,CPI,Base : 1986-87 = 100      CPI - Agricultural Labourer : All India General Index,2013-01-01,All India,12.297734627832,percent YoY inflation,monthly,Consumer Price Index - Annual Variation.xlsx,
prices,CPI,Base : 1986-87 = 100      CPI - Agricultural Labourer : All India General Index,2013-02-01,All India,12.721417069243,percent YoY inflation,monthly,Consumer Price Index - Annual Variation.xlsx,
prices,CPI,Base : 1986-87 = 100      CPI - Agricultural Labourer : All India General Index,2013-03-01,All India,12.64,percent YoY inflation,monthly,Consumer Price Index - Annual Variation.xlsx,
prices,CPI,Base : 1986-87 = 100      CPI - Agricultural Labourer : All India General Index,2013-04-01,All India,12.322274881517,percent YoY inflation,monthly,Consumer Price Index - Annual Variation.xlsx,
prices,CPI,Base : 1986-87 = 100      CPI - Agricultural Labourer : All India General Index,2013-05-01,All India,12.69592476489,percent YoY inflation,monthly,Consumer Price Index - Annual Variation.xlsx,
prices,CPI,Base : 1986-87 = 100      CPI - Agricultural Labourer : All India General Index,2013-06-01,All India,12.848297213622,percent YoY inflation,monthly,Consumer Price Index - Annual Variation.xlsx,
prices,CPI,Base : 1986-87 = 100      CPI - Agricultural Labourer : All India General Index,2013-07-01,All India,12.80487804878,percent YoY inflation,monthly,Consumer Price Index - Annual Variation.xlsx,
prices,CPI,Base : 1986-87 = 100      CPI - Agricultural Labourer : All India General Index,2013-08-01,All India,13.213213213213,percent YoY inflation,monthly,Consumer Price Index - Annual Variation.xlsx,
prices,CPI,Base : 1986-87 = 100      CPI - Agricultural Labourer : All India General Index,2013-09-01,All India,12.778603268945,percent YoY inflation,monthly,Consumer Price Index - Annual Variation.xlsx,
prices,CPI,Base : 1986-87 = 100      CPI - Agricultural Labourer : All India General Index,2013-10-01,All India,12.647058823529,percent YoY inflation,monthly,Consumer Price Index - Annual Variation.xlsx,
prices,CPI,Base : 1986-87 = 100      CPI - Agricultural Labourer : All India General Index,2013-11-01,All India,13.430656934307,percent YoY inflation,monthly,Consumer Price Index - Annual Variation.xlsx,
prices,CPI,Base : 1986-87 = 100      CPI - Agricultural Labourer : All India General Index,2013-12-01,All India,11.191860465116,percent YoY inflation,monthly,Consumer Price Index - Annual Variation.xlsx,
prices,CPI,Base : 1986-87 = 100      CPI - Agricultural Labourer : All India General Index,2014-01-01,All India,9.077809798271,percent YoY inflation,monthly,Consumer Price Index - Annual Variation.xlsx,
prices,CPI,Base : 1986-87 = 100      CPI - Agricultural Labourer : All India General Index,2014-02-01,All India,8.142857142857,percent YoY inflation,monthly,Consumer Price Index - Annual Variation.xlsx,
prices,CPI,Base : 1986-87 = 100      CPI - Agricultural Labourer : All India General Index,2014-03-01,All India,8.380681818182,percent YoY inflation,monthly,Consumer Price Index - Annual Variation.xlsx,
prices,CPI,Base : 1986-87 = 100      CPI - Agricultural Labourer : All India General Index,2014-04-01,All India,8.438818565401,percent YoY inflation,monthly,Consumer Price Index - Annual Variation.xlsx,
prices,CPI,Base : 1986-87 = 100      CPI - Agricultural Labourer : All India General Index,2014-05-01,All India,8.066759388039,percent YoY inflation,monthly,Consumer Price Index - Annual Variation.xlsx,
prices,CPI,Base : 1986-87 = 100      CPI - Agricultural Labourer : All India General Index,2014-06-01,All India,7.681755829904,percent YoY inflation,monthly,Consumer Price Index - Annual Variation.xlsx,
prices,CPI,Base : 1986-87 = 100      CPI - Agricultural Labourer : All India General Index,2014-07-01,All India,7.972972972973,percent YoY inflation,monthly,Consumer Price Index - Annual Variation.xlsx,
prices,CPI,Base : 1986-87 = 100      CPI - Agricultural Labourer : All India General Index,2014-08-01,All India,7.161803713528,percent YoY inflation,monthly,Consumer Price Index - Annual Variation.xlsx,
prices,CPI,Base : 1986-87 = 100      CPI - Agricultural Labourer : All India General Index,2014-09-01,All India,6.851119894598,percent YoY inflation,monthly,Consumer Price Index - Annual Variation.xlsx,
prices,CPI,Base : 1986-87 = 100      CPI - Agricultural Labourer : All India General Index,2014-10-01,All India,6.135770234987,percent YoY inflation,monthly,Consumer Price Index - Annual Variation.xlsx,
prices,CPI,Base : 1986-87 = 100      CPI - Agricultural Labourer : All India General Index,2014-11-01,All India,4.633204633205,percent YoY inflation,monthly,Consumer Price Index - Annual Variation.xlsx,
prices,CPI,Base : 1986-87 = 100      CPI - Agricultural Labourer : All India General Index,2014-12-01,All India,5.490196078431,percent YoY inflation,monthly,Consumer Price Index - Annual Variation.xlsx,
prices,CPI,Base : 1986-87 = 100      CPI - Agricultural Labourer : All India General Index,2015-01-01,All India,6.208718626156,percent YoY inflation,monthly,Consumer Price Index - Annual Variation.xlsx,
prices,CPI,Base : 1986-87 = 100      CPI - Agricultural Labourer : All India General Index,2015-02-01,All India,6.076618229855,percent YoY inflation,monthly,Consumer Price Index - Annual Variation.xlsx,
prices,CPI,Base : 1986-87 = 100      CPI - Agricultural Labourer : All India General Index,2015-03-01,All India,5.24246395806,percent YoY inflation,monthly,Consumer Price Index - Annual Variation.xlsx,
prices,CPI,Base : 1986-87 = 100      CPI - Agricultural Labourer : All India General Index,2015-04-01,All India,4.409857328145,percent YoY inflation,monthly,Consumer Price Index - Annual Variation.xlsx,
prices,CPI,Base : 1986-87 = 100      CPI - Agricultural Labourer : All India General Index,2015-05-01,All India,4.375804375804,percent YoY inflation,monthly,Consumer Price Index - Annual Variation.xlsx,
prices,CPI,Base : 1986-87 = 100      CPI - Agricultural Labourer : All India General Index,2015-06-01,All India,4.458598726115,percent YoY inflation,monthly,Consumer Price Index - Annual Variation.xlsx,
prices,CPI,Base : 1986-87 = 100      CPI - Agricultural Labourer : All India General Index,2015-07-01,All India,2.87859824781,percent YoY inflation,monthly,Consumer Price Index - Annual Variation.xlsx,
prices,CPI,Base : 1986-87 = 100      CPI - Agricultural Labourer : All India General Index,2015-08-01,All India,2.970297029703,percent YoY inflation,monthly,Consumer Price Index - Annual Variation.xlsx,
prices,CPI,Base : 1986-87 = 100      CPI - Agricultural Labourer : All India General Index,2015-09-01,All India,3.452527743527,percent YoY inflation,monthly,Consumer Price Index - Annual Variation.xlsx,
prices,CPI,Base : 1986-87 = 100      CPI - Agricultural Labourer : All India General Index,2015-10-01,All India,4.428044280443,percent YoY inflation,monthly,Consumer Price Index - Annual Variation.xlsx,
prices,CPI,Base : 1986-87 = 100      CPI - Agricultural Labourer : All India General Index,2015-11-01,All India,4.920049200492,percent YoY inflation,monthly,Consumer Price Index - Annual Variation.xlsx,
prices,CPI,Base : 1986-87 = 100      CPI - Agricultural Labourer : All India General Index,2015-12-01,All India,5.700123915737,percent YoY inflation,monthly,Consumer Price Index - Annual Variation.xlsx,
prices,CPI,Base : 1986-87 = 100      CPI - Agricultural Labourer : All India General Index,2016-01-01,All India,5.597014925373,percent YoY inflation,monthly,Consumer Price Index - Annual Variation.xlsx,
prices,CPI,Base : 1986-87 = 100      CPI - Agricultural Labourer : All India General Index,2016-02-01,All India,4.981320049813,percent YoY inflation,monthly,Consumer Price Index - Annual Variation.xlsx,
prices,CPI,Base : 1986-87 = 100      CPI - Agricultural Labourer : All India General Index,2016-03-01,All India,4.981320049813,percent YoY inflation,monthly,Consumer Price Index - Annual Variation.xlsx,
prices,CPI,Base : 1986-87 = 100      CPI - Agricultural Labourer : All India General Index,2016-04-01,All India,5.341614906832,percent YoY inflation,monthly,Consumer Price Index - Annual Variation.xlsx,
prices,CPI,Base : 1986-87 = 100      CPI - Agricultural Labourer : All India General Index,2016-05-01,All India,6.041923551171,percent YoY inflation,monthly,Consumer Price Index - Annual Variation.xlsx,
prices,CPI,Base : 1986-87 = 100      CPI - Agricultural Labourer : All India General Index,2016-06-01,All India,5.975609756098,percent YoY inflation,monthly,Consumer Price Index - Annual Variation.xlsx,
prices,CPI,Base : 1986-87 = 100      CPI - Agricultural Labourer : All India General Index,2016-07-01,All India,6.69099756691,percent YoY inflation,monthly,Consumer Price Index - Annual Variation.xlsx,
prices,CPI,Base : 1986-87 = 100      CPI - Agricultural Labourer : All India General Index,2016-08-01,All India,5.288461538462,percent YoY inflation,monthly,Consumer Price Index - Annual Variation.xlsx,
prices,CPI,Base : 1986-87 = 100      CPI - Agricultural Labourer : All India General Index,2016-09-01,All India,4.052443384982,percent YoY inflation,monthly,Consumer Price Index - Annual Variation.xlsx,
prices,CPI,Base : 1986-87 = 100      CPI - Agricultural Labourer : All India General Index,2016-10-01,All India,3.180212014134,percent YoY inflation,monthly,Consumer Price Index - Annual Variation.xlsx,
prices,CPI,Base : 1986-87 = 100      CPI - Agricultural Labourer : All India General Index,2016-11-01,All India,2.930832356389,percent YoY inflation,monthly,Consumer Price Index - Annual Variation.xlsx,
prices,CPI,Base : 1986-87 = 100      CPI - Agricultural Labourer : All India General Index,2016-12-01,All India,2.696365767878,percent YoY inflation,monthly,Consumer Price Index - Annual Variation.xlsx,
prices,CPI,Base : 1986-87 = 100      CPI - Agricultural Labourer : All India General Index,2017-01-01,All India,2.473498233216,percent YoY inflation,monthly,Consumer Price Index - Annual Variation.xlsx,
prices,CPI,Base : 1986-87 = 100      CPI - Agricultural Labourer : All India General Index,2017-02-01,All India,3.084223013049,percent YoY inflation,monthly,Consumer Price Index - Annual Variation.xlsx,
prices,CPI,Base : 1986-87 = 100      CPI - Agricultural Labourer : All India General Index,2017-03-01,All India,2.728351126928,percent YoY inflation,monthly,Consumer Price Index - Annual Variation.xlsx,
prices,CPI,Base : 1986-87 = 100      CPI - Agricultural Labourer : All India General Index,2017-04-01,All India,2.59434,percent YoY inflation,monthly,Consumer Price Index - Annual Variation.xlsx,
prices,CPI,Base : 1986-87 = 100      CPI - Agricultural Labourer : All India General Index,2017-05-01,All India,1.395349,percent YoY inflation,monthly,Consumer Price Index - Annual Variation.xlsx,
prices,CPI,Base : 1986-87 = 100      CPI - Agricultural Labourer : All India General Index,2017-06-01,All India,0.920598,percent YoY inflation,monthly,Consumer Price Index - Annual Variation.xlsx,
prices,CPI,Base : 1986-87 = 100      CPI - Agricultural Labourer : All India General Index,2017-07-01,All India,0.798176,percent YoY inflation,monthly,Consumer Price Index - Annual Variation.xlsx,
prices,CPI,Base : 1986-87 = 100      CPI - Agricultural Labourer : All India General Index,2017-08-01,All India,2.054795,percent YoY inflation,monthly,Consumer Price Index - Annual Variation.xlsx,
prices,CPI,Base : 1986-87 = 100      CPI - Agricultural Labourer : All India General Index,2017-09-01,All India,2.290951,percent YoY inflation,monthly,Consumer Price Index - Annual Variation.xlsx,
prices,CPI,Base : 1986-87 = 100      CPI - Agricultural Labourer : All India General Index,2017-10-01,All India,2.853881,percent YoY inflation,monthly,Consumer Price Index - Annual Variation.xlsx,
prices,CPI,Base : 1986-87 = 100      CPI - Agricultural Labourer : All India General Index,2017-11-01,All India,3.075171,percent YoY inflation,monthly,Consumer Price Index - Annual Variation.xlsx,
prices,CPI,Base : 1986-87 = 100      CPI - Agricultural Labourer : All India General Index,2017-12-01,All India,2.739726,percent YoY inflation,monthly,Consumer Price Index - Annual Variation.xlsx,
prices,CPI,Base : 1986-87 = 100      CPI - Agricultural Labourer : All India General Index,2018-04-01,All India,2.068966,percent YoY inflation,monthly,Consumer Price Index - Annual Variation.xlsx,
prices,CPI,Base : 1986-87 = 100      CPI - Agricultural Labourer : All India General Index,2018-05-01,All India,2.178899,percent YoY inflation,monthly,Consumer Price Index - Annual Variation.xlsx,
prices,CPI,Base : 1986-87 = 100      CPI - Agricultural Labourer : All India General Index,2018-06-01,All India,1.938426,percent YoY inflation,monthly,Consumer Price Index - Annual Variation.xlsx,
prices,CPI,Base : 1986-87 = 100      CPI - Agricultural Labourer : All India General Index,2018-07-01,All India,2.036199,percent YoY inflation,monthly,Consumer Price Index - Annual Variation.xlsx,
prices,CPI,Base : 1986-87 = 100      CPI - Agricultural Labourer : All India General Index,2018-08-01,All India,1.454139,percent YoY inflation,monthly,Consumer Price Index - Annual Variation.xlsx,
prices,CPI,Base : 1986-87 = 100      CPI - Agricultural Labourer : All India General Index,2018-09-01,All India,1.903695,percent YoY inflation,monthly,Consumer Price Index - Annual Variation.xlsx,
prices,CPI,Base : 1986-87 = 100      CPI - Agricultural Labourer : All India General Index,2018-10-01,All India,1.331853,percent YoY inflation,monthly,Consumer Price Index - Annual Variation.xlsx,
prices,CPI,Base : 1986-87 = 100      CPI - Agricultural Labourer : All India General Index,2018-11-01,All India,0.994475,percent YoY inflation,monthly,Consumer Price Index - Annual Variation.xlsx,
prices,CPI,Base : 1986-87 = 100      CPI - Agricultural Labourer : All India General Index,2018-12-01,All India,1.444444,percent YoY inflation,monthly,Consumer Price Index - Annual Variation.xlsx,
prices,CPI,Base : 1986-87 = 100      CPI - Agricultural Labourer : All India General Index,2019-01-01,All India,2.234637,percent YoY inflation,monthly,Consumer Price Index - Annual Variation.xlsx,
prices,CPI,Base : 1986-87 = 100      CPI - Agricultural Labourer : All India General Index,2019-02-01,All India,3.149606,percent YoY inflation,monthly,Consumer Price Index - Annual Variation.xlsx,
prices,CPI,Base : 1986-87 = 100      CPI - Agricultural Labourer : All India General Index,2019-03-01,All India,4.171364,percent YoY inflation,monthly,Consumer Price Index - Annual Variation.xlsx,
prices,CPI,Base : 1986-87 = 100      CPI - Agricultural Labourer : All India General Index,2019-04-01,All India,4.954955,percent YoY inflation,monthly,Consumer Price Index - Annual Variation.xlsx,
prices,CPI,Base : 1986-87 = 100      CPI - Agricultural Labourer : All India General Index,2019-05-01,All India,5.499439,percent YoY inflation,monthly,Consumer Price Index - Annual Variation.xlsx,
prices,CPI,Base : 1986-87 = 100      CPI - Agricultural Labourer : All India General Index,2019-06-01,All India,6.263982,percent YoY inflation,monthly,Consumer Price Index - Annual Variation.xlsx,
prices,CPI,Base : 1986-87 = 100      CPI - Agricultural Labourer : All India General Index,2019-07-01,All India,6.208426,percent YoY inflation,monthly,Consumer Price Index - Annual Variation.xlsx,
prices,CPI,Base : 1986-87 = 100      CPI - Agricultural Labourer : All India General Index,2019-08-01,All India,6.394708,percent YoY inflation,monthly,Consumer Price Index - Annual Variation.xlsx,
prices,CPI,Base : 1986-87 = 100      CPI - Agricultural Labourer : All India General Index,2019-09-01,All India,7.252747,percent YoY inflation,monthly,Consumer Price Index - Annual Variation.xlsx,
prices,CPI,Base : 1986-87 = 100      CPI - Agricultural Labourer : All India General Index,2019-10-01,All India,8.105148,percent YoY inflation,monthly,Consumer Price Index - Annual Variation.xlsx,
prices,CPI,Base : 1986-87 = 100      CPI - Agricultural Labourer : All India General Index,2019-11-01,All India,9.40919,percent YoY inflation,monthly,Consumer Price Index - Annual Variation.xlsx,
prices,CPI,Base : 1986-87 = 100      CPI - Agricultural Labourer : All India General Index,2019-12-01,All India,11.062432,percent YoY inflation,monthly,Consumer Price Index - Annual Variation.xlsx,
prices,CPI,Base : 1986-87 = 100      CPI - Agricultural Labourer : All India General Index,2020-01-01,All India,11.038251,percent YoY inflation,monthly,Consumer Price Index - Annual Variation.xlsx,
prices,CPI,Base : 1986-87 = 100      CPI - Agricultural Labourer : All India General Index,2020-02-01,All India,10.141767,percent YoY inflation,monthly,Consumer Price Index - Annual Variation.xlsx,
prices,CPI,Base : 1986-87 = 100      CPI - Agricultural Labourer : All India General Index,2020-03-01,All India,8.982684,percent YoY inflation,monthly,Consumer Price Index - Annual Variation.xlsx,
prices,CPI,Base : 1986-87 = 100      CPI - Agricultural Labourer : All India General Index,2020-04-01,All India,8.798283,percent YoY inflation,monthly,Consumer Price Index - Annual Variation.xlsx,
prices,CPI,Base : 1986-87 = 100      CPI - Agricultural Labourer : All India General Index,2020-05-01,All India,8.404255,percent YoY inflation,monthly,Consumer Price Index - Annual Variation.xlsx,
prices,CPI,Base : 1986-87 = 100      CPI - Agricultural Labourer : All India General Index,2020-06-01,All India,7.157895,percent YoY inflation,monthly,Consumer Price Index - Annual Variation.xlsx,
prices,CPI,Base : 1986-87 = 100      CPI - Agricultural Labourer : All India General Index,2020-07-01,All India,6.5762,percent YoY inflation,monthly,Consumer Price Index - Annual Variation.xlsx,
prices,CPI,Base : 1986-87 = 100      CPI - Agricultural Labourer : All India General Index,2020-08-01,All India,6.321244,percent YoY inflation,monthly,Consumer Price Index - Annual Variation.xlsx,
prices,CPI,Base : 1986-87 = 100      CPI - Agricultural Labourer : All India General Index,2020-09-01,All India,6.25,percent YoY inflation,monthly,Consumer Price Index - Annual Variation.xlsx,
prices,CPI,Base : 1986-87 = 100      CPI - Agricultural Labourer : All India General Index,2020-10-01,All India,6.585613,percent YoY inflation,monthly,Consumer Price Index - Annual Variation.xlsx,
prices,CPI,Base : 1986-87 = 100      CPI - Agricultural Labourer : All India General Index,2020-11-01,All India,6.0,percent YoY inflation,monthly,Consumer Price Index - Annual Variation.xlsx,
prices,CPI,Base : 1986-87 = 100      CPI - Agricultural Labourer : All India General Index,2020-12-01,All India,3.254438,percent YoY inflation,monthly,Consumer Price Index - Annual Variation.xlsx,
prices,CPI,Base : 1986-87 = 100      CPI - Agricultural Labourer : All India General Index,2021-01-01,All India,2.165354,percent YoY inflation,monthly,Consumer Price Index - Annual Variation.xlsx,
prices,CPI,Base : 1986-87 = 100      CPI - Agricultural Labourer : All India General Index,2021-02-01,All India,2.673267,percent YoY inflation,monthly,Consumer Price Index - Annual Variation.xlsx,
prices,CPI,Base : 1986-87 = 100      CPI - Agricultural Labourer : All India General Index,2021-03-01,All India,2.780536,percent YoY inflation,monthly,Consumer Price Index - Annual Variation.xlsx,
prices,CPI,Base : 1986-87 = 100      CPI - Agricultural Labourer : All India General Index,2021-04-01,All India,2.662722,percent YoY inflation,monthly,Consumer Price Index - Annual Variation.xlsx,
prices,CPI,Base : 1986-87 = 100      CPI - Agricultural Labourer : All India General Index,2021-05-01,All India,2.944063,percent YoY inflation,monthly,Consumer Price Index - Annual Variation.xlsx,
prices,CPI,Base : 1986-87 = 100      CPI - Agricultural Labourer : All India General Index,2021-06-01,All India,3.831041,percent YoY inflation,monthly,Consumer Price Index - Annual Variation.xlsx,
prices,CPI,Base : 1986-87 = 100      CPI - Agricultural Labourer : All India General Index,2021-07-01,All India,3.917728,percent YoY inflation,monthly,Consumer Price Index - Annual Variation.xlsx,
prices,CPI,Base : 1986-87 = 100      CPI - Agricultural Labourer : All India General Index,2021-08-01,All India,3.898635,percent YoY inflation,monthly,Consumer Price Index - Annual Variation.xlsx,
prices,CPI,Base : 1986-87 = 100      CPI - Agricultural Labourer : All India General Index,2021-09-01,All India,2.89296,percent YoY inflation,monthly,Consumer Price Index - Annual Variation.xlsx,
prices,CPI,Base : 1986-87 = 100      CPI - Agricultural Labourer : All India General Index,2021-10-01,All India,2.756654,percent YoY inflation,monthly,Consumer Price Index - Annual Variation.xlsx,
prices,CPI,Base : 1986-87 = 100      CPI - Agricultural Labourer : All India General Index,2021-11-01,All India,3.018868,percent YoY inflation,monthly,Consumer Price Index - Annual Variation.xlsx,
prices,CPI,Base : 1986-87 = 100      CPI - Agricultural Labourer : All India General Index,2021-12-01,All India,4.775549,percent YoY inflation,monthly,Consumer Price Index - Annual Variation.xlsx,
prices,CPI,Base : 1986-87 = 100      CPI - Agricultural Labourer : All India General Index,2022-01-01,All India,5.491329,percent YoY inflation,monthly,Consumer Price Index - Annual Variation.xlsx,
prices,CPI,Base : 1986-87 = 100      CPI - Agricultural Labourer : All India General Index,2022-02-01,All India,5.593057,percent YoY inflation,monthly,Consumer Price Index - Annual Variation.xlsx,
prices,CPI,Base : 1986-87 = 100      CPI - Agricultural Labourer : All India General Index,2022-03-01,All India,6.086957,percent YoY inflation,monthly,Consumer Price Index - Annual Variation.xlsx,
prices,CPI,Base : 1986-87 = 100      CPI - Agricultural Labourer : All India General Index,2022-04-01,All India,6.436119,percent YoY inflation,monthly,Consumer Price Index - Annual Variation.xlsx,
prices,CPI,Base : 1986-87 = 100      CPI - Agricultural Labourer : All India General Index,2022-05-01,All India,6.673022,percent YoY inflation,monthly,Consumer Price Index - Annual Variation.xlsx,
prices,CPI,Base : 1986-87 = 100      CPI - Agricultural Labourer : All India General Index,2022-06-01,All India,6.433302,percent YoY inflation,monthly,Consumer Price Index - Annual Variation.xlsx,
prices,CPI,Base : 1986-87 = 100      CPI - Agricultural Labourer : All India General Index,2022-07-01,All India,6.597549,percent YoY inflation,monthly,Consumer Price Index - Annual Variation.xlsx,
prices,CPI,Base : 1986-87 = 100      CPI - Agricultural Labourer : All India General Index,2022-08-01,All India,6.941839,percent YoY inflation,monthly,Consumer Price Index - Annual Variation.xlsx,
prices,CPI,Base : 1986-87 = 100      CPI - Agricultural Labourer : All India General Index,2022-09-01,All India,7.685098,percent YoY inflation,monthly,Consumer Price Index - Annual Variation.xlsx,
prices,CPI,Base : 1986-87 = 100      CPI - Agricultural Labourer : All India General Index,2022-10-01,All India,7.215541,percent YoY inflation,monthly,Consumer Price Index - Annual Variation.xlsx,
prices,CPI,Base : 1986-87 = 100      CPI - Agricultural Labourer : All India General Index,2022-11-01,All India,6.868132,percent YoY inflation,monthly,Consumer Price Index - Annual Variation.xlsx,
prices,CPI,Base : 1986-87 = 100      CPI - Agricultural Labourer : All India General Index,2022-12-01,All India,6.381039,percent YoY inflation,monthly,Consumer Price Index - Annual Variation.xlsx,
prices,CPI,Base : 1986-87 = 100      CPI - Agricultural Labourer : All India General Index,2023-01-01,All India,6.849315,percent YoY inflation,monthly,Consumer Price Index - Annual Variation.xlsx,
prices,CPI,Base : 1986-87 = 100      CPI - Agricultural Labourer : All India General Index,2023-02-01,All India,6.940639,percent YoY inflation,monthly,Consumer Price Index - Annual Variation.xlsx,
prices,CPI,Base : 1986-87 = 100      CPI - Agricultural Labourer : All India General Index,2023-03-01,All India,7.01275,percent YoY inflation,monthly,Consumer Price Index - Annual Variation.xlsx,
prices,CPI,Base : 1986-87 = 100      CPI - Agricultural Labourer : All India General Index,2023-04-01,All India,6.498195,percent YoY inflation,monthly,Consumer Price Index - Annual Variation.xlsx,
prices,CPI,Base : 1986-87 = 100      CPI - Agricultural Labourer : All India General Index,2023-05-01,All India,5.987489,percent YoY inflation,monthly,Consumer Price Index - Annual Variation.xlsx,
prices,CPI,Base : 1986-87 = 100      CPI - Agricultural Labourer : All India General Index,2023-06-01,All India,6.31111,percent YoY inflation,monthly,Consumer Price Index - Annual Variation.xlsx,
prices,CPI,Base : 1986-87 = 100      CPI - Agricultural Labourer : All India General Index,2023-07-01,All India,7.42706,percent YoY inflation,monthly,Consumer Price Index - Annual Variation.xlsx,
prices,CPI,Base : 1986-87 = 100      CPI - Agricultural Labourer : All India General Index,2023-08-01,All India,7.368421,percent YoY inflation,monthly,Consumer Price Index - Annual Variation.xlsx,
prices,CPI,Base : 1986-87 = 100      CPI - Agricultural Labourer : All India General Index,2023-09-01,All India,6.70148,percent YoY inflation,monthly,Consumer Price Index - Annual Variation.xlsx,
prices,CPI,Base : 1986-87 = 100      CPI - Agricultural Labourer : All India General Index,2023-10-01,All India,7.075065,percent YoY inflation,monthly,Consumer Price Index - Annual Variation.xlsx,
prices,CPI,Base : 1986-87 = 100      CPI - Agricultural Labourer : All India General Index,2023-11-01,All India,7.369323,percent YoY inflation,monthly,Consumer Price Index - Annual Variation.xlsx,
prices,CPI,Base : 1986-87 = 100      CPI - Agricultural Labourer : All India General Index,2023-12-01,All India,7.712082,percent YoY inflation,monthly,Consumer Price Index - Annual Variation.xlsx,
prices,CPI,Base : 1986-87 = 100      CPI - Agricultural Labourer : All India General Index,2024-01-01,All India,7.521368,percent YoY inflation,monthly,Consumer Price Index - Annual Variation.xlsx,
prices,CPI,Base : 1986-87 = 100      CPI - Agricultural Labourer : All India General Index,2024-02-01,All India,7.429547,percent YoY inflation,monthly,Consumer Price Index - Annual Variation.xlsx,
prices,CPI,Base : 1986-87 = 100      CPI - Agricultural Labourer : All India General Index,2024-03-01,All India,7.148936,percent YoY inflation,monthly,Consumer Price Index - Annual Variation.xlsx,
prices,CPI,Base : 1986-87 = 100      CPI - Agricultural Labourer : All India General Index,2024-04-01,All India,7.0339,percent YoY inflation,monthly,Consumer Price Index - Annual Variation.xlsx,
prices,CPI,Base : 1986-87 = 100      CPI - Agricultural Labourer : All India General Index,2024-05-01,All India,6.9983,percent YoY inflation,monthly,Consumer Price Index - Annual Variation.xlsx,
prices,CPI,Base : 1986-87 = 100      CPI - Agricultural Labourer : All India General Index,2024-06-01,All India,7.0234,percent YoY inflation,monthly,Consumer Price Index - Annual Variation.xlsx,
prices,CPI,Base : 1986-87 = 100      CPI - Agricultural Labourer : All India General Index,2024-07-01,All India,6.1728,percent YoY inflation,monthly,Consumer Price Index - Annual Variation.xlsx,
prices,CPI,Base : 1986-87 = 100      CPI - Agricultural Labourer : All India General Index,2024-08-01,All India,5.9641,percent YoY inflation,monthly,Consumer Price Index - Annual Variation.xlsx,
prices,CPI,Base : 1986-87 = 100      CPI - Agricultural Labourer : All India General Index,2024-09-01,All India,6.3622,percent YoY inflation,monthly,Consumer Price Index - Annual Variation.xlsx,
prices,CPI,Base : 1986-87 = 100      CPI - Agricultural Labourer : All India General Index,2024-10-01,All India,5.9629,percent YoY inflation,monthly,Consumer Price Index - Annual Variation.xlsx,
prices,CPI,Base : 1986-87 = 100      CPI - Agricultural Labourer : All India General Index,2024-11-01,All India,5.3472,percent YoY inflation,monthly,Consumer Price Index - Annual Variation.xlsx,
prices,CPI,Base : 1986-87 = 100      CPI - Agricultural Labourer : All India General Index,2024-12-01,All India,5.0119,percent YoY inflation,monthly,Consumer Price Index - Annual Variation.xlsx,
prices,CPI,Base : 1986-87 = 100      CPI - Agricultural Labourer : All India General Index,2025-01-01,All India,4.6105,percent YoY inflation,monthly,Consumer Price Index - Annual Variation.xlsx,
prices,CPI,Base : 1986-87 = 100      CPI - Agricultural Labourer : All India General Index,2025-02-01,All India,4.0541,percent YoY inflation,monthly,Consumer Price Index - Annual Variation.xlsx,
prices,CPI,Base : 1986-87 = 100      CPI - Agricultural Labourer : All India General Index,2025-03-01,All India,3.7331,percent YoY inflation,monthly,Consumer Price Index - Annual Variation.xlsx,
prices,CPI,Base : 1986-87 = 100      CPI - Agricultural Labourer : All India General Index,2025-04-01,All India,3.4838,percent YoY inflation,monthly,Consumer Price Index - Annual Variation.xlsx,
prices,CPI,Base : 1986-87 = 100      CPI - Agricultural Labourer : All India General Index,2025-05-01,All India,2.8369,percent YoY inflation,monthly,Consumer Price Index - Annual Variation.xlsx,
prices,CPI,Base : 2001 = 100      CPI - Industrial Worker : All India-Food Group,2007-01-01,All India,7.563025210084,percent YoY inflation,monthly,Consumer Price Index - Annual Variation.xlsx,
prices,CPI,Base : 2001 = 100      CPI - Industrial Worker : All India-Food Group,2007-02-01,All India,8.403361344538,percent YoY inflation,monthly,Consumer Price Index - Annual Variation.xlsx,
prices,CPI,Base : 2001 = 100      CPI - Industrial Worker : All India-Food Group,2007-03-01,All India,8.403361344538,percent YoY inflation,monthly,Consumer Price Index - Annual Variation.xlsx,
prices,CPI,Base : 2001 = 100      CPI - Industrial Worker : All India-Food Group,2007-04-01,All India,11.111111111111,percent YoY inflation,monthly,Consumer Price Index - Annual Variation.xlsx,
prices,CPI,Base : 2001 = 100      CPI - Industrial Worker : All India-Food Group,2007-05-01,All India,9.166666666667,percent YoY inflation,monthly,Consumer Price Index - Annual Variation.xlsx,
prices,CPI,Base : 2001 = 100      CPI - Industrial Worker : All India-Food Group,2007-06-01,All India,8.130081300813,percent YoY inflation,monthly,Consumer Price Index - Annual Variation.xlsx,
prices,CPI,Base : 2001 = 100      CPI - Industrial Worker : All India-Food Group,2007-07-01,All India,10.569105691057,percent YoY inflation,monthly,Consumer Price Index - Annual Variation.xlsx,
prices,CPI,Base : 2001 = 100      CPI - Industrial Worker : All India-Food Group,2007-08-01,All India,9.6,percent YoY inflation,monthly,Consumer Price Index - Annual Variation.xlsx,
prices,CPI,Base : 2001 = 100      CPI - Industrial Worker : All India-Food Group,2007-09-01,All India,8.730158730159,percent YoY inflation,monthly,Consumer Price Index - Annual Variation.xlsx,
prices,CPI,Base : 2001 = 100      CPI - Industrial Worker : All India-Food Group,2007-10-01,All India,7.751937984496,percent YoY inflation,monthly,Consumer Price Index - Annual Variation.xlsx,
prices,CPI,Base : 2001 = 100      CPI - Industrial Worker : All India-Food Group,2007-11-01,All India,6.976744186047,percent YoY inflation,monthly,Consumer Price Index - Annual Variation.xlsx,
prices,CPI,Base : 2001 = 100      CPI - Industrial Worker : All India-Food Group,2007-12-01,All India,6.201550387597,percent YoY inflation,monthly,Consumer Price Index - Annual Variation.xlsx,
prices,CPI,Base : 2001 = 100      CPI - Industrial Worker : All India-Food Group,2008-01-01,All India,7.03125,percent YoY inflation,monthly,Consumer Price Index - Annual Variation.xlsx,
prices,CPI,Base : 2001 = 100      CPI - Industrial Worker : All India-Food Group,2008-02-01,All India,6.976744186047,percent YoY inflation,monthly,Consumer Price Index - Annual Variation.xlsx,
prices,CPI,Base : 2001 = 100      CPI - Industrial Worker : All India-Food Group,2008-03-01,All India,9.302325581395,percent YoY inflation,monthly,Consumer Price Index - Annual Variation.xlsx,
prices,CPI,Base : 2001 = 100      CPI - Industrial Worker : All India-Food Group,2008-04-01,All India,10.769230769231,percent YoY inflation,monthly,Consumer Price Index - Annual Variation.xlsx,
prices,CPI,Base : 2001 = 100      CPI - Industrial Worker : All India-Food Group,2008-05-01,All India,10.687022900763,percent YoY inflation,monthly,Consumer Price Index - Annual Variation.xlsx,
prices,CPI,Base : 2001 = 100      CPI - Industrial Worker : All India-Food Group,2008-06-01,All India,10.526315789474,percent YoY inflation,monthly,Consumer Price Index - Annual Variation.xlsx,
prices,CPI,Base : 2001 = 100      CPI - Industrial Worker : All India-Food Group,2008-07-01,All India,10.294117647059,percent YoY inflation,monthly,Consumer Price Index - Annual Variation.xlsx,
prices,CPI,Base : 2001 = 100      CPI - Industrial Worker : All India-Food Group,2008-08-01,All India,11.678832116788,percent YoY inflation,monthly,Consumer Price Index - Annual Variation.xlsx,
prices,CPI,Base : 2001 = 100      CPI - Industrial Worker : All India-Food Group,2008-09-01,All India,13.138686131387,percent YoY inflation,monthly,Consumer Price Index - Annual Variation.xlsx,
prices,CPI,Base : 2001 = 100      CPI - Industrial Worker : All India-Food Group,2008-10-01,All India,14.388489208633,percent YoY inflation,monthly,Consumer Price Index - Annual Variation.xlsx,
prices,CPI,Base : 2001 = 100      CPI - Industrial Worker : All India-Food Group,2008-11-01,All India,15.217391304348,percent YoY inflation,monthly,Consumer Price Index - Annual Variation.xlsx,
prices,CPI,Base : 2001 = 100      CPI - Industrial Worker : All India-Food Group,2008-12-01,All India,13.138686131387,percent YoY inflation,monthly,Consumer Price Index - Annual Variation.xlsx,
prices,CPI,Base : 2001 = 100      CPI - Industrial Worker : All India-Food Group,2009-01-01,All India,13.868613138686,percent YoY inflation,monthly,Consumer Price Index - Annual Variation.xlsx,
prices,CPI,Base : 2001 = 100      CPI - Industrial Worker : All India-Food Group,2009-02-01,All India,13.04347826087,percent YoY inflation,monthly,Consumer Price Index - Annual Variation.xlsx,
prices,CPI,Base : 2001 = 100      CPI - Industrial Worker : All India-Food Group,2009-03-01,All India,10.63829787234,percent YoY inflation,monthly,Consumer Price Index - Annual Variation.xlsx,
prices,CPI,Base : 2001 = 100      CPI - Industrial Worker : All India-Food Group,2009-04-01,All India,10.416666666667,percent YoY inflation,monthly,Consumer Price Index - Annual Variation.xlsx,
prices,CPI,Base : 2001 = 100      CPI - Industrial Worker : All India-Food Group,2009-05-01,All India,11.724137931034,percent YoY inflation,monthly,Consumer Price Index - Annual Variation.xlsx,
prices,CPI,Base : 2001 = 100      CPI - Industrial Worker : All India-Food Group,2009-06-01,All India,12.244897959184,percent YoY inflation,monthly,Consumer Price Index - Annual Variation.xlsx,
prices,CPI,Base : 2001 = 100      CPI - Industrial Worker : All India-Food Group,2009-07-01,All India,14.666666666667,percent YoY inflation,monthly,Consumer Price Index - Annual Variation.xlsx,
prices,CPI,Base : 2001 = 100      CPI - Industrial Worker : All India-Food Group,2009-08-01,All India,13.725490196078,percent YoY inflation,monthly,Consumer Price Index - Annual Variation.xlsx,
prices,CPI,Base : 2001 = 100      CPI - Industrial Worker : All India-Food Group,2009-09-01,All India,13.548387096774,percent YoY inflation,monthly,Consumer Price Index - Annual Variation.xlsx,
prices,CPI,Base : 2001 = 100      CPI - Industrial Worker : All India-Food Group,2009-10-01,All India,13.836477987421,percent YoY inflation,monthly,Consumer Price Index - Annual Variation.xlsx,
prices,CPI,Base : 2001 = 100      CPI - Industrial Worker : All India-Food Group,2009-11-01,All India,17.610062893082,percent YoY inflation,monthly,Consumer Price Index - Annual Variation.xlsx,
prices,CPI,Base : 2001 = 100      CPI - Industrial Worker : All India-Food Group,2009-12-01,All India,21.290322580645,percent YoY inflation,monthly,Consumer Price Index - Annual Variation.xlsx,
prices,CPI,Base : 2001 = 100      CPI - Industrial Worker : All India-Food Group,2010-01-01,All India,19.230769230769,percent YoY inflation,monthly,Consumer Price Index - Annual Variation.xlsx,
prices,CPI,Base : 2001 = 100      CPI - Industrial Worker : All India-Food Group,2010-02-01,All India,17.307692307692,percent YoY inflation,monthly,Consumer Price Index - Annual Variation.xlsx,
prices,CPI,Base : 2001 = 100      CPI - Industrial Worker : All India-Food Group,2010-03-01,All India,16.025641025641,percent YoY inflation,monthly,Consumer Price Index - Annual Variation.xlsx,
prices,CPI,Base : 2001 = 100      CPI - Industrial Worker : All India-Food Group,2010-04-01,All India,14.465408805031,percent YoY inflation,monthly,Consumer Price Index - Annual Variation.xlsx,
prices,CPI,Base : 2001 = 100      CPI - Industrial Worker : All India-Food Group,2010-05-01,All India,13.58024691358,percent YoY inflation,monthly,Consumer Price Index - Annual Variation.xlsx,
prices,CPI,Base : 2001 = 100      CPI - Industrial Worker : All India-Food Group,2010-06-01,All India,13.939393939394,percent YoY inflation,monthly,Consumer Price Index - Annual Variation.xlsx,
prices,CPI,Base : 2001 = 100      CPI - Industrial Worker : All India-Food Group,2010-07-01,All India,11.627906976744,percent YoY inflation,monthly,Consumer Price Index - Annual Variation.xlsx,
prices,CPI,Base : 2001 = 100      CPI - Industrial Worker : All India-Food Group,2010-08-01,All India,9.770114942529,percent YoY inflation,monthly,Consumer Price Index - Annual Variation.xlsx,
prices,CPI,Base : 2001 = 100      CPI - Industrial Worker : All India-Food Group,2010-09-01,All India,9.659090909091,percent YoY inflation,monthly,Consumer Price Index - Annual Variation.xlsx,
prices,CPI,Base : 2001 = 100      CPI - Industrial Worker : All India-Food Group,2010-10-01,All India,7.734806629834,percent YoY inflation,monthly,Consumer Price Index - Annual Variation.xlsx,
prices,CPI,Base : 2001 = 100      CPI - Industrial Worker : All India-Food Group,2010-11-01,All India,5.347593582888,percent YoY inflation,monthly,Consumer Price Index - Annual Variation.xlsx,
prices,CPI,Base : 2001 = 100      CPI - Industrial Worker : All India-Food Group,2010-12-01,All India,7.978723404255,percent YoY inflation,monthly,Consumer Price Index - Annual Variation.xlsx,
prices,CPI,Base : 2001 = 100      CPI - Industrial Worker : All India-Food Group,2011-01-01,All India,10.215053763441,percent YoY inflation,monthly,Consumer Price Index - Annual Variation.xlsx,
prices,CPI,Base : 2001 = 100      CPI - Industrial Worker : All India-Food Group,2011-02-01,All India,7.650273224044,percent YoY inflation,monthly,Consumer Price Index - Annual Variation.xlsx,
prices,CPI,Base : 2001 = 100      CPI - Industrial Worker : All India-Food Group,2011-03-01,All India,8.28729281768,percent YoY inflation,monthly,Consumer Price Index - Annual Variation.xlsx,
prices,CPI,Base : 2001 = 100      CPI - Industrial Worker : All India-Food Group,2011-04-01,All India,8.241758241758,percent YoY inflation,monthly,Consumer Price Index - Annual Variation.xlsx,
prices,CPI,Base : 2001 = 100      CPI - Industrial Worker : All India-Food Group,2011-05-01,All India,7.608695652174,percent YoY inflation,monthly,Consumer Price Index - Annual Variation.xlsx,
prices,CPI,Base : 2001 = 100      CPI - Industrial Worker : All India-Food Group,2011-06-01,All India,6.914893617021,percent YoY inflation,monthly,Consumer Price Index - Annual Variation.xlsx,
prices,CPI,Base : 2001 = 100      CPI - Industrial Worker : All India-Food Group,2011-07-01,All India,6.25,percent YoY inflation,monthly,Consumer Price Index - Annual Variation.xlsx,
prices,CPI,Base : 2001 = 100      CPI - Industrial Worker : All India-Food Group,2011-08-01,All India,7.329842931937,percent YoY inflation,monthly,Consumer Price Index - Annual Variation.xlsx,
prices,CPI,Base : 2001 = 100      CPI - Industrial Worker : All India-Food Group,2011-09-01,All India,8.290155440415,percent YoY inflation,monthly,Consumer Price Index - Annual Variation.xlsx,
prices,CPI,Base : 2001 = 100      CPI - Industrial Worker : All India-Food Group,2011-10-01,All India,8.717948717949,percent YoY inflation,monthly,Consumer Price Index - Annual Variation.xlsx,
prices,CPI,Base : 2001 = 100      CPI - Industrial Worker : All India-Food Group,2011-11-01,All India,7.61421319797,percent YoY inflation,monthly,Consumer Price Index - Annual Variation.xlsx,
prices,CPI,Base : 2001 = 100      CPI - Industrial Worker : All India-Food Group,2011-12-01,All India,1.970443349754,percent YoY inflation,monthly,Consumer Price Index - Annual Variation.xlsx,
prices,CPI,Base : 2001 = 100      CPI - Industrial Worker : All India-Food Group,2012-01-01,All India,0.487804878049,percent YoY inflation,monthly,Consumer Price Index - Annual Variation.xlsx,
prices,CPI,Base : 2001 = 100      CPI - Industrial Worker : All India-Food Group,2012-02-01,All India,5.07614213198,percent YoY inflation,monthly,Consumer Price Index - Annual Variation.xlsx,
prices,CPI,Base : 2001 = 100      CPI - Industrial Worker : All India-Food Group,2012-03-01,All India,8.163265306122,percent YoY inflation,monthly,Consumer Price Index - Annual Variation.xlsx,
prices,CPI,Base : 2001 = 100      CPI - Industrial Worker : All India-Food Group,2012-04-01,All India,10.659898477157,percent YoY inflation,monthly,Consumer Price Index - Annual Variation.xlsx,
prices,CPI,Base : 2001 = 100      CPI - Industrial Worker : All India-Food Group,2012-05-01,All India,10.606060606061,percent YoY inflation,monthly,Consumer Price Index - Annual Variation.xlsx,
prices,CPI,Base : 2001 = 100      CPI - Industrial Worker : All India-Food Group,2012-06-01,All India,10.44776119403,percent YoY inflation,monthly,Consumer Price Index - Annual Variation.xlsx,
prices,CPI,Base : 2001 = 100      CPI - Industrial Worker : All India-Food Group,2012-07-01,All India,11.274509803922,percent YoY inflation,monthly,Consumer Price Index - Annual Variation.xlsx,
prices,CPI,Base : 2001 = 100      CPI - Industrial Worker : All India-Food Group,2012-08-01,All India,12.19512195122,percent YoY inflation,monthly,Consumer Price Index - Annual Variation.xlsx,
prices,CPI,Base : 2001 = 100      CPI - Industrial Worker : All India-Food Group,2012-09-01,All India,11.004784688995,percent YoY inflation,monthly,Consumer Price Index - Annual Variation.xlsx,
prices,CPI,Base : 2001 = 100      CPI - Industrial Worker : All India-Food Group,2012-10-01,All India,9.905660377358,percent YoY inflation,monthly,Consumer Price Index - Annual Variation.xlsx,
prices,CPI,Base : 2001 = 100      CPI - Industrial Worker : All India-Food Group,2012-11-01,All India,10.849056603774,percent YoY inflation,monthly,Consumer Price Index - Annual Variation.xlsx,
prices,CPI,Base : 2001 = 100      CPI - Industrial Worker : All India-Food Group,2012-12-01,All India,13.526570048309,percent YoY inflation,monthly,Consumer Price Index - Annual Variation.xlsx,
prices,CPI,Base : 2001 = 100      CPI - Industrial Worker : All India-Food Group,2013-01-01,All India,14.077669902913,percent YoY inflation,monthly,Consumer Price Index - Annual Variation.xlsx,
prices,CPI,Base : 2001 = 100      CPI - Industrial Worker : All India-Food Group,2013-02-01,All India,14.975845410628,percent YoY inflation,monthly,Consumer Price Index - Annual Variation.xlsx,
prices,CPI,Base : 2001 = 100      CPI - Industrial Worker : All India-Food Group,2013-03-01,All India,13.207547169811,percent YoY inflation,monthly,Consumer Price Index - Annual Variation.xlsx,
prices,CPI,Base : 2001 = 100      CPI - Industrial Worker : All India-Food Group,2013-04-01,All India,12.385321100917,percent YoY inflation,monthly,Consumer Price Index - Annual Variation.xlsx,
prices,CPI,Base : 2001 = 100      CPI - Industrial Worker : All India-Food Group,2013-05-01,All India,13.24200913242,percent YoY inflation,monthly,Consumer Price Index - Annual Variation.xlsx,
prices,CPI,Base : 2001 = 100      CPI - Industrial Worker : All India-Food Group,2013-06-01,All India,14.864864864865,percent YoY inflation,monthly,Consumer Price Index - Annual Variation.xlsx,
prices,CPI,Base : 2001 = 100      CPI - Industrial Worker : All India-Food Group,2013-07-01,All India,14.096916299559,percent YoY inflation,monthly,Consumer Price Index - Annual Variation.xlsx,
prices,CPI,Base : 2001 = 100      CPI - Industrial Worker : All India-Food Group,2013-08-01,All India,13.913043478261,percent YoY inflation,monthly,Consumer Price Index - Annual Variation.xlsx,
prices,CPI,Base : 2001 = 100      CPI - Industrial Worker : All India-Food Group,2013-09-01,All India,13.362068965517,percent YoY inflation,monthly,Consumer Price Index - Annual Variation.xlsx,
prices,CPI,Base : 2001 = 100      CPI - Industrial Worker : All India-Food Group,2013-10-01,All India,15.021459227468,percent YoY inflation,monthly,Consumer Price Index - Annual Variation.xlsx,
prices,CPI,Base : 2001 = 100      CPI - Industrial Worker : All India-Food Group,2013-11-01,All India,16.170212765957,percent YoY inflation,monthly,Consumer Price Index - Annual Variation.xlsx,
prices,CPI,Base : 2001 = 100      CPI - Industrial Worker : All India-Food Group,2013-12-01,All India,11.489361702128,percent YoY inflation,monthly,Consumer Price Index - Annual Variation.xlsx,
prices,CPI,Base : 2001 = 100      CPI - Industrial Worker : All India-Food Group,2014-01-01,All India,8.936170212766,percent YoY inflation,monthly,Consumer Price Index - Annual Variation.xlsx,
prices,CPI,Base : 2001 = 100      CPI - Industrial Worker : All India-Food Group,2014-02-01,All India,7.563025210084,percent YoY inflation,monthly,Consumer Price Index - Annual Variation.xlsx,
prices,CPI,Base : 2001 = 100      CPI - Industrial Worker : All India-Food Group,2014-03-01,All India,7.5,percent YoY inflation,monthly,Consumer Price Index - Annual Variation.xlsx,
prices,CPI,Base : 2001 = 100      CPI - Industrial Worker : All India-Food Group,2014-04-01,All India,7.755102040816,percent YoY inflation,monthly,Consumer Price Index - Annual Variation.xlsx,
prices,CPI,Base : 2001 = 100      CPI - Industrial Worker : All India-Food Group,2014-05-01,All India,7.661290322581,percent YoY inflation,monthly,Consumer Price Index - Annual Variation.xlsx,
prices,CPI,Base : 2001 = 100      CPI - Industrial Worker : All India-Food Group,2014-06-01,All India,5.882352941176,percent YoY inflation,monthly,Consumer Price Index - Annual Variation.xlsx,
prices,CPI,Base : 2001 = 100      CPI - Industrial Worker : All India-Food Group,2014-07-01,All India,8.108108108108,percent YoY inflation,monthly,Consumer Price Index - Annual Variation.xlsx,
prices,CPI,Base : 2001 = 100      CPI - Industrial Worker : All India-Food Group,2014-08-01,All India,7.63358778626,percent YoY inflation,monthly,Consumer Price Index - Annual Variation.xlsx,
prices,CPI,Base : 2001 = 100      CPI - Industrial Worker : All India-Food Group,2014-09-01,All India,6.463878326996,percent YoY inflation,monthly,Consumer Price Index - Annual Variation.xlsx,
prices,CPI,Base : 2001 = 100      CPI - Industrial Worker : All India-Food Group,2014-10-01,All India,4.477611940299,percent YoY inflation,monthly,Consumer Price Index - Annual Variation.xlsx,
prices,CPI,Base : 2001 = 100      CPI - Industrial Worker : All India-Food Group,2014-11-01,All India,2.564102564103,percent YoY inflation,monthly,Consumer Price Index - Annual Variation.xlsx,
prices,CPI,Base : 2001 = 100      CPI - Industrial Worker : All India-Food Group,2014-12-01,All India,5.725190839695,percent YoY inflation,monthly,Consumer Price Index - Annual Variation.xlsx,
prices,CPI,Base : 2001 = 100      CPI - Industrial Worker : All India-Food Group,2015-01-01,All India,7.8125,percent YoY inflation,monthly,Consumer Price Index - Annual Variation.xlsx,
prices,CPI,Base : 2001 = 100      CPI - Industrial Worker : All India-Food Group,2015-02-01,All India,7.421875,percent YoY inflation,monthly,Consumer Price Index - Annual Variation.xlsx,
prices,CPI,Base : 2001 = 100      CPI - Industrial Worker : All India-Food Group,2015-03-01,All India,6.976744186047,percent YoY inflation,monthly,Consumer Price Index - Annual Variation.xlsx,
prices,CPI,Base : 2001 = 100      CPI - Industrial Worker : All India-Food Group,2015-04-01,All India,5.30303030303,percent YoY inflation,monthly,Consumer Price Index - Annual Variation.xlsx,
prices,CPI,Base : 2001 = 100      CPI - Industrial Worker : All India-Food Group,2015-05-01,All India,5.992509363296,percent YoY inflation,monthly,Consumer Price Index - Annual Variation.xlsx,
prices,CPI,Base : 2001 = 100      CPI - Industrial Worker : All India-Food Group,2015-06-01,All India,6.666666666667,percent YoY inflation,monthly,Consumer Price Index - Annual Variation.xlsx,
prices,CPI,Base : 2001 = 100      CPI - Industrial Worker : All India-Food Group,2015-07-01,All India,3.214285714286,percent YoY inflation,monthly,Consumer Price Index - Annual Variation.xlsx,
prices,CPI,Base : 2001 = 100      CPI - Industrial Worker : All India-Food Group,2015-08-01,All India,3.54609929078,percent YoY inflation,monthly,Consumer Price Index - Annual Variation.xlsx,
prices,CPI,Base : 2001 = 100      CPI - Industrial Worker : All India-Food Group,2015-09-01,All India,5.714285714286,percent YoY inflation,monthly,Consumer Price Index - Annual Variation.xlsx,
prices,CPI,Base : 2001 = 100      CPI - Industrial Worker : All India-Food Group,2015-10-01,All India,7.5,percent YoY inflation,monthly,Consumer Price Index - Annual Variation.xlsx,
prices,CPI,Base : 2001 = 100      CPI - Industrial Worker : All India-Food Group,2015-11-01,All India,7.857142857143,percent YoY inflation,monthly,Consumer Price Index - Annual Variation.xlsx,
prices,CPI,Base : 2001 = 100      CPI - Industrial Worker : All India-Food Group,2015-12-01,All India,7.942238267148,percent YoY inflation,monthly,Consumer Price Index - Annual Variation.xlsx,
prices,CPI,Base : 2001 = 100      CPI - Industrial Worker : All India-Food Group,2016-01-01,All India,7.608695652174,percent YoY inflation,monthly,Consumer Price Index - Annual Variation.xlsx,
prices,CPI,Base : 2001 = 100      CPI - Industrial Worker : All India-Food Group,2016-02-01,All India,6.181818181818,percent YoY inflation,monthly,Consumer Price Index - Annual Variation.xlsx,
prices,CPI,Base : 2001 = 100      CPI - Industrial Worker : All India-Food Group,2016-03-01,All India,6.159420289855,percent YoY inflation,monthly,Consumer Price Index - Annual Variation.xlsx,
prices,CPI,Base : 2001 = 100      CPI - Industrial Worker : All India-Food Group,2016-04-01,All India,7.553956834532,percent YoY inflation,monthly,Consumer Price Index - Annual Variation.xlsx,
prices,CPI,Base : 2001 = 100      CPI - Industrial Worker : All India-Food Group,2016-05-01,All India,8.480565371025,percent YoY inflation,monthly,Consumer Price Index - Annual Variation.xlsx,
prices,CPI,Base : 2001 = 100      CPI - Industrial Worker : All India-Food Group,2016-06-01,All India,8.333333333333,percent YoY inflation,monthly,Consumer Price Index - Annual Variation.xlsx,
prices,CPI,Base : 2001 = 100      CPI - Industrial Worker : All India-Food Group,2016-07-01,All India,9.342560553633,percent YoY inflation,monthly,Consumer Price Index - Annual Variation.xlsx,
prices,CPI,Base : 2001 = 100      CPI - Industrial Worker : All India-Food Group,2016-08-01,All India,6.164383561644,percent YoY inflation,monthly,Consumer Price Index - Annual Variation.xlsx,
prices,CPI,Base : 2001 = 100      CPI - Industrial Worker : All India-Food Group,2016-09-01,All India,4.054054054054,percent YoY inflation,monthly,Consumer Price Index - Annual Variation.xlsx,
prices,CPI,Base : 2001 = 100      CPI - Industrial Worker : All India-Food Group,2016-10-01,All India,2.990033222591,percent YoY inflation,monthly,Consumer Price Index - Annual Variation.xlsx,
prices,CPI,Base : 2001 = 100      CPI - Industrial Worker : All India-Food Group,2016-11-01,All India,1.655629139073,percent YoY inflation,monthly,Consumer Price Index - Annual Variation.xlsx,
prices,CPI,Base : 2001 = 100      CPI - Industrial Worker : All India-Food Group,2016-12-01,All India,0.66889632107,percent YoY inflation,monthly,Consumer Price Index - Annual Variation.xlsx,
prices,CPI,Base : 2001 = 100      CPI - Industrial Worker : All India-Food Group,2017-01-01,All India,0.3367003367,percent YoY inflation,monthly,Consumer Price Index - Annual Variation.xlsx,
prices,CPI,Base : 2001 = 100      CPI - Industrial Worker : All India-Food Group,2017-02-01,All India,1.712328767123,percent YoY inflation,monthly,Consumer Price Index - Annual Variation.xlsx,
prices,CPI,Base : 2001 = 100      CPI - Industrial Worker : All India-Food Group,2017-03-01,All India,1.706484641638,percent YoY inflation,monthly,Consumer Price Index - Annual Variation.xlsx,
prices,CPI,Base : 2012 = 100     CPI Combined:  All India  General Index (All Groups),2012-01-01,All India,6.256983240223,percent YoY inflation,monthly,Consumer Price Index - Annual Variation.xlsx,
prices,CPI,Base : 2012 = 100     CPI Combined:  All India  General Index (All Groups),2012-02-01,All India,8.031674208145,percent YoY inflation,monthly,Consumer Price Index - Annual Variation.xlsx,
prices,CPI,Base : 2012 = 100     CPI Combined:  All India  General Index (All Groups),2012-03-01,All India,9.049773755656,percent YoY inflation,monthly,Consumer Price Index - Annual Variation.xlsx,
prices,CPI,Base : 2012 = 100     CPI Combined:  All India  General Index (All Groups),2012-04-01,All India,9.76430976431,percent YoY inflation,monthly,Consumer Price Index - Annual Variation.xlsx,
prices,CPI,Base : 2012 = 100     CPI Combined:  All India  General Index (All Groups),2012-05-01,All India,9.799554565702,percent YoY inflation,monthly,Consumer Price Index - Annual Variation.xlsx,
prices,CPI,Base : 2012 = 100     CPI Combined:  All India  General Index (All Groups),2012-06-01,All India,10.154525386313,percent YoY inflation,monthly,Consumer Price Index - Annual Variation.xlsx,
prices,CPI,Base : 2012 = 100     CPI Combined:  All India  General Index (All Groups),2012-07-01,All India,10.130718954248,percent YoY inflation,monthly,Consumer Price Index - Annual Variation.xlsx,
prices,CPI,Base : 2012 = 100     CPI Combined:  All India  General Index (All Groups),2012-08-01,All India,10.24811218986,percent YoY inflation,monthly,Consumer Price Index - Annual Variation.xlsx,
prices,CPI,Base : 2012 = 100     CPI Combined:  All India  General Index (All Groups),2012-09-01,All India,9.701492537313,percent YoY inflation,monthly,Consumer Price Index - Annual Variation.xlsx,
prices,CPI,Base : 2012 = 100     CPI Combined:  All India  General Index (All Groups),2012-10-01,All India,9.282700421941,percent YoY inflation,monthly,Consumer Price Index - Annual Variation.xlsx,
prices,CPI,Base : 2012 = 100     CPI Combined:  All India  General Index (All Groups),2012-11-01,All India,9.558823529412,percent YoY inflation,monthly,Consumer Price Index - Annual Variation.xlsx,
prices,CPI,Base : 2012 = 100     CPI Combined:  All India  General Index (All Groups),2012-12-01,All India,10.454065469905,percent YoY inflation,monthly,Consumer Price Index - Annual Variation.xlsx,
prices,CPI,Base : 2012 = 100     CPI Combined:  All India  General Index (All Groups),2013-01-01,All India,10.515247108307,percent YoY inflation,monthly,Consumer Price Index - Annual Variation.xlsx,
prices,CPI,Base : 2012 = 100     CPI Combined:  All India  General Index (All Groups),2013-02-01,All India,10.890052356021,percent YoY inflation,monthly,Consumer Price Index - Annual Variation.xlsx,
prices,CPI,Base : 2012 = 100     CPI Combined:  All India  General Index (All Groups),2013-03-01,All India,10.0622406639,percent YoY inflation,monthly,Consumer Price Index - Annual Variation.xlsx,
prices,CPI,Base : 2012 = 100     CPI Combined:  All India  General Index (All Groups),2013-04-01,All India,9.100204498978,percent YoY inflation,monthly,Consumer Price Index - Annual Variation.xlsx,
prices,CPI,Base : 2012 = 100     CPI Combined:  All India  General Index (All Groups),2013-05-01,All India,9.026369168357,percent YoY inflation,monthly,Consumer Price Index - Annual Variation.xlsx,
prices,CPI,Base : 2012 = 100     CPI Combined:  All India  General Index (All Groups),2014-01-01,All India,8.604206500956,percent YoY inflation,monthly,Consumer Price Index - Annual Variation.xlsx,
prices,CPI,Base : 2012 = 100     CPI Combined:  All India  General Index (All Groups),2014-02-01,All India,7.882241215575,percent YoY inflation,monthly,Consumer Price Index - Annual Variation.xlsx,
prices,CPI,Base : 2012 = 100     CPI Combined:  All India  General Index (All Groups),2014-03-01,All India,8.24644549763,percent YoY inflation,monthly,Consumer Price Index - Annual Variation.xlsx,
prices,CPI,Base : 2012 = 100     CPI Combined:  All India  General Index (All Groups),2014-04-01,All India,8.482563619227,percent YoY inflation,monthly,Consumer Price Index - Annual Variation.xlsx,
prices,CPI,Base : 2012 = 100     CPI Combined:  All India  General Index (All Groups),2014-05-01,All India,8.325537885875,percent YoY inflation,monthly,Consumer Price Index - Annual Variation.xlsx,
prices,CPI,Base : 2012 = 100     CPI Combined:  All India  General Index (All Groups),2014-06-01,All India,6.770356816102,percent YoY inflation,monthly,Consumer Price Index - Annual Variation.xlsx,
prices,CPI,Base : 2012 = 100     CPI Combined:  All India  General Index (All Groups),2014-07-01,All India,7.387387387387,percent YoY inflation,monthly,Consumer Price Index - Annual Variation.xlsx,
prices,CPI,Base : 2012 = 100     CPI Combined:  All India  General Index (All Groups),2014-08-01,All India,7.02846975089,percent YoY inflation,monthly,Consumer Price Index - Annual Variation.xlsx,
prices,CPI,Base : 2012 = 100     CPI Combined:  All India  General Index (All Groups),2014-09-01,All India,5.628847845207,percent YoY inflation,monthly,Consumer Price Index - Annual Variation.xlsx,
prices,CPI,Base : 2012 = 100     CPI Combined:  All India  General Index (All Groups),2014-10-01,All India,4.616724738676,percent YoY inflation,monthly,Consumer Price Index - Annual Variation.xlsx,
prices,CPI,Base : 2012 = 100     CPI Combined:  All India  General Index (All Groups),2014-11-01,All India,3.267411865864,percent YoY inflation,monthly,Consumer Price Index - Annual Variation.xlsx,
prices,CPI,Base : 2012 = 100     CPI Combined:  All India  General Index (All Groups),2014-12-01,All India,4.279475982533,percent YoY inflation,monthly,Consumer Price Index - Annual Variation.xlsx,
prices,CPI,Base : 2012 = 100     CPI Combined:  All India  General Index (All Groups),2015-01-01,All India,5.193661971831,percent YoY inflation,monthly,Consumer Price Index - Annual Variation.xlsx,
prices,CPI,Base : 2012 = 100     CPI Combined:  All India  General Index (All Groups),2015-02-01,All India,5.369718309859,percent YoY inflation,monthly,Consumer Price Index - Annual Variation.xlsx,
prices,CPI,Base : 2012 = 100     CPI Combined:  All India  General Index (All Groups),2015-03-01,All India,5.253940455342,percent YoY inflation,monthly,Consumer Price Index - Annual Variation.xlsx,
prices,CPI,Base : 2012 = 100     CPI Combined:  All India  General Index (All Groups),2015-04-01,All India,4.865334491746,percent YoY inflation,monthly,Consumer Price Index - Annual Variation.xlsx,
prices,CPI,Base : 2012 = 100     CPI Combined:  All India  General Index (All Groups),2015-05-01,All India,5.008635578584,percent YoY inflation,monthly,Consumer Price Index - Annual Variation.xlsx,
prices,CPI,Base : 2012 = 100     CPI Combined:  All India  General Index (All Groups),2015-06-01,All India,5.398457583548,percent YoY inflation,monthly,Consumer Price Index - Annual Variation.xlsx,
prices,CPI,Base : 2012 = 100     CPI Combined:  All India  General Index (All Groups),2015-07-01,All India,3.691275167785,percent YoY inflation,monthly,Consumer Price Index - Annual Variation.xlsx,
prices,CPI,Base : 2012 = 100     CPI Combined:  All India  General Index (All Groups),2015-08-01,All India,3.740648379052,percent YoY inflation,monthly,Consumer Price Index - Annual Variation.xlsx,
prices,CPI,Base : 2012 = 100     CPI Combined:  All India  General Index (All Groups),2015-09-01,All India,4.412989175687,percent YoY inflation,monthly,Consumer Price Index - Annual Variation.xlsx,
prices,CPI,Base : 2012 = 100     CPI Combined:  All India  General Index (All Groups),2015-10-01,All India,4.995836802664,percent YoY inflation,monthly,Consumer Price Index - Annual Variation.xlsx,
prices,CPI,Base : 2012 = 100     CPI Combined:  All India  General Index (All Groups),2015-11-01,All India,5.41215653622,percent YoY inflation,monthly,Consumer Price Index - Annual Variation.xlsx,
prices,CPI,Base : 2012 = 100     CPI Combined:  All India  General Index (All Groups),2015-12-01,All India,5.611390284757,percent YoY inflation,monthly,Consumer Price Index - Annual Variation.xlsx,
prices,CPI,Base : 2012 = 100     CPI Combined:  All India  General Index (All Groups),2016-01-01,All India,5.690376569038,percent YoY inflation,monthly,Consumer Price Index - Annual Variation.xlsx,
prices,CPI,Base : 2012 = 100     CPI Combined:  All India  General Index (All Groups),2016-02-01,All India,5.263157894737,percent YoY inflation,monthly,Consumer Price Index - Annual Variation.xlsx,
prices,CPI,Base : 2012 = 100     CPI Combined:  All India  General Index (All Groups),2016-03-01,All India,4.825291181364,percent YoY inflation,monthly,Consumer Price Index - Annual Variation.xlsx,
prices,CPI,Base : 2012 = 100     CPI Combined:  All India  General Index (All Groups),2016-04-01,All India,5.468102734051,percent YoY inflation,monthly,Consumer Price Index - Annual Variation.xlsx,
prices,CPI,Base : 2012 = 100     CPI Combined:  All India  General Index (All Groups),2016-05-01,All India,5.756578947368,percent YoY inflation,monthly,Consumer Price Index - Annual Variation.xlsx,
prices,CPI,Base : 2012 = 100     CPI Combined:  All India  General Index (All Groups),2016-06-01,All India,5.772357723577,percent YoY inflation,monthly,Consumer Price Index - Annual Variation.xlsx,
prices,CPI,Base : 2012 = 100     CPI Combined:  All India  General Index (All Groups),2016-07-01,All India,6.067961165049,percent YoY inflation,monthly,Consumer Price Index - Annual Variation.xlsx,
prices,CPI,Base : 2012 = 100     CPI Combined:  All India  General Index (All Groups),2016-08-01,All India,5.048076923077,percent YoY inflation,monthly,Consumer Price Index - Annual Variation.xlsx,
prices,CPI,Base : 2012 = 100     CPI Combined:  All India  General Index (All Groups),2016-09-01,All India,4.385964912281,percent YoY inflation,monthly,Consumer Price Index - Annual Variation.xlsx,
prices,CPI,Base : 2012 = 100     CPI Combined:  All India  General Index (All Groups),2016-10-01,All India,4.203013481364,percent YoY inflation,monthly,Consumer Price Index - Annual Variation.xlsx,
prices,CPI,Base : 2012 = 100     CPI Combined:  All India  General Index (All Groups),2016-11-01,All India,3.633491311216,percent YoY inflation,monthly,Consumer Price Index - Annual Variation.xlsx,
prices,CPI,Base : 2012 = 100     CPI Combined:  All India  General Index (All Groups),2016-12-01,All India,3.409992069786,percent YoY inflation,monthly,Consumer Price Index - Annual Variation.xlsx,
prices,CPI,Base : 2012 = 100     CPI Combined:  All India  General Index (All Groups),2017-01-01,All India,3.167062549485,percent YoY inflation,monthly,Consumer Price Index - Annual Variation.xlsx,
prices,CPI,Base : 2012 = 100     CPI Combined:  All India  General Index (All Groups),2017-02-01,All India,3.650793650794,percent YoY inflation,monthly,Consumer Price Index - Annual Variation.xlsx,
prices,CPI,Base : 2012 = 100     CPI Combined:  All India  General Index (All Groups),2017-03-01,All India,3.888888888889,percent YoY inflation,monthly,Consumer Price Index - Annual Variation.xlsx,
prices,CPI,Base : 2012 = 100     CPI Combined:  All India  General Index (All Groups),2017-04-01,All India,2.985075,percent YoY inflation,monthly,Consumer Price Index - Annual Variation.xlsx,
prices,CPI,Base : 2012 = 100     CPI Combined:  All India  General Index (All Groups),2017-05-01,All India,2.177294,percent YoY inflation,monthly,Consumer Price Index - Annual Variation.xlsx,
prices,CPI,Base : 2012 = 100     CPI Combined:  All India  General Index (All Groups),2017-06-01,All India,1.460415,percent YoY inflation,monthly,Consumer Price Index - Annual Variation.xlsx,
prices,CPI,Base : 2012 = 100     CPI Combined:  All India  General Index (All Groups),2017-07-01,All India,2.364607,percent YoY inflation,monthly,Consumer Price Index - Annual Variation.xlsx,
prices,CPI,Base : 2012 = 100     CPI Combined:  All India  General Index (All Groups),2017-08-01,All India,3.279939,percent YoY inflation,monthly,Consumer Price Index - Annual Variation.xlsx,
prices,CPI,Base : 2012 = 100     CPI Combined:  All India  General Index (All Groups),2017-09-01,All India,3.28495,percent YoY inflation,monthly,Consumer Price Index - Annual Variation.xlsx,
prices,CPI,Base : 2012 = 100     CPI Combined:  All India  General Index (All Groups),2017-10-01,All India,3.576865,percent YoY inflation,monthly,Consumer Price Index - Annual Variation.xlsx,
prices,CPI,Base : 2012 = 100     CPI Combined:  All India  General Index (All Groups),2017-11-01,All India,4.878049,percent YoY inflation,monthly,Consumer Price Index - Annual Variation.xlsx,
prices,CPI,Base : 2012 = 100     CPI Combined:  All India  General Index (All Groups),2017-12-01,All India,5.214724,percent YoY inflation,monthly,Consumer Price Index - Annual Variation.xlsx,
prices,CPI,Base : 2012 = 100     CPI Combined:  All India  General Index (All Groups),2018-04-01,All India,4.576659,percent YoY inflation,monthly,Consumer Price Index - Annual Variation.xlsx,
prices,CPI,Base : 2012 = 100     CPI Combined:  All India  General Index (All Groups),2018-05-01,All India,4.870624,percent YoY inflation,monthly,Consumer Price Index - Annual Variation.xlsx,
prices,CPI,Base : 2012 = 100     CPI Combined:  All India  General Index (All Groups),2018-06-01,All India,4.924242,percent YoY inflation,monthly,Consumer Price Index - Annual Variation.xlsx,
prices,CPI,Base : 2012 = 100     CPI Combined:  All India  General Index (All Groups),2018-07-01,All India,4.172876,percent YoY inflation,monthly,Consumer Price Index - Annual Variation.xlsx,
prices,CPI,Base : 2012 = 100     CPI Combined:  All India  General Index (All Groups),2018-08-01,All India,3.692762,percent YoY inflation,monthly,Consumer Price Index - Annual Variation.xlsx,
prices,CPI,Base : 2012 = 100     CPI Combined:  All India  General Index (All Groups),2018-09-01,All India,3.698225,percent YoY inflation,monthly,Consumer Price Index - Annual Variation.xlsx,
prices,CPI,Base : 2012 = 100     CPI Combined:  All India  General Index (All Groups),2018-10-01,All India,3.379868,percent YoY inflation,monthly,Consumer Price Index - Annual Variation.xlsx,
prices,CPI,Base : 2012 = 100     CPI Combined:  All India  General Index (All Groups),2018-11-01,All India,2.325581,percent YoY inflation,monthly,Consumer Price Index - Annual Variation.xlsx,
prices,CPI,Base : 2012 = 100     CPI Combined:  All India  General Index (All Groups),2018-12-01,All India,2.113703,percent YoY inflation,monthly,Consumer Price Index - Annual Variation.xlsx,
prices,CPI,Base : 2012 = 100     CPI Combined:  All India  General Index (All Groups),2019-01-01,All India,1.972243,percent YoY inflation,monthly,Consumer Price Index - Annual Variation.xlsx,
prices,CPI,Base : 2012 = 100     CPI Combined:  All India  General Index (All Groups),2019-02-01,All India,2.565982,percent YoY inflation,monthly,Consumer Price Index - Annual Variation.xlsx,
prices,CPI,Base : 2012 = 100     CPI Combined:  All India  General Index (All Groups),2019-03-01,All India,2.857143,percent YoY inflation,monthly,Consumer Price Index - Annual Variation.xlsx,
prices,CPI,Base : 2012 = 100     CPI Combined:  All India  General Index (All Groups),2019-04-01,All India,2.990518,percent YoY inflation,monthly,Consumer Price Index - Annual Variation.xlsx,
prices,CPI,Base : 2012 = 100     CPI Combined:  All India  General Index (All Groups),2019-05-01,All India,3.047896,percent YoY inflation,monthly,Consumer Price Index - Annual Variation.xlsx,
prices,CPI,Base : 2012 = 100     CPI Combined:  All India  General Index (All Groups),2019-06-01,All India,3.176895,percent YoY inflation,monthly,Consumer Price Index - Annual Variation.xlsx,
prices,CPI,Base : 2012 = 100     CPI Combined:  All India  General Index (All Groups),2019-07-01,All India,3.147353,percent YoY inflation,monthly,Consumer Price Index - Annual Variation.xlsx,
prices,CPI,Base : 2012 = 100     CPI Combined:  All India  General Index (All Groups),2019-08-01,All India,3.276353,percent YoY inflation,monthly,Consumer Price Index - Annual Variation.xlsx,
prices,CPI,Base : 2012 = 100     CPI Combined:  All India  General Index (All Groups),2019-09-01,All India,3.994294,percent YoY inflation,monthly,Consumer Price Index - Annual Variation.xlsx,
prices,CPI,Base : 2012 = 100     CPI Combined:  All India  General Index (All Groups),2019-10-01,All India,4.619758,percent YoY inflation,monthly,Consumer Price Index - Annual Variation.xlsx,
prices,CPI,Base : 2012 = 100     CPI Combined:  All India  General Index (All Groups),2019-11-01,All India,5.539773,percent YoY inflation,monthly,Consumer Price Index - Annual Variation.xlsx,
prices,CPI,Base : 2012 = 100     CPI Combined:  All India  General Index (All Groups),2019-12-01,All India,7.351892,percent YoY inflation,monthly,Consumer Price Index - Annual Variation.xlsx,
prices,CPI,Base : 2012 = 100     CPI Combined:  All India  General Index (All Groups),2020-01-01,All India,7.593123,percent YoY inflation,monthly,Consumer Price Index - Annual Variation.xlsx,
prices,CPI,Base : 2012 = 100     CPI Combined:  All India  General Index (All Groups),2020-02-01,All India,6.576126,percent YoY inflation,monthly,Consumer Price Index - Annual Variation.xlsx,
prices,CPI,Base : 2012 = 100     CPI Combined:  All India  General Index (All Groups),2020-03-01,All India,5.840456,percent YoY inflation,monthly,Consumer Price Index - Annual Variation.xlsx,
prices,CPI,Base : 2012 = 100     CPI Combined:  All India  General Index (All Groups),2020-04-01,All India,7.223796,percent YoY inflation,monthly,Consumer Price Index - Annual Variation.xlsx,
prices,CPI,Base : 2012 = 100     CPI Combined:  All India  General Index (All Groups),2020-05-01,All India,6.267606,percent YoY inflation,monthly,Consumer Price Index - Annual Variation.xlsx,
prices,CPI,Base : 2012 = 100     CPI Combined:  All India  General Index (All Groups),2020-06-01,All India,6.228132,percent YoY inflation,monthly,Consumer Price Index - Annual Variation.xlsx,
prices,CPI,Base : 2012 = 100     CPI Combined:  All India  General Index (All Groups),2020-07-01,All India,6.726768,percent YoY inflation,monthly,Consumer Price Index - Annual Variation.xlsx,
prices,CPI,Base : 2012 = 100     CPI Combined:  All India  General Index (All Groups),2020-08-01,All India,6.689655,percent YoY inflation,monthly,Consumer Price Index - Annual Variation.xlsx,
prices,CPI,Base : 2012 = 100     CPI Combined:  All India  General Index (All Groups),2020-09-01,All India,7.270233,percent YoY inflation,monthly,Consumer Price Index - Annual Variation.xlsx,
prices,CPI,Base : 2012 = 100     CPI Combined:  All India  General Index (All Groups),2020-10-01,All India,7.608696,percent YoY inflation,monthly,Consumer Price Index - Annual Variation.xlsx,
prices,CPI,Base : 2012 = 100     CPI Combined:  All India  General Index (All Groups),2020-11-01,All India,6.931359,percent YoY inflation,monthly,Consumer Price Index - Annual Variation.xlsx,
prices,CPI,Base : 2012 = 100     CPI Combined:  All India  General Index (All Groups),2020-12-01,All India,4.587766,percent YoY inflation,monthly,Consumer Price Index - Annual Variation.xlsx,
prices,CPI,Base : 2012 = 100     CPI Combined:  All India  General Index (All Groups),2021-01-01,All India,4.061252,percent YoY inflation,monthly,Consumer Price Index - Annual Variation.xlsx,
prices,CPI,Base : 2012 = 100     CPI Combined:  All India  General Index (All Groups),2021-02-01,All India,5.030181,percent YoY inflation,monthly,Consumer Price Index - Annual Variation.xlsx,
prices,CPI,Base : 2012 = 100     CPI Combined:  All India  General Index (All Groups),2021-03-01,All India,5.51817,percent YoY inflation,monthly,Consumer Price Index - Annual Variation.xlsx,
prices,CPI,Base : 2012 = 100     CPI Combined:  All India  General Index (All Groups),2021-04-01,All India,4.227213,percent YoY inflation,monthly,Consumer Price Index - Annual Variation.xlsx,
prices,CPI,Base : 2012 = 100     CPI Combined:  All India  General Index (All Groups),2021-05-01,All India,6.29556,percent YoY inflation,monthly,Consumer Price Index - Annual Variation.xlsx,
prices,CPI,Base : 2012 = 100     CPI Combined:  All India  General Index (All Groups),2021-06-01,All India,6.258235,percent YoY inflation,monthly,Consumer Price Index - Annual Variation.xlsx,
prices,CPI,Base : 2012 = 100     CPI Combined:  All India  General Index (All Groups),2021-07-01,All India,5.588044,percent YoY inflation,monthly,Consumer Price Index - Annual Variation.xlsx,
prices,CPI,Base : 2012 = 100     CPI Combined:  All India  General Index (All Groups),2021-08-01,All India,5.300582,percent YoY inflation,monthly,Consumer Price Index - Annual Variation.xlsx,
prices,CPI,Base : 2012 = 100     CPI Combined:  All India  General Index (All Groups),2021-09-01,All India,4.347826,percent YoY inflation,monthly,Consumer Price Index - Annual Variation.xlsx,
prices,CPI,Base : 2012 = 100     CPI Combined:  All India  General Index (All Groups),2021-10-01,All India,4.482323,percent YoY inflation,monthly,Consumer Price Index - Annual Variation.xlsx,
prices,CPI,Base : 2012 = 100     CPI Combined:  All India  General Index (All Groups),2021-11-01,All India,4.908748,percent YoY inflation,monthly,Consumer Price Index - Annual Variation.xlsx,
prices,CPI,Base : 2012 = 100     CPI Combined:  All India  General Index (All Groups),2021-12-01,All India,5.657978,percent YoY inflation,monthly,Consumer Price Index - Annual Variation.xlsx,
prices,CPI,Base : 2012 = 100     CPI Combined:  All India  General Index (All Groups),2022-01-01,All India,6.014075,percent YoY inflation,monthly,Consumer Price Index - Annual Variation.xlsx,
prices,CPI,Base : 2012 = 100     CPI Combined:  All India  General Index (All Groups),2022-02-01,All India,6.066411,percent YoY inflation,monthly,Consumer Price Index - Annual Variation.xlsx,
prices,CPI,Base : 2012 = 100     CPI Combined:  All India  General Index (All Groups),2022-03-01,All India,6.951531,percent YoY inflation,monthly,Consumer Price Index - Annual Variation.xlsx,
prices,CPI,Base : 2012 = 100     CPI Combined:  All India  General Index (All Groups),2022-04-01,All India,7.794677,percent YoY inflation,monthly,Consumer Price Index - Annual Variation.xlsx,
prices,CPI,Base : 2012 = 100     CPI Combined:  All India  General Index (All Groups),2022-05-01,All India,7.044888,percent YoY inflation,monthly,Consumer Price Index - Annual Variation.xlsx,
prices,CPI,Base : 2012 = 100     CPI Combined:  All India  General Index (All Groups),2022-06-01,All India,7.00558,percent YoY inflation,monthly,Consumer Price Index - Annual Variation.xlsx,
prices,CPI,Base : 2012 = 100     CPI Combined:  All India  General Index (All Groups),2022-07-01,All India,6.707692,percent YoY inflation,monthly,Consumer Price Index - Annual Variation.xlsx,
prices,CPI,Base : 2012 = 100     CPI Combined:  All India  General Index (All Groups),2022-08-01,All India,6.998158,percent YoY inflation,monthly,Consumer Price Index - Annual Variation.xlsx,
prices,CPI,Base : 2012 = 100     CPI Combined:  All India  General Index (All Groups),2022-09-01,All India,7.414216,percent YoY inflation,monthly,Consumer Price Index - Annual Variation.xlsx,
prices,CPI,Base : 2012 = 100     CPI Combined:  All India  General Index (All Groups),2022-10-01,All India,6.767372,percent YoY inflation,monthly,Consumer Price Index - Annual Variation.xlsx,
prices,CPI,Base : 2012 = 100     CPI Combined:  All India  General Index (All Groups),2022-11-01,All India,5.878824,percent YoY inflation,monthly,Consumer Price Index - Annual Variation.xlsx,
prices,CPI,Base : 2012 = 100     CPI Combined:  All India  General Index (All Groups),2022-12-01,All India,5.716005,percent YoY inflation,monthly,Consumer Price Index - Annual Variation.xlsx,
prices,CPI,Base : 2012 = 100     CPI Combined:  All India  General Index (All Groups),2023-01-01,All India,6.517803,percent YoY inflation,monthly,Consumer Price Index - Annual Variation.xlsx,
prices,CPI,Base : 2012 = 100     CPI Combined:  All India  General Index (All Groups),2023-02-01,All India,6.441902,percent YoY inflation,monthly,Consumer Price Index - Annual Variation.xlsx,
prices,CPI,Base : 2012 = 100     CPI Combined:  All India  General Index (All Groups),2023-03-01,All India,5.664878,percent YoY inflation,monthly,Consumer Price Index - Annual Variation.xlsx,
prices,CPI,Base : 2012 = 100     CPI Combined:  All India  General Index (All Groups),2023-04-01,All India,4.703116,percent YoY inflation,monthly,Consumer Price Index - Annual Variation.xlsx,
prices,CPI,Base : 2012 = 100     CPI Combined:  All India  General Index (All Groups),2023-05-01,All India,4.30984,percent YoY inflation,monthly,Consumer Price Index - Annual Variation.xlsx,
prices,CPI,Base : 2012 = 100     CPI Combined:  All India  General Index (All Groups),2023-06-01,All India,4.866743,percent YoY inflation,monthly,Consumer Price Index - Annual Variation.xlsx,
prices,CPI,Base : 2012 = 100     CPI Combined:  All India  General Index (All Groups),2023-07-01,All India,7.439446,percent YoY inflation,monthly,Consumer Price Index - Annual Variation.xlsx,
prices,CPI,Base : 2012 = 100     CPI Combined:  All India  General Index (All Groups),2023-08-01,All India,6.827309,percent YoY inflation,monthly,Consumer Price Index - Annual Variation.xlsx,
prices,CPI,Base : 2012 = 100     CPI Combined:  All India  General Index (All Groups),2023-09-01,All India,5.019966,percent YoY inflation,monthly,Consumer Price Index - Annual Variation.xlsx,
prices,CPI,Base : 2012 = 100     CPI Combined:  All India  General Index (All Groups),2023-10-01,All India,4.867006,percent YoY inflation,monthly,Consumer Price Index - Annual Variation.xlsx,
prices,CPI,Base : 2012 = 100     CPI Combined:  All India  General Index (All Groups),2023-11-01,All India,5.552408,percent YoY inflation,monthly,Consumer Price Index - Annual Variation.xlsx,
prices,CPI,Base : 2012 = 100     CPI Combined:  All India  General Index (All Groups),2023-12-01,All India,5.69152,percent YoY inflation,monthly,Consumer Price Index - Annual Variation.xlsx,
prices,CPI,Base : 2012 = 100     CPI Combined:  All India  General Index (All Groups),2024-01-01,All India,5.09915,percent YoY inflation,monthly,Consumer Price Index - Annual Variation.xlsx,
prices,CPI,Base : 2012 = 100     CPI Combined:  All India  General Index (All Groups),2024-02-01,All India,5.090498,percent YoY inflation,monthly,Consumer Price Index - Annual Variation.xlsx,
prices,CPI,Base : 2012 = 100     CPI Combined:  All India  General Index (All Groups),2024-03-01,All India,4.853273,percent YoY inflation,monthly,Consumer Price Index - Annual Variation.xlsx,
prices,CPI,Base : 2012 = 100     CPI Combined:  All India  General Index (All Groups),2024-04-01,All India,4.8287,percent YoY inflation,monthly,Consumer Price Index - Annual Variation.xlsx,
prices,CPI,Base : 2012 = 100     CPI Combined:  All India  General Index (All Groups),2024-05-01,All India,4.8018,percent YoY inflation,monthly,Consumer Price Index - Annual Variation.xlsx,
prices,CPI,Base : 2012 = 100     CPI Combined:  All India  General Index (All Groups),2024-06-01,All India,5.0829,percent YoY inflation,monthly,Consumer Price Index - Annual Variation.xlsx,
prices,CPI,Base : 2012 = 100     CPI Combined:  All India  General Index (All Groups),2024-07-01,All India,3.5963,percent YoY inflation,monthly,Consumer Price Index - Annual Variation.xlsx,
prices,CPI,Base : 2012 = 100     CPI Combined:  All India  General Index (All Groups),2024-08-01,All India,3.652,percent YoY inflation,monthly,Consumer Price Index - Annual Variation.xlsx,
prices,CPI,Base : 2012 = 100     CPI Combined:  All India  General Index (All Groups),2024-09-01,All India,5.4861,percent YoY inflation,monthly,Consumer Price Index - Annual Variation.xlsx,
prices,CPI,Base : 2012 = 100     CPI Combined:  All India  General Index (All Groups),2024-10-01,All India,6.2062,percent YoY inflation,monthly,Consumer Price Index - Annual Variation.xlsx,
prices,CPI,Base : 2012 = 100     CPI Combined:  All India  General Index (All Groups),2024-11-01,All India,5.475,percent YoY inflation,monthly,Consumer Price Index - Annual Variation.xlsx,
prices,CPI,Base : 2012 = 100     CPI Combined:  All India  General Index (All Groups),2024-12-01,All India,5.2235,percent YoY inflation,monthly,Consumer Price Index - Annual Variation.xlsx,
prices,CPI,Base : 2012 = 100     CPI Combined:  All India  General Index (All Groups),2025-01-01,All India,4.2588,percent YoY inflation,monthly,Consumer Price Index - Annual Variation.xlsx,
prices,CPI,Base : 2012 = 100     CPI Combined:  All India  General Index (All Groups),2025-02-01,All India,3.606,percent YoY inflation,monthly,Consumer Price Index - Annual Variation.xlsx,
prices,CPI,Base : 2012 = 100     CPI Combined:  All India  General Index (All Groups),2025-03-01,All India,3.3369,percent YoY inflation,monthly,Consumer Price Index - Annual Variation.xlsx,
prices,CPI,Base : 2012 = 100     CPI Combined:  All India  General Index (All Groups),2025-04-01,All India,3.1601,percent YoY inflation,monthly,Consumer Price Index - Annual Variation.xlsx,
prices,CPI,Base : 2012 = 100     CPI Combined:  All India  General Index (All Groups),2025-05-01,All India,2.8237,percent YoY inflation,monthly,Consumer Price Index - Annual Variation.xlsx,
prices,CPI,Base : 2012 = 100     CPI Combined:  All India  General Index (All Groups),2025-06-01,All India,2.103,percent YoY inflation,monthly,Consumer Price Index - Annual Variation.xlsx,
prices,CPI,Base : 2012 = 100     CPI Combined:  All India  General Index (All Groups),2025-07-01,All India,1.5544,percent YoY inflation,monthly,Consumer Price Index - Annual Variation.xlsx,
prices,CPI,Base : 2012 = 100     CPI Combined:  All India  General Index (All Groups),2025-08-01,All India,2.0725,percent YoY inflation,monthly,Consumer Price Index - Annual Variation.xlsx,
prices,CPI,Base : 2012 = 100     CPI Combined:  All India  General Index (All Groups),2025-09-01,All India,1.4418,percent YoY inflation,monthly,Consumer Price Index - Annual Variation.xlsx,
prices,CPI,Base : 2012 = 100     CPI Combined:  All India  General Index (All Groups),2025-10-01,All India,0.2541,percent YoY inflation,monthly,Consumer Price Index - Annual Variation.xlsx,
prices,CPI,Base : 2012 = 100     CPI Combined:  All India  General Index (All Groups),2025-11-01,All India,0.7125,percent YoY inflation,monthly,Consumer Price Index - Annual Variation.xlsx,
prices,CPI,Base : 2012 = 100     CPI Combined:  All India Food and beverages,2012-01-01,All India,1.516793066089,percent YoY inflation,monthly,Consumer Price Index - Annual Variation.xlsx,
prices,CPI,Base : 2012 = 100     CPI Combined:  All India Food and beverages,2012-02-01,All India,5.48712206047,percent YoY inflation,monthly,Consumer Price Index - Annual Variation.xlsx,
prices,CPI,Base : 2012 = 100     CPI Combined:  All India Food and beverages,2012-03-01,All India,7.674943566591,percent YoY inflation,monthly,Consumer Price Index - Annual Variation.xlsx,
prices,CPI,Base : 2012 = 100     CPI Combined:  All India Food and beverages,2012-04-01,All India,9.561304836895,percent YoY inflation,monthly,Consumer Price Index - Annual Variation.xlsx,
prices,CPI,Base : 2012 = 100     CPI Combined:  All India Food and beverages,2012-05-01,All India,9.944134078212,percent YoY inflation,monthly,Consumer Price Index - Annual Variation.xlsx,
prices,CPI,Base : 2012 = 100     CPI Combined:  All India Food and beverages,2012-06-01,All India,10.60773480663,percent YoY inflation,monthly,Consumer Price Index - Annual Variation.xlsx,
prices,CPI,Base : 2012 = 100     CPI Combined:  All India Food and beverages,2012-07-01,All India,11.437908496732,percent YoY inflation,monthly,Consumer Price Index - Annual Variation.xlsx,
prices,CPI,Base : 2012 = 100     CPI Combined:  All India Food and beverages,2012-08-01,All India,11.625403659849,percent YoY inflation,monthly,Consumer Price Index - Annual Variation.xlsx,
prices,CPI,Base : 2012 = 100     CPI Combined:  All India Food and beverages,2012-09-01,All India,10.615711252654,percent YoY inflation,monthly,Consumer Price Index - Annual Variation.xlsx,
prices,CPI,Base : 2012 = 100     CPI Combined:  All India Food and beverages,2012-10-01,All India,9.758656873033,percent YoY inflation,monthly,Consumer Price Index - Annual Variation.xlsx,
prices,CPI,Base : 2012 = 100     CPI Combined:  All India Food and beverages,2012-11-01,All India,10.515247108307,percent YoY inflation,monthly,Consumer Price Index - Annual Variation.xlsx,
prices,CPI,Base : 2012 = 100     CPI Combined:  All India Food and beverages,2012-12-01,All India,12.179487179487,percent YoY inflation,monthly,Consumer Price Index - Annual Variation.xlsx,
prices,CPI,Base : 2012 = 100     CPI Combined:  All India Food and beverages,2014-01-01,All India,9.659090909091,percent YoY inflation,monthly,Consumer Price Index - Annual Variation.xlsx,
prices,CPI,Base : 2012 = 100     CPI Combined:  All India Food and beverages,2014-02-01,All India,8.161350844278,percent YoY inflation,monthly,Consumer Price Index - Annual Variation.xlsx,
prices,CPI,Base : 2012 = 100     CPI Combined:  All India Food and beverages,2014-03-01,All India,8.606173994387,percent YoY inflation,monthly,Consumer Price Index - Annual Variation.xlsx,
prices,CPI,Base : 2012 = 100     CPI Combined:  All India Food and beverages,2014-04-01,All India,9.192200557103,percent YoY inflation,monthly,Consumer Price Index - Annual Variation.xlsx,
prices,CPI,Base : 2012 = 100     CPI Combined:  All India Food and beverages,2014-05-01,All India,8.882783882784,percent YoY inflation,monthly,Consumer Price Index - Annual Variation.xlsx,
prices,CPI,Base : 2012 = 100     CPI Combined:  All India Food and beverages,2014-06-01,All India,7.308377896613,percent YoY inflation,monthly,Consumer Price Index - Annual Variation.xlsx,
prices,CPI,Base : 2012 = 100     CPI Combined:  All India Food and beverages,2014-07-01,All India,8.71839581517,percent YoY inflation,monthly,Consumer Price Index - Annual Variation.xlsx,
prices,CPI,Base : 2012 = 100     CPI Combined:  All India Food and beverages,2014-08-01,All India,8.576329331046,percent YoY inflation,monthly,Consumer Price Index - Annual Variation.xlsx,
prices,CPI,Base : 2012 = 100     CPI Combined:  All India Food and beverages,2014-09-01,All India,6.339814032122,percent YoY inflation,monthly,Consumer Price Index - Annual Variation.xlsx,
prices,CPI,Base : 2012 = 100     CPI Combined:  All India Food and beverages,2014-10-01,All India,4.32612312812,percent YoY inflation,monthly,Consumer Price Index - Annual Variation.xlsx,
prices,CPI,Base : 2012 = 100     CPI Combined:  All India Food and beverages,2014-11-01,All India,2.039151712887,percent YoY inflation,monthly,Consumer Price Index - Annual Variation.xlsx,
prices,CPI,Base : 2012 = 100     CPI Combined:  All India Food and beverages,2014-12-01,All India,4.391891891892,percent YoY inflation,monthly,Consumer Price Index - Annual Variation.xlsx,
prices,CPI,Base : 2012 = 100     CPI Combined:  All India Food and beverages,2015-01-01,All India,6.303972366149,percent YoY inflation,monthly,Consumer Price Index - Annual Variation.xlsx,
prices,CPI,Base : 2012 = 100     CPI Combined:  All India Food and beverages,2015-02-01,All India,6.764960971379,percent YoY inflation,monthly,Consumer Price Index - Annual Variation.xlsx,
prices,CPI,Base : 2012 = 100     CPI Combined:  All India Food and beverages,2015-03-01,All India,6.287683031869,percent YoY inflation,monthly,Consumer Price Index - Annual Variation.xlsx,
prices,CPI,Base : 2012 = 100     CPI Combined:  All India Food and beverages,2015-04-01,All India,5.442176870748,percent YoY inflation,monthly,Consumer Price Index - Annual Variation.xlsx,
prices,CPI,Base : 2012 = 100     CPI Combined:  All India Food and beverages,2015-05-01,All India,5.130361648444,percent YoY inflation,monthly,Consumer Price Index - Annual Variation.xlsx,
prices,CPI,Base : 2012 = 100     CPI Combined:  All India Food and beverages,2015-06-01,All India,5.730897009967,percent YoY inflation,monthly,Consumer Price Index - Annual Variation.xlsx,
prices,CPI,Base : 2012 = 100     CPI Combined:  All India Food and beverages,2015-07-01,All India,2.8067361668,percent YoY inflation,monthly,Consumer Price Index - Annual Variation.xlsx,
prices,CPI,Base : 2012 = 100     CPI Combined:  All India Food and beverages,2015-08-01,All India,2.922590837283,percent YoY inflation,monthly,Consumer Price Index - Annual Variation.xlsx,
prices,CPI,Base : 2012 = 100     CPI Combined:  All India Food and beverages,2015-09-01,All India,4.29252782194,percent YoY inflation,monthly,Consumer Price Index - Annual Variation.xlsx,
prices,CPI,Base : 2012 = 100     CPI Combined:  All India Food and beverages,2015-10-01,All India,5.342902711324,percent YoY inflation,monthly,Consumer Price Index - Annual Variation.xlsx,
prices,CPI,Base : 2012 = 100     CPI Combined:  All India Food and beverages,2015-11-01,All India,6.07513988809,percent YoY inflation,monthly,Consumer Price Index - Annual Variation.xlsx,
prices,CPI,Base : 2012 = 100     CPI Combined:  All India Food and beverages,2015-12-01,All India,6.31067961165,percent YoY inflation,monthly,Consumer Price Index - Annual Variation.xlsx,
prices,CPI,Base : 2012 = 100     CPI Combined:  All India Food and beverages,2016-01-01,All India,6.661251015435,percent YoY inflation,monthly,Consumer Price Index - Annual Variation.xlsx,
prices,CPI,Base : 2012 = 100     CPI Combined:  All India Food and beverages,2016-02-01,All India,5.523964256702,percent YoY inflation,monthly,Consumer Price Index - Annual Variation.xlsx,
prices,CPI,Base : 2012 = 100     CPI Combined:  All India Food and beverages,2016-03-01,All India,5.186385737439,percent YoY inflation,monthly,Consumer Price Index - Annual Variation.xlsx,
prices,CPI,Base : 2012 = 100     CPI Combined:  All India Food and beverages,2016-04-01,All India,6.290322580645,percent YoY inflation,monthly,Consumer Price Index - Annual Variation.xlsx,
prices,CPI,Base : 2012 = 100     CPI Combined:  All India Food and beverages,2016-05-01,All India,7.2,percent YoY inflation,monthly,Consumer Price Index - Annual Variation.xlsx,
prices,CPI,Base : 2012 = 100     CPI Combined:  All India Food and beverages,2016-06-01,All India,7.462686567164,percent YoY inflation,monthly,Consumer Price Index - Annual Variation.xlsx,
prices,CPI,Base : 2012 = 100     CPI Combined:  All India Food and beverages,2016-07-01,All India,7.95631825273,percent YoY inflation,monthly,Consumer Price Index - Annual Variation.xlsx,
prices,CPI,Base : 2012 = 100     CPI Combined:  All India Food and beverages,2016-08-01,All India,5.832693783576,percent YoY inflation,monthly,Consumer Price Index - Annual Variation.xlsx,
prices,CPI,Base : 2012 = 100     CPI Combined:  All India Food and beverages,2016-09-01,All India,4.115853658537,percent YoY inflation,monthly,Consumer Price Index - Annual Variation.xlsx,
prices,CPI,Base : 2012 = 100     CPI Combined:  All India Food and beverages,2016-10-01,All India,3.709311127933,percent YoY inflation,monthly,Consumer Price Index - Annual Variation.xlsx,
prices,CPI,Base : 2012 = 100     CPI Combined:  All India Food and beverages,2016-11-01,All India,2.562170308968,percent YoY inflation,monthly,Consumer Price Index - Annual Variation.xlsx,
prices,CPI,Base : 2012 = 100     CPI Combined:  All India Food and beverages,2016-12-01,All India,1.978691019787,percent YoY inflation,monthly,Consumer Price Index - Annual Variation.xlsx,
prices,CPI,Base : 2012 = 100     CPI Combined:  All India Food and beverages,2017-01-01,All India,1.370906321401,percent YoY inflation,monthly,Consumer Price Index - Annual Variation.xlsx,
prices,CPI,Base : 2012 = 100     CPI Combined:  All India Food and beverages,2017-02-01,All India,2.386451116243,percent YoY inflation,monthly,Consumer Price Index - Annual Variation.xlsx,
prices,CPI,Base : 2012 = 100     CPI Combined:  All India Food and beverages,2017-03-01,All India,2.542372881356,percent YoY inflation,monthly,Consumer Price Index - Annual Variation.xlsx,
prices,CPI,Base : 2012 = 100     CPI Combined:  All India Food and beverages,2017-04-01,All India,1.289833,percent YoY inflation,monthly,Consumer Price Index - Annual Variation.xlsx,
prices,CPI,Base : 2012 = 100     CPI Combined:  All India Food and beverages,2017-05-01,All India,-0.223881,percent YoY inflation,monthly,Consumer Price Index - Annual Variation.xlsx,
prices,CPI,Base : 2012 = 100     CPI Combined:  All India Food and beverages,2017-06-01,All India,-1.169591,percent YoY inflation,monthly,Consumer Price Index - Annual Variation.xlsx,
prices,CPI,Base : 2012 = 100     CPI Combined:  All India Food and beverages,2017-07-01,All India,0.433526,percent YoY inflation,monthly,Consumer Price Index - Annual Variation.xlsx,
prices,CPI,Base : 2012 = 100     CPI Combined:  All India Food and beverages,2017-08-01,All India,1.957941,percent YoY inflation,monthly,Consumer Price Index - Annual Variation.xlsx,
prices,CPI,Base : 2012 = 100     CPI Combined:  All India Food and beverages,2017-09-01,All India,1.756955,percent YoY inflation,monthly,Consumer Price Index - Annual Variation.xlsx,
prices,CPI,Base : 2012 = 100     CPI Combined:  All India Food and beverages,2017-10-01,All India,2.262774,percent YoY inflation,monthly,Consumer Price Index - Annual Variation.xlsx,
prices,CPI,Base : 2012 = 100     CPI Combined:  All India Food and beverages,2017-11-01,All India,4.408523,percent YoY inflation,monthly,Consumer Price Index - Annual Variation.xlsx,
prices,CPI,Base : 2012 = 100     CPI Combined:  All India Food and beverages,2017-12-01,All India,4.850746,percent YoY inflation,monthly,Consumer Price Index - Annual Variation.xlsx,
prices,CPI,Base : 2012 = 100     CPI Combined:  All India Food and beverages,2018-04-01,All India,2.996255,percent YoY inflation,monthly,Consumer Price Index - Annual Variation.xlsx,
prices,CPI,Base : 2012 = 100     CPI Combined:  All India Food and beverages,2018-05-01,All India,3.29095,percent YoY inflation,monthly,Consumer Price Index - Annual Variation.xlsx,
prices,CPI,Base : 2012 = 100     CPI Combined:  All India Food and beverages,2018-06-01,All India,3.106509,percent YoY inflation,monthly,Consumer Price Index - Annual Variation.xlsx,
prices,CPI,Base : 2012 = 100     CPI Combined:  All India Food and beverages,2018-07-01,All India,1.726619,percent YoY inflation,monthly,Consumer Price Index - Annual Variation.xlsx,
prices,CPI,Base : 2012 = 100     CPI Combined:  All India Food and beverages,2018-08-01,All India,0.782361,percent YoY inflation,monthly,Consumer Price Index - Annual Variation.xlsx,
prices,CPI,Base : 2012 = 100     CPI Combined:  All India Food and beverages,2018-09-01,All India,1.007194,percent YoY inflation,monthly,Consumer Price Index - Annual Variation.xlsx,
prices,CPI,Base : 2012 = 100     CPI Combined:  All India Food and beverages,2018-10-01,All India,-0.142755,percent YoY inflation,monthly,Consumer Price Index - Annual Variation.xlsx,
prices,CPI,Base : 2012 = 100     CPI Combined:  All India Food and beverages,2018-11-01,All India,-1.688951,percent YoY inflation,monthly,Consumer Price Index - Annual Variation.xlsx,
prices,CPI,Base : 2012 = 100     CPI Combined:  All India Food and beverages,2018-12-01,All India,-1.637011,percent YoY inflation,monthly,Consumer Price Index - Annual Variation.xlsx,
prices,CPI,Base : 2012 = 100     CPI Combined:  All India Food and beverages,2019-01-01,All India,-1.293103,percent YoY inflation,monthly,Consumer Price Index - Annual Variation.xlsx,
prices,CPI,Base : 2012 = 100     CPI Combined:  All India Food and beverages,2019-02-01,All India,-0.072674,percent YoY inflation,monthly,Consumer Price Index - Annual Variation.xlsx,
prices,CPI,Base : 2012 = 100     CPI Combined:  All India Food and beverages,2019-03-01,All India,0.655977,percent YoY inflation,monthly,Consumer Price Index - Annual Variation.xlsx,
prices,CPI,Base : 2012 = 100     CPI Combined:  All India Food and beverages,2019-04-01,All India,1.381818,percent YoY inflation,monthly,Consumer Price Index - Annual Variation.xlsx,
prices,CPI,Base : 2012 = 100     CPI Combined:  All India Food and beverages,2019-05-01,All India,2.027516,percent YoY inflation,monthly,Consumer Price Index - Annual Variation.xlsx,
prices,CPI,Base : 2012 = 100     CPI Combined:  All India Food and beverages,2019-06-01,All India,2.367288,percent YoY inflation,monthly,Consumer Price Index - Annual Variation.xlsx,
prices,CPI,Base : 2012 = 100     CPI Combined:  All India Food and beverages,2019-07-01,All India,2.333805,percent YoY inflation,monthly,Consumer Price Index - Annual Variation.xlsx,
prices,CPI,Base : 2012 = 100     CPI Combined:  All India Food and beverages,2019-08-01,All India,2.964008,percent YoY inflation,monthly,Consumer Price Index - Annual Variation.xlsx,
prices,CPI,Base : 2012 = 100     CPI Combined:  All India Food and beverages,2019-09-01,All India,4.700855,percent YoY inflation,monthly,Consumer Price Index - Annual Variation.xlsx,
prices,CPI,Base : 2012 = 100     CPI Combined:  All India Food and beverages,2019-10-01,All India,6.933524,percent YoY inflation,monthly,Consumer Price Index - Annual Variation.xlsx,
prices,CPI,Base : 2012 = 100     CPI Combined:  All India Food and beverages,2019-11-01,All India,8.732999,percent YoY inflation,monthly,Consumer Price Index - Annual Variation.xlsx,
prices,CPI,Base : 2012 = 100     CPI Combined:  All India Food and beverages,2019-12-01,All India,12.156295,percent YoY inflation,monthly,Consumer Price Index - Annual Variation.xlsx,
prices,CPI,Base : 2012 = 100     CPI Combined:  All India Food and beverages,2020-01-01,All India,11.717613,percent YoY inflation,monthly,Consumer Price Index - Annual Variation.xlsx,
prices,CPI,Base : 2012 = 100     CPI Combined:  All India Food and beverages,2020-02-01,All India,9.454545,percent YoY inflation,monthly,Consumer Price Index - Annual Variation.xlsx,
prices,CPI,Base : 2012 = 100     CPI Combined:  All India Food and beverages,2020-03-01,All India,7.82042,percent YoY inflation,monthly,Consumer Price Index - Annual Variation.xlsx,
prices,CPI,Base : 2012 = 100     CPI Combined:  All India Food and beverages,2020-04-01,All India,10.473458,percent YoY inflation,monthly,Consumer Price Index - Annual Variation.xlsx,
prices,CPI,Base : 2012 = 100     CPI Combined:  All India Food and beverages,2020-05-01,All India,8.374734,percent YoY inflation,monthly,Consumer Price Index - Annual Variation.xlsx,
prices,CPI,Base : 2012 = 100     CPI Combined:  All India Food and beverages,2020-06-01,All India,7.918711,percent YoY inflation,monthly,Consumer Price Index - Annual Variation.xlsx,
prices,CPI,Base : 2012 = 100     CPI Combined:  All India Food and beverages,2020-07-01,All India,8.500346,percent YoY inflation,monthly,Consumer Price Index - Annual Variation.xlsx,
prices,CPI,Base : 2012 = 100     CPI Combined:  All India Food and beverages,2020-08-01,All India,8.293352,percent YoY inflation,monthly,Consumer Price Index - Annual Variation.xlsx,
prices,CPI,Base : 2012 = 100     CPI Combined:  All India Food and beverages,2020-09-01,All India,5.6,percent YoY inflation,monthly,Consumer Price Index - Annual Variation.xlsx,
prices,CPI,Base : 2012 = 100     CPI Combined:  All India Food and beverages,2020-10-01,All India,5.9,percent YoY inflation,monthly,Consumer Price Index - Annual Variation.xlsx,
prices,CPI,Base : 2012 = 100     CPI Combined:  All India Food and beverages,2020-11-01,All India,5.3,percent YoY inflation,monthly,Consumer Price Index - Annual Variation.xlsx,
prices,CPI,Base : 2012 = 100     CPI Combined:  All India Food and beverages,2020-12-01,All India,3.7,percent YoY inflation,monthly,Consumer Price Index - Annual Variation.xlsx,
prices,CPI,Base : 2012 = 100     CPI Combined:  All India Food and beverages,2021-01-01,All India,3.2,percent YoY inflation,monthly,Consumer Price Index - Annual Variation.xlsx,
prices,CPI,Base : 2012 = 100     CPI Combined:  All India Food and beverages,2021-02-01,All India,4.5,percent YoY inflation,monthly,Consumer Price Index - Annual Variation.xlsx,
prices,CPI,Base : 2012 = 100     CPI Combined:  All India Food and beverages,2021-03-01,All India,5.7,percent YoY inflation,monthly,Consumer Price Index - Annual Variation.xlsx,
prices,CPI,Base : 2012 = 100     CPI Combined:  All India Food and beverages,2021-04-01,All India,5.1,percent YoY inflation,monthly,Consumer Price Index - Annual Variation.xlsx,
prices,CPI,Base : 2012 = 100     CPI Combined:  All India Food and beverages,2021-05-01,All India,5.3,percent YoY inflation,monthly,Consumer Price Index - Annual Variation.xlsx,
prices,CPI,Base : 2012 = 100     CPI Combined:  All India Food and beverages,2021-06-01,All India,5.6,percent YoY inflation,monthly,Consumer Price Index - Annual Variation.xlsx,
prices,CPI,Base : 2012 = 100     CPI Combined:  All India Food and beverages,2021-07-01,All India,5.3,percent YoY inflation,monthly,Consumer Price Index - Annual Variation.xlsx,
prices,CPI,Base : 2012 = 100     CPI Combined:  All India Food and beverages,2021-08-01,All India,4.8,percent YoY inflation,monthly,Consumer Price Index - Annual Variation.xlsx,
prices,CPI,Base : 2012 = 100     CPI Combined:  All India Food and beverages,2021-09-01,All India,4.4,percent YoY inflation,monthly,Consumer Price Index - Annual Variation.xlsx,
prices,CPI,Base : 2012 = 100     CPI Combined:  All India Food and beverages,2021-10-01,All India,4.5,percent YoY inflation,monthly,Consumer Price Index - Annual Variation.xlsx,
prices,CPI,Base : 2012 = 100     CPI Combined:  All India Food and beverages,2021-11-01,All India,4.8,percent YoY inflation,monthly,Consumer Price Index - Annual Variation.xlsx,
prices,CPI,Base : 2012 = 100     CPI Combined:  All India Food and beverages,2021-12-01,All India,5.6,percent YoY inflation,monthly,Consumer Price Index - Annual Variation.xlsx,
prices,CPI,Base : 2012 = 100     CPI Combined:  All India Food and beverages,2022-01-01,All India,5.8,percent YoY inflation,monthly,Consumer Price Index - Annual Variation.xlsx,
prices,CPI,Base : 2012 = 100     CPI Combined:  All India Food and beverages,2022-02-01,All India,5.0,percent YoY inflation,monthly,Consumer Price Index - Annual Variation.xlsx,
prices,CPI,Base : 2012 = 100     CPI Combined:  All India Food and beverages,2022-03-01,All India,5.4,percent YoY inflation,monthly,Consumer Price Index - Annual Variation.xlsx,
prices,CPI,Base : 2012 = 100     CPI Combined:  All India Food and beverages,2022-04-01,All India,6.3,percent YoY inflation,monthly,Consumer Price Index - Annual Variation.xlsx,
prices,CPI,Base : 2012 = 100     CPI Combined:  All India Food and beverages,2022-05-01,All India,7.0,percent YoY inflation,monthly,Consumer Price Index - Annual Variation.xlsx,
prices,CPI,Base : 2012 = 100     CPI Combined:  All India Food and beverages,2022-06-01,All India,6.2,percent YoY inflation,monthly,Consumer Price Index - Annual Variation.xlsx,
prices,CPI,Base : 2012 = 100     CPI Combined:  All India Food and beverages,2022-07-01,All India,5.8,percent YoY inflation,monthly,Consumer Price Index - Annual Variation.xlsx,
prices,CPI,Base : 2012 = 100     CPI Combined:  All India Food and beverages,2022-08-01,All India,5.853658,percent YoY inflation,monthly,Consumer Price Index - Annual Variation.xlsx,
prices,CPI,Base : 2012 = 100     CPI Combined:  All India Food and beverages,2022-09-01,All India,6.48824,percent YoY inflation,monthly,Consumer Price Index - Annual Variation.xlsx,
prices,CPI,Base : 2012 = 100     CPI Combined:  All India Food and beverages,2022-10-01,All India,6.084868,percent YoY inflation,monthly,Consumer Price Index - Annual Variation.xlsx,
prices,CPI,Base : 2012 = 100     CPI Combined:  All India Food and beverages,2022-11-01,All India,5.409705,percent YoY inflation,monthly,Consumer Price Index - Annual Variation.xlsx,
prices,CPI,Base : 2012 = 100     CPI Combined:  All India Food and beverages,2022-12-01,All India,5.502392,percent YoY inflation,monthly,Consumer Price Index - Annual Variation.xlsx,
prices,CPI,Base : 2012 = 100     CPI Combined:  All India Food and beverages,2023-01-01,All India,6.155075,percent YoY inflation,monthly,Consumer Price Index - Annual Variation.xlsx,
prices,CPI,Base : 2012 = 100     CPI Combined:  All India Food and beverages,2023-02-01,All India,6.16,percent YoY inflation,monthly,Consumer Price Index - Annual Variation.xlsx,
prices,CPI,Base : 2012 = 100     CPI Combined:  All India Food and beverages,2023-03-01,All India,5.79365,percent YoY inflation,monthly,Consumer Price Index - Annual Variation.xlsx,
prices,CPI,Base : 2012 = 100     CPI Combined:  All India Food and beverages,2023-04-01,All India,5.090055,percent YoY inflation,monthly,Consumer Price Index - Annual Variation.xlsx,
prices,CPI,Base : 2012 = 100     CPI Combined:  All India Food and beverages,2023-05-01,All India,4.418604,percent YoY inflation,monthly,Consumer Price Index - Annual Variation.xlsx,
prices,CPI,Base : 2012 = 100     CPI Combined:  All India Food and beverages,2023-06-01,All India,5.572755,percent YoY inflation,monthly,Consumer Price Index - Annual Variation.xlsx,
prices,CPI,Base : 2012 = 100     CPI Combined:  All India Food and beverages,2023-07-01,All India,7.544264,percent YoY inflation,monthly,Consumer Price Index - Annual Variation.xlsx,
prices,CPI,Base : 2012 = 100     CPI Combined:  All India Food and beverages,2023-08-01,All India,6.912442,percent YoY inflation,monthly,Consumer Price Index - Annual Variation.xlsx,
prices,CPI,Base : 2012 = 100     CPI Combined:  All India Food and beverages,2023-09-01,All India,4.722011,percent YoY inflation,monthly,Consumer Price Index - Annual Variation.xlsx,
prices,CPI,Base : 2012 = 100     CPI Combined:  All India Food and beverages,2023-10-01,All India,4.45283,percent YoY inflation,monthly,Consumer Price Index - Annual Variation.xlsx,
prices,CPI,Base : 2012 = 100     CPI Combined:  All India Food and beverages,2023-11-01,All India,4.981132,percent YoY inflation,monthly,Consumer Price Index - Annual Variation.xlsx,
prices,CPI,Base : 2012 = 100     CPI Combined:  All India Food and beverages,2023-12-01,All India,4.913076,percent YoY inflation,monthly,Consumer Price Index - Annual Variation.xlsx,
prices,CPI,Base : 2012 = 100     CPI Combined:  All India Food and beverages,2024-01-01,All India,4.593373,percent YoY inflation,monthly,Consumer Price Index - Annual Variation.xlsx,
prices,CPI,Base : 2012 = 100     CPI Combined:  All India Food and beverages,2024-02-01,All India,4.898267,percent YoY inflation,monthly,Consumer Price Index - Annual Variation.xlsx,
prices,CPI,Base : 2012 = 100     CPI Combined:  All India Food and beverages,2024-03-01,All India,4.20105,percent YoY inflation,monthly,Consumer Price Index - Annual Variation.xlsx,
prices,CPI,Base : 2012 = 100     CPI Combined:  All India Food and beverages,2024-04-01,All India,3.8748,percent YoY inflation,monthly,Consumer Price Index - Annual Variation.xlsx,
prices,CPI,Base : 2012 = 100     CPI Combined:  All India Food and beverages,2024-05-01,All India,3.8604,percent YoY inflation,monthly,Consumer Price Index - Annual Variation.xlsx,
prices,CPI,Base : 2012 = 100     CPI Combined:  All India Food and beverages,2024-06-01,All India,3.6657,percent YoY inflation,monthly,Consumer Price Index - Annual Variation.xlsx,
prices,CPI,Base : 2012 = 100     CPI Combined:  All India Food and beverages,2024-07-01,All India,2.1475,percent YoY inflation,monthly,Consumer Price Index - Annual Variation.xlsx,
prices,CPI,Base : 2012 = 100     CPI Combined:  All India Food and beverages,2024-08-01,All India,2.4425,percent YoY inflation,monthly,Consumer Price Index - Annual Variation.xlsx,
prices,CPI,Base : 2012 = 100     CPI Combined:  All India Food and beverages,2024-09-01,All India,4.2182,percent YoY inflation,monthly,Consumer Price Index - Annual Variation.xlsx,
prices,CPI,Base : 2012 = 100     CPI Combined:  All India Food and beverages,2024-10-01,All India,4.4075,percent YoY inflation,monthly,Consumer Price Index - Annual Variation.xlsx,
prices,CPI,Base : 2012 = 100     CPI Combined:  All India Food and beverages,2024-11-01,All India,3.8821,percent YoY inflation,monthly,Consumer Price Index - Annual Variation.xlsx,
prices,CPI,Base : 2012 = 100     CPI Combined:  All India Food and beverages,2024-12-01,All India,3.5303,percent YoY inflation,monthly,Consumer Price Index - Annual Variation.xlsx,
prices,CPI,Base : 2012 = 100     CPI Combined:  All India Food and beverages,2025-01-01,All India,3.0958,percent YoY inflation,monthly,Consumer Price Index - Annual Variation.xlsx,
prices,CPI,Base : 2012 = 100     CPI Combined:  All India Food and beverages,2025-02-01,All India,2.5862,percent YoY inflation,monthly,Consumer Price Index - Annual Variation.xlsx,
prices,CPI,Base : 2012 = 100     CPI Combined:  All India Food and beverages,2025-03-01,All India,2.9518,percent YoY inflation,monthly,Consumer Price Index - Annual Variation.xlsx,
prices,CPI,Base : 2012 = 100     CPI Combined:  All India Food and beverages,2025-04-01,All India,2.9412,percent YoY inflation,monthly,Consumer Price Index - Annual Variation.xlsx,
prices,CPI,Base : 2012 = 100     CPI Combined:  All India Food and beverages,2025-05-01,All India,2.9307,percent YoY inflation,monthly,Consumer Price Index - Annual Variation.xlsx,
prices,CPI,Base : 2012 = 100     CPI Combined:  All India Food and beverages,2025-06-01,All India,2.546,percent YoY inflation,monthly,Consumer Price Index - Annual Variation.xlsx,
prices,CPI,Base : 2012 = 100     CPI Combined:  All India Food and beverages,2025-07-01,All India,-0.8362,percent YoY inflation,monthly,Consumer Price Index - Annual Variation.xlsx,
prices,CPI,Base : 2012 = 100     CPI Combined:  All India Food and beverages,2025-08-01,All India,3.1557,percent YoY inflation,monthly,Consumer Price Index - Annual Variation.xlsx,
prices,CPI,Base : 2012 = 100     CPI Combined:  All India Food and beverages,2025-09-01,All India,2.7913,percent YoY inflation,monthly,Consumer Price Index - Annual Variation.xlsx,
prices,CPI,Base : 2012 = 100     CPI Combined:  All India Food and beverages,2025-10-01,All India,2.2145,percent YoY inflation,monthly,Consumer Price Index - Annual Variation.xlsx,
prices,CPI,Base : 2012 = 100     CPI Combined:  All India Food and beverages,2025-11-01,All India,2.5606,percent YoY inflation,monthly,Consumer Price Index - Annual Variation.xlsx,
prices,CPI,Base : 2012 = 100     CPI Combined:  All India Food and beverages,2025-12-01,All India,3.1315,percent YoY inflation,monthly,Consumer Price Index - Annual Variation.xlsx,
prices,CPI,Base : 2012 = 100     CPI Combined:  All India Food and beverages,2026-01-01,All India,3.7709,percent YoY inflation,monthly,Consumer Price Index - Annual Variation.xlsx,
prices,CPI,Base : 2012 = 100     CPI Combined:  All India Food and beverages,2026-02-01,All India,3.9916,percent YoY inflation,monthly,Consumer Price Index - Annual Variation.xlsx,
prices,CPI,Base : 2012 = 100     CPI Combined:  All India Food and beverages,2026-03-01,All India,4.2657,percent YoY inflation,monthly,Consumer Price Index - Annual Variation.xlsx,
prices,CPI,Base : 2012 = 100     CPI Combined:  All India Food and beverages,2026-04-01,All India,4.4599,percent YoY inflation,monthly,Consumer Price Index - Annual Variation.xlsx,
prices,CPI,Base : 2012 = 100     CPI Combined:  All India Food and beverages,2026-05-01,All India,4.7222,percent YoY inflation,monthly,Consumer Price Index - Annual Variation.xlsx,
prices,CPI,Base : 2012 = 100     CPI Rural:  All India General Index (All Groups),2012-01-01,All India,6.397306397306,percent YoY inflation,monthly,Consumer Price Index - Annual Variation.xlsx,
prices,CPI,Base : 2012 = 100     CPI Rural:  All India General Index (All Groups),2012-02-01,All India,8.304891922639,percent YoY inflation,monthly,Consumer Price Index - Annual Variation.xlsx,
prices,CPI,Base : 2012 = 100     CPI Rural:  All India General Index (All Groups),2012-03-01,All India,9.339407744875,percent YoY inflation,monthly,Consumer Price Index - Annual Variation.xlsx,
prices,CPI,Base : 2012 = 100     CPI Rural:  All India General Index (All Groups),2012-04-01,All India,10.294117647059,percent YoY inflation,monthly,Consumer Price Index - Annual Variation.xlsx,
prices,CPI,Base : 2012 = 100     CPI Rural:  All India General Index (All Groups),2012-05-01,All India,10.325476992144,percent YoY inflation,monthly,Consumer Price Index - Annual Variation.xlsx,
prices,CPI,Base : 2012 = 100     CPI Rural:  All India General Index (All Groups),2012-06-01,All India,10.789766407119,percent YoY inflation,monthly,Consumer Price Index - Annual Variation.xlsx,
prices,CPI,Base : 2012 = 100     CPI Rural:  All India General Index (All Groups),2012-07-01,All India,10.855263157895,percent YoY inflation,monthly,Consumer Price Index - Annual Variation.xlsx,
prices,CPI,Base : 2012 = 100     CPI Rural:  All India General Index (All Groups),2012-08-01,All India,11.062906724512,percent YoY inflation,monthly,Consumer Price Index - Annual Variation.xlsx,
prices,CPI,Base : 2012 = 100     CPI Rural:  All India General Index (All Groups),2012-09-01,All India,10.599571734475,percent YoY inflation,monthly,Consumer Price Index - Annual Variation.xlsx,
prices,CPI,Base : 2012 = 100     CPI Rural:  All India General Index (All Groups),2012-10-01,All India,10.05291005291,percent YoY inflation,monthly,Consumer Price Index - Annual Variation.xlsx,
prices,CPI,Base : 2012 = 100     CPI Rural:  All India General Index (All Groups),2012-11-01,All India,10.115911485774,percent YoY inflation,monthly,Consumer Price Index - Annual Variation.xlsx,
prices,CPI,Base : 2012 = 100     CPI Rural:  All India General Index (All Groups),2012-12-01,All India,11.016949152542,percent YoY inflation,monthly,Consumer Price Index - Annual Variation.xlsx,
prices,CPI,Base : 2012 = 100     CPI Rural:  All India General Index (All Groups),2014-01-01,All India,8.658420551855,percent YoY inflation,monthly,Consumer Price Index - Annual Variation.xlsx,
prices,CPI,Base : 2012 = 100     CPI Rural:  All India General Index (All Groups),2014-02-01,All India,7.750472589792,percent YoY inflation,monthly,Consumer Price Index - Annual Variation.xlsx,
prices,CPI,Base : 2012 = 100     CPI Rural:  All India General Index (All Groups),2014-03-01,All India,8.11320754717,percent YoY inflation,monthly,Consumer Price Index - Annual Variation.xlsx,
prices,CPI,Base : 2012 = 100     CPI Rural:  All India General Index (All Groups),2014-04-01,All India,8.458646616541,percent YoY inflation,monthly,Consumer Price Index - Annual Variation.xlsx,
prices,CPI,Base : 2012 = 100     CPI Rural:  All India General Index (All Groups),2014-05-01,All India,8.208955223881,percent YoY inflation,monthly,Consumer Price Index - Annual Variation.xlsx,
prices,CPI,Base : 2012 = 100     CPI Rural:  All India General Index (All Groups),2014-06-01,All India,7.438016528926,percent YoY inflation,monthly,Consumer Price Index - Annual Variation.xlsx,
prices,CPI,Base : 2012 = 100     CPI Rural:  All India General Index (All Groups),2014-07-01,All India,7.949412827462,percent YoY inflation,monthly,Consumer Price Index - Annual Variation.xlsx,
prices,CPI,Base : 2012 = 100     CPI Rural:  All India General Index (All Groups),2014-08-01,All India,7.671721677074,percent YoY inflation,monthly,Consumer Price Index - Annual Variation.xlsx,
prices,CPI,Base : 2012 = 100     CPI Rural:  All India General Index (All Groups),2014-09-01,All India,5.866900175131,percent YoY inflation,monthly,Consumer Price Index - Annual Variation.xlsx,
prices,CPI,Base : 2012 = 100     CPI Rural:  All India General Index (All Groups),2014-10-01,All India,4.761904761905,percent YoY inflation,monthly,Consumer Price Index - Annual Variation.xlsx,
prices,CPI,Base : 2012 = 100     CPI Rural:  All India General Index (All Groups),2014-11-01,All India,3.151618398637,percent YoY inflation,monthly,Consumer Price Index - Annual Variation.xlsx,
prices,CPI,Base : 2012 = 100     CPI Rural:  All India General Index (All Groups),2014-12-01,All India,4.155844155844,percent YoY inflation,monthly,Consumer Price Index - Annual Variation.xlsx,
prices,CPI,Base : 2012 = 100     CPI Rural:  All India General Index (All Groups),2015-01-01,All India,5.341506129597,percent YoY inflation,monthly,Consumer Price Index - Annual Variation.xlsx,
prices,CPI,Base : 2012 = 100     CPI Rural:  All India General Index (All Groups),2015-02-01,All India,5.789473684211,percent YoY inflation,monthly,Consumer Price Index - Annual Variation.xlsx,
prices,CPI,Base : 2012 = 100     CPI Rural:  All India General Index (All Groups),2015-03-01,All India,5.671902268761,percent YoY inflation,monthly,Consumer Price Index - Annual Variation.xlsx,
prices,CPI,Base : 2012 = 100     CPI Rural:  All India General Index (All Groups),2015-04-01,All India,5.28596187175,percent YoY inflation,monthly,Consumer Price Index - Annual Variation.xlsx,
prices,CPI,Base : 2012 = 100     CPI Rural:  All India General Index (All Groups),2015-05-01,All India,5.51724137931,percent YoY inflation,monthly,Consumer Price Index - Annual Variation.xlsx,
prices,CPI,Base : 2012 = 100     CPI Rural:  All India General Index (All Groups),2015-06-01,All India,6.068376068376,percent YoY inflation,monthly,Consumer Price Index - Annual Variation.xlsx,
prices,CPI,Base : 2012 = 100     CPI Rural:  All India General Index (All Groups),2015-07-01,All India,4.351464435146,percent YoY inflation,monthly,Consumer Price Index - Annual Variation.xlsx,
prices,CPI,Base : 2012 = 100     CPI Rural:  All India General Index (All Groups),2015-08-01,All India,4.473902236951,percent YoY inflation,monthly,Consumer Price Index - Annual Variation.xlsx,
prices,CPI,Base : 2012 = 100     CPI Rural:  All India General Index (All Groups),2015-09-01,All India,5.045492142266,percent YoY inflation,monthly,Consumer Price Index - Annual Variation.xlsx,
prices,CPI,Base : 2012 = 100     CPI Rural:  All India General Index (All Groups),2015-10-01,All India,5.537190082645,percent YoY inflation,monthly,Consumer Price Index - Annual Variation.xlsx,
prices,CPI,Base : 2012 = 100     CPI Rural:  All India General Index (All Groups),2015-11-01,All India,5.945499587118,percent YoY inflation,monthly,Consumer Price Index - Annual Variation.xlsx,
prices,CPI,Base : 2012 = 100     CPI Rural:  All India General Index (All Groups),2015-12-01,All India,6.317539484622,percent YoY inflation,monthly,Consumer Price Index - Annual Variation.xlsx,
prices,CPI,Base : 2012 = 100     CPI Rural:  All India General Index (All Groups),2016-01-01,All India,6.483790523691,percent YoY inflation,monthly,Consumer Price Index - Annual Variation.xlsx,
prices,CPI,Base : 2012 = 100     CPI Rural:  All India General Index (All Groups),2016-02-01,All India,6.053067993367,percent YoY inflation,monthly,Consumer Price Index - Annual Variation.xlsx,
prices,CPI,Base : 2012 = 100     CPI Rural:  All India General Index (All Groups),2016-03-01,All India,5.697770437655,percent YoY inflation,monthly,Consumer Price Index - Annual Variation.xlsx,
prices,CPI,Base : 2012 = 100     CPI Rural:  All India General Index (All Groups),2016-04-01,All India,6.172839506173,percent YoY inflation,monthly,Consumer Price Index - Annual Variation.xlsx,
prices,CPI,Base : 2012 = 100     CPI Rural:  All India General Index (All Groups),2016-05-01,All India,6.454248366013,percent YoY inflation,monthly,Consumer Price Index - Annual Variation.xlsx,
prices,CPI,Base : 2012 = 100     CPI Rural:  All India General Index (All Groups),2016-06-01,All India,6.285253827558,percent YoY inflation,monthly,Consumer Price Index - Annual Variation.xlsx,
prices,CPI,Base : 2012 = 100     CPI Rural:  All India General Index (All Groups),2016-07-01,All India,6.655974338412,percent YoY inflation,monthly,Consumer Price Index - Annual Variation.xlsx,
prices,CPI,Base : 2012 = 100     CPI Rural:  All India General Index (All Groups),2016-08-01,All India,5.868358445678,percent YoY inflation,monthly,Consumer Price Index - Annual Variation.xlsx,
prices,CPI,Base : 2012 = 100     CPI Rural:  All India General Index (All Groups),2016-09-01,All India,5.03937007874,percent YoY inflation,monthly,Consumer Price Index - Annual Variation.xlsx,
prices,CPI,Base : 2012 = 100     CPI Rural:  All India General Index (All Groups),2016-10-01,All India,4.776820673453,percent YoY inflation,monthly,Consumer Price Index - Annual Variation.xlsx,
prices,CPI,Base : 2012 = 100     CPI Rural:  All India General Index (All Groups),2016-11-01,All India,4.130943102104,percent YoY inflation,monthly,Consumer Price Index - Annual Variation.xlsx,
prices,CPI,Base : 2012 = 100     CPI Rural:  All India General Index (All Groups),2016-12-01,All India,3.831118060985,percent YoY inflation,monthly,Consumer Price Index - Annual Variation.xlsx,
prices,CPI,Base : 2012 = 100     CPI Rural:  All India General Index (All Groups),2017-01-01,All India,3.35675253708,percent YoY inflation,monthly,Consumer Price Index - Annual Variation.xlsx,
prices,CPI,Base : 2012 = 100     CPI Rural:  All India General Index (All Groups),2017-02-01,All India,3.674745895231,percent YoY inflation,monthly,Consumer Price Index - Annual Variation.xlsx,
prices,CPI,Base : 2012 = 100     CPI Rural:  All India General Index (All Groups),2017-03-01,All India,3.75,percent YoY inflation,monthly,Consumer Price Index - Annual Variation.xlsx,
prices,CPI,Base : 2012 = 100     CPI Rural:  All India General Index (All Groups),2017-04-01,All India,3.023256,percent YoY inflation,monthly,Consumer Price Index - Annual Variation.xlsx,
prices,CPI,Base : 2012 = 100     CPI Rural:  All India General Index (All Groups),2017-05-01,All India,2.302379,percent YoY inflation,monthly,Consumer Price Index - Annual Variation.xlsx,
prices,CPI,Base : 2012 = 100     CPI Rural:  All India General Index (All Groups),2017-06-01,All India,1.5163,percent YoY inflation,monthly,Consumer Price Index - Annual Variation.xlsx,
prices,CPI,Base : 2012 = 100     CPI Rural:  All India General Index (All Groups),2017-07-01,All India,2.406015,percent YoY inflation,monthly,Consumer Price Index - Annual Variation.xlsx,
prices,CPI,Base : 2012 = 100     CPI Rural:  All India General Index (All Groups),2017-08-01,All India,3.220974,percent YoY inflation,monthly,Consumer Price Index - Annual Variation.xlsx,
prices,CPI,Base : 2012 = 100     CPI Rural:  All India General Index (All Groups),2017-09-01,All India,3.148426,percent YoY inflation,monthly,Consumer Price Index - Annual Variation.xlsx,
prices,CPI,Base : 2012 = 100     CPI Rural:  All India General Index (All Groups),2017-10-01,All India,3.363229,percent YoY inflation,monthly,Consumer Price Index - Annual Variation.xlsx,
prices,CPI,Base : 2012 = 100     CPI Rural:  All India General Index (All Groups),2017-11-01,All India,4.790419,percent YoY inflation,monthly,Consumer Price Index - Annual Variation.xlsx,
prices,CPI,Base : 2012 = 100     CPI Rural:  All India General Index (All Groups),2017-12-01,All India,5.271084,percent YoY inflation,monthly,Consumer Price Index - Annual Variation.xlsx,
prices,CPI,Base : 2012 = 100     CPI Rural:  All India General Index (All Groups),2018-04-01,All India,4.665162,percent YoY inflation,monthly,Consumer Price Index - Annual Variation.xlsx,
prices,CPI,Base : 2012 = 100     CPI Rural:  All India General Index (All Groups),2018-05-01,All India,4.876219,percent YoY inflation,monthly,Consumer Price Index - Annual Variation.xlsx,
prices,CPI,Base : 2012 = 100     CPI Rural:  All India General Index (All Groups),2018-06-01,All India,4.929052,percent YoY inflation,monthly,Consumer Price Index - Annual Variation.xlsx,
prices,CPI,Base : 2012 = 100     CPI Rural:  All India General Index (All Groups),2018-07-01,All India,4.111601,percent YoY inflation,monthly,Consumer Price Index - Annual Variation.xlsx,
prices,CPI,Base : 2012 = 100     CPI Rural:  All India General Index (All Groups),2018-08-01,All India,3.41074,percent YoY inflation,monthly,Consumer Price Index - Annual Variation.xlsx,
prices,CPI,Base : 2012 = 100     CPI Rural:  All India General Index (All Groups),2018-09-01,All India,3.270349,percent YoY inflation,monthly,Consumer Price Index - Annual Variation.xlsx,
prices,CPI,Base : 2012 = 100     CPI Rural:  All India General Index (All Groups),2018-10-01,All India,2.819957,percent YoY inflation,monthly,Consumer Price Index - Annual Variation.xlsx,
prices,CPI,Base : 2012 = 100     CPI Rural:  All India General Index (All Groups),2018-11-01,All India,1.714286,percent YoY inflation,monthly,Consumer Price Index - Annual Variation.xlsx,
prices,CPI,Base : 2012 = 100     CPI Rural:  All India General Index (All Groups),2018-12-01,All India,1.502146,percent YoY inflation,monthly,Consumer Price Index - Annual Variation.xlsx,
prices,CPI,Base : 2012 = 100     CPI Rural:  All India General Index (All Groups),2019-01-01,All India,1.220388,percent YoY inflation,monthly,Consumer Price Index - Annual Variation.xlsx,
prices,CPI,Base : 2012 = 100     CPI Rural:  All India General Index (All Groups),2019-02-01,All India,1.805054,percent YoY inflation,monthly,Consumer Price Index - Annual Variation.xlsx,
prices,CPI,Base : 2012 = 100     CPI Rural:  All India General Index (All Groups),2019-03-01,All India,1.802451,percent YoY inflation,monthly,Consumer Price Index - Annual Variation.xlsx,
prices,CPI,Base : 2012 = 100     CPI Rural:  All India General Index (All Groups),2019-04-01,All India,1.869159,percent YoY inflation,monthly,Consumer Price Index - Annual Variation.xlsx,
prices,CPI,Base : 2012 = 100     CPI Rural:  All India General Index (All Groups),2019-05-01,All India,1.8598,percent YoY inflation,monthly,Consumer Price Index - Annual Variation.xlsx,
prices,CPI,Base : 2012 = 100     CPI Rural:  All India General Index (All Groups),2019-06-01,All India,2.206406,percent YoY inflation,monthly,Consumer Price Index - Annual Variation.xlsx,
prices,CPI,Base : 2012 = 100     CPI Rural:  All India General Index (All Groups),2019-07-01,All India,2.186178,percent YoY inflation,monthly,Consumer Price Index - Annual Variation.xlsx,
prices,CPI,Base : 2012 = 100     CPI Rural:  All India General Index (All Groups),2019-08-01,All India,2.245614,percent YoY inflation,monthly,Consumer Price Index - Annual Variation.xlsx,
prices,CPI,Base : 2012 = 100     CPI Rural:  All India General Index (All Groups),2019-09-01,All India,3.237157,percent YoY inflation,monthly,Consumer Price Index - Annual Variation.xlsx,
prices,CPI,Base : 2012 = 100     CPI Rural:  All India General Index (All Groups),2019-10-01,All India,4.289733,percent YoY inflation,monthly,Consumer Price Index - Annual Variation.xlsx,
prices,CPI,Base : 2012 = 100     CPI Rural:  All India General Index (All Groups),2019-11-01,All India,5.266854,percent YoY inflation,monthly,Consumer Price Index - Annual Variation.xlsx,
prices,CPI,Base : 2012 = 100     CPI Rural:  All India General Index (All Groups),2019-12-01,All India,7.329105,percent YoY inflation,monthly,Consumer Price Index - Annual Variation.xlsx,
prices,CPI,Base : 2012 = 100     CPI Rural:  All India General Index (All Groups),2020-01-01,All India,7.730496,percent YoY inflation,monthly,Consumer Price Index - Annual Variation.xlsx,
prices,CPI,Base : 2012 = 100     CPI Rural:  All India General Index (All Groups),2020-02-01,All India,6.666667,percent YoY inflation,monthly,Consumer Price Index - Annual Variation.xlsx,
prices,CPI,Base : 2012 = 100     CPI Rural:  All India General Index (All Groups),2020-03-01,All India,6.090652,percent YoY inflation,monthly,Consumer Price Index - Annual Variation.xlsx,
prices,CPI,Base : 2012 = 100     CPI Rural:  All India General Index (All Groups),2020-04-01,All India,7.198306,percent YoY inflation,monthly,Consumer Price Index - Annual Variation.xlsx,
prices,CPI,Base : 2012 = 100     CPI Rural:  All India General Index (All Groups),2020-05-01,All India,6.179775,percent YoY inflation,monthly,Consumer Price Index - Annual Variation.xlsx,
prices,CPI,Base : 2012 = 100     CPI Rural:  All India General Index (All Groups),2020-06-01,All India,6.337047,percent YoY inflation,monthly,Consumer Price Index - Annual Variation.xlsx,
prices,CPI,Base : 2012 = 100     CPI Rural:  All India General Index (All Groups),2020-07-01,All India,6.763285,percent YoY inflation,monthly,Consumer Price Index - Annual Variation.xlsx,
prices,CPI,Base : 2012 = 100     CPI Rural:  All India General Index (All Groups),2020-08-01,All India,6.657515,percent YoY inflation,monthly,Consumer Price Index - Annual Variation.xlsx,
prices,CPI,Base : 2012 = 100     CPI Rural:  All India General Index (All Groups),2020-09-01,All India,7.361963,percent YoY inflation,monthly,Consumer Price Index - Annual Variation.xlsx,
prices,CPI,Base : 2012 = 100     CPI Rural:  All India General Index (All Groups),2020-10-01,All India,7.754552,percent YoY inflation,monthly,Consumer Price Index - Annual Variation.xlsx,
prices,CPI,Base : 2012 = 100     CPI Rural:  All India General Index (All Groups),2020-11-01,All India,7.204803,percent YoY inflation,monthly,Consumer Price Index - Annual Variation.xlsx,
prices,CPI,Base : 2012 = 100     CPI Rural:  All India General Index (All Groups),2020-12-01,All India,4.070913,percent YoY inflation,monthly,Consumer Price Index - Annual Variation.xlsx,
prices,CPI,Base : 2012 = 100     CPI Rural:  All India General Index (All Groups),2021-01-01,All India,3.225806,percent YoY inflation,monthly,Consumer Price Index - Annual Variation.xlsx,
prices,CPI,Base : 2012 = 100     CPI Rural:  All India General Index (All Groups),2021-02-01,All India,4.18883,percent YoY inflation,monthly,Consumer Price Index - Annual Variation.xlsx,
prices,CPI,Base : 2012 = 100     CPI Rural:  All India General Index (All Groups),2021-03-01,All India,4.606142,percent YoY inflation,monthly,Consumer Price Index - Annual Variation.xlsx,
prices,CPI,Base : 2012 = 100     CPI Rural:  All India General Index (All Groups),2021-04-01,All India,3.752469,percent YoY inflation,monthly,Consumer Price Index - Annual Variation.xlsx,
prices,CPI,Base : 2012 = 100     CPI Rural:  All India General Index (All Groups),2021-05-01,All India,6.547619,percent YoY inflation,monthly,Consumer Price Index - Annual Variation.xlsx,
prices,CPI,Base : 2012 = 100     CPI Rural:  All India General Index (All Groups),2021-06-01,All India,6.155861,percent YoY inflation,monthly,Consumer Price Index - Annual Variation.xlsx,
prices,CPI,Base : 2012 = 100     CPI Rural:  All India General Index (All Groups),2021-07-01,All India,5.494505,percent YoY inflation,monthly,Consumer Price Index - Annual Variation.xlsx,
prices,CPI,Base : 2012 = 100     CPI Rural:  All India General Index (All Groups),2021-08-01,All India,5.276705,percent YoY inflation,monthly,Consumer Price Index - Annual Variation.xlsx,
prices,CPI,Base : 2012 = 100     CPI Rural:  All India General Index (All Groups),2021-09-01,All India,4.126984,percent YoY inflation,monthly,Consumer Price Index - Annual Variation.xlsx,
prices,CPI,Base : 2012 = 100     CPI Rural:  All India General Index (All Groups),2021-10-01,All India,4.067584,percent YoY inflation,monthly,Consumer Price Index - Annual Variation.xlsx,
prices,CPI,Base : 2012 = 100     CPI Rural:  All India General Index (All Groups),2021-11-01,All India,4.293715,percent YoY inflation,monthly,Consumer Price Index - Annual Variation.xlsx,
prices,CPI,Base : 2012 = 100     CPI Rural:  All India General Index (All Groups),2021-12-01,All India,5.362776,percent YoY inflation,monthly,Consumer Price Index - Annual Variation.xlsx,
prices,CPI,Base : 2012 = 100     CPI Rural:  All India General Index (All Groups),2022-01-01,All India,6.122449,percent YoY inflation,monthly,Consumer Price Index - Annual Variation.xlsx,
prices,CPI,Base : 2012 = 100     CPI Rural:  All India General Index (All Groups),2022-02-01,All India,6.381621,percent YoY inflation,monthly,Consumer Price Index - Annual Variation.xlsx,
prices,CPI,Base : 2012 = 100     CPI Rural:  All India General Index (All Groups),2022-03-01,All India,7.657945,percent YoY inflation,monthly,Consumer Price Index - Annual Variation.xlsx,
prices,CPI,Base : 2012 = 100     CPI Rural:  All India General Index (All Groups),2022-04-01,All India,8.375635,percent YoY inflation,monthly,Consumer Price Index - Annual Variation.xlsx,
prices,CPI,Base : 2012 = 100     CPI Rural:  All India General Index (All Groups),2022-05-01,All India,7.07635,percent YoY inflation,monthly,Consumer Price Index - Annual Variation.xlsx,
prices,CPI,Base : 2012 = 100     CPI Rural:  All India General Index (All Groups),2022-06-01,All India,7.094386,percent YoY inflation,monthly,Consumer Price Index - Annual Variation.xlsx,
prices,CPI,Base : 2012 = 100     CPI Rural:  All India General Index (All Groups),2022-07-01,All India,6.801471,percent YoY inflation,monthly,Consumer Price Index - Annual Variation.xlsx,
prices,CPI,Base : 2012 = 100     CPI Rural:  All India General Index (All Groups),2022-08-01,All India,7.151589,percent YoY inflation,monthly,Consumer Price Index - Annual Variation.xlsx,
prices,CPI,Base : 2012 = 100     CPI Rural:  All India General Index (All Groups),2022-09-01,All India,7.560976,percent YoY inflation,monthly,Consumer Price Index - Annual Variation.xlsx,
prices,CPI,Base : 2012 = 100     CPI Rural:  All India General Index (All Groups),2022-10-01,All India,6.975346,percent YoY inflation,monthly,Consumer Price Index - Annual Variation.xlsx,
prices,CPI,Base : 2012 = 100     CPI Rural:  All India General Index (All Groups),2022-11-01,All India,6.085919,percent YoY inflation,monthly,Consumer Price Index - Annual Variation.xlsx,
prices,CPI,Base : 2012 = 100     CPI Rural:  All India General Index (All Groups),2022-12-01,All India,6.047904,percent YoY inflation,monthly,Consumer Price Index - Annual Variation.xlsx,
prices,CPI,Base : 2012 = 100     CPI Rural:  All India General Index (All Groups),2023-01-01,All India,6.850962,percent YoY inflation,monthly,Consumer Price Index - Annual Variation.xlsx,
prices,CPI,Base : 2012 = 100     CPI Rural:  All India General Index (All Groups),2023-02-01,All India,6.718656,percent YoY inflation,monthly,Consumer Price Index - Annual Variation.xlsx,
prices,CPI,Base : 2012 = 100     CPI Rural:  All India General Index (All Groups),2023-03-01,All India,5.512745,percent YoY inflation,monthly,Consumer Price Index - Annual Variation.xlsx,
prices,CPI,Base : 2012 = 100     CPI Rural:  All India General Index (All Groups),2023-04-01,All India,4.683841,percent YoY inflation,monthly,Consumer Price Index - Annual Variation.xlsx,
prices,CPI,Base : 2012 = 100     CPI Rural:  All India General Index (All Groups),2023-05-01,All India,4.23188,percent YoY inflation,monthly,Consumer Price Index - Annual Variation.xlsx,
prices,CPI,Base : 2012 = 100     CPI Rural:  All India General Index (All Groups),2023-06-01,All India,4.781105,percent YoY inflation,monthly,Consumer Price Index - Annual Variation.xlsx,
prices,CPI,Base : 2012 = 100     CPI Rural:  All India General Index (All Groups),2023-07-01,All India,7.630522,percent YoY inflation,monthly,Consumer Price Index - Annual Variation.xlsx,
prices,CPI,Base : 2012 = 100     CPI Rural:  All India General Index (All Groups),2023-08-01,All India,7.016543,percent YoY inflation,monthly,Consumer Price Index - Annual Variation.xlsx,
prices,CPI,Base : 2012 = 100     CPI Rural:  All India General Index (All Groups),2023-09-01,All India,5.328798,percent YoY inflation,monthly,Consumer Price Index - Annual Variation.xlsx,
prices,CPI,Base : 2012 = 100     CPI Rural:  All India General Index (All Groups),2023-10-01,All India,5.115233,percent YoY inflation,monthly,Consumer Price Index - Annual Variation.xlsx,
prices,CPI,Base : 2012 = 100     CPI Rural:  All India General Index (All Groups),2023-11-01,All India,5.849269,percent YoY inflation,monthly,Consumer Price Index - Annual Variation.xlsx,
prices,CPI,Base : 2012 = 100     CPI Rural:  All India General Index (All Groups),2023-12-01,All India,5.928854,percent YoY inflation,monthly,Consumer Price Index - Annual Variation.xlsx,
prices,CPI,Base : 2012 = 100     CPI Rural:  All India General Index (All Groups),2024-01-01,All India,5.343082,percent YoY inflation,monthly,Consumer Price Index - Annual Variation.xlsx,
prices,CPI,Base : 2012 = 100     CPI Rural:  All India General Index (All Groups),2024-02-01,All India,5.340079,percent YoY inflation,monthly,Consumer Price Index - Annual Variation.xlsx,
prices,CPI,Base : 2012 = 100     CPI Rural:  All India General Index (All Groups),2024-03-01,All India,5.505618,percent YoY inflation,monthly,Consumer Price Index - Annual Variation.xlsx,
prices,CPI,Base : 2012 = 100     CPI Rural:  All India General Index (All Groups),2024-04-01,All India,5.4251,percent YoY inflation,monthly,Consumer Price Index - Annual Variation.xlsx,
prices,CPI,Base : 2012 = 100     CPI Rural:  All India General Index (All Groups),2024-05-01,All India,5.3393,percent YoY inflation,monthly,Consumer Price Index - Annual Variation.xlsx,
prices,CPI,Base : 2012 = 100     CPI Rural:  All India General Index (All Groups),2024-06-01,All India,5.6625,percent YoY inflation,monthly,Consumer Price Index - Annual Variation.xlsx,
prices,CPI,Base : 2012 = 100     CPI Rural:  All India General Index (All Groups),2024-07-01,All India,4.1045,percent YoY inflation,monthly,Consumer Price Index - Annual Variation.xlsx,
prices,CPI,Base : 2012 = 100     CPI Rural:  All India General Index (All Groups),2024-08-01,All India,4.1578,percent YoY inflation,monthly,Consumer Price Index - Annual Variation.xlsx,
prices,CPI,Base : 2012 = 100     CPI Rural:  All India General Index (All Groups),2024-09-01,All India,5.8665,percent YoY inflation,monthly,Consumer Price Index - Annual Variation.xlsx,
prices,CPI,Base : 2012 = 100     CPI Rural:  All India General Index (All Groups),2024-10-01,All India,6.6845,percent YoY inflation,monthly,Consumer Price Index - Annual Variation.xlsx,
prices,CPI,Base : 2012 = 100     CPI Rural:  All India General Index (All Groups),2024-11-01,All India,5.9511,percent YoY inflation,monthly,Consumer Price Index - Annual Variation.xlsx,
prices,CPI,Base : 2012 = 100     CPI Rural:  All India General Index (All Groups),2024-12-01,All India,5.7569,percent YoY inflation,monthly,Consumer Price Index - Annual Variation.xlsx,
prices,CPI,Base : 2012 = 100     CPI Rural:  All India General Index (All Groups),2025-01-01,All India,4.5916,percent YoY inflation,monthly,Consumer Price Index - Annual Variation.xlsx,
prices,CPI,Base : 2012 = 100     CPI Rural:  All India General Index (All Groups),2025-02-01,All India,3.7887,percent YoY inflation,monthly,Consumer Price Index - Annual Variation.xlsx,
prices,CPI,Base : 2012 = 100     CPI Rural:  All India General Index (All Groups),2025-03-01,All India,3.2481,percent YoY inflation,monthly,Consumer Price Index - Annual Variation.xlsx,
prices,CPI,Base : 2012 = 100     CPI Rural:  All India General Index (All Groups),2025-04-01,All India,2.9178,percent YoY inflation,monthly,Consumer Price Index - Annual Variation.xlsx,
prices,CPI,Base : 2012 = 100     CPI Rural:  All India General Index (All Groups),2025-05-01,All India,2.5871,percent YoY inflation,monthly,Consumer Price Index - Annual Variation.xlsx,
prices,CPI,Base : 2012 = 100     CPI Rural:  All India General Index (All Groups),2025-06-01,All India,1.717,percent YoY inflation,monthly,Consumer Price Index - Annual Variation.xlsx,
prices,CPI,Base : 2012 = 100     CPI Rural:  All India General Index (All Groups),2025-07-01,All India,1.1777,percent YoY inflation,monthly,Consumer Price Index - Annual Variation.xlsx,
prices,CPI,Base : 2012 = 100     CPI Rural:  All India General Index (All Groups),2025-08-01,All India,1.6888,percent YoY inflation,monthly,Consumer Price Index - Annual Variation.xlsx,
prices,CPI,Base : 2012 = 100     CPI Rural:  All India General Index (All Groups),2025-09-01,All India,1.0676,percent YoY inflation,monthly,Consumer Price Index - Annual Variation.xlsx,
prices,CPI,Base : 2012 = 100     CPI Rural:  All India General Index (All Groups),2025-10-01,All India,-0.2506,percent YoY inflation,monthly,Consumer Price Index - Annual Variation.xlsx,
prices,CPI,Base : 2012 = 100     CPI Rural:  All India General Index (All Groups),2025-11-01,All India,0.1003,percent YoY inflation,monthly,Consumer Price Index - Annual Variation.xlsx,
prices,CPI,Base : 2012 = 100     CPI Urban:  All India General Index (All Groups),2012-01-01,All India,6.0,percent YoY inflation,monthly,Consumer Price Index - Annual Variation.xlsx,
prices,CPI,Base : 2012 = 100     CPI Urban:  All India General Index (All Groups),2012-02-01,All India,7.752808988764,percent YoY inflation,monthly,Consumer Price Index - Annual Variation.xlsx,
prices,CPI,Base : 2012 = 100     CPI Urban:  All India General Index (All Groups),2012-03-01,All India,8.641975308642,percent YoY inflation,monthly,Consumer Price Index - Annual Variation.xlsx,
prices,CPI,Base : 2012 = 100     CPI Urban:  All India General Index (All Groups),2012-04-01,All India,9.121245828699,percent YoY inflation,monthly,Consumer Price Index - Annual Variation.xlsx,
prices,CPI,Base : 2012 = 100     CPI Urban:  All India General Index (All Groups),2012-05-01,All India,9.39226519337,percent YoY inflation,monthly,Consumer Price Index - Annual Variation.xlsx,
prices,CPI,Base : 2012 = 100     CPI Urban:  All India General Index (All Groups),2012-06-01,All India,9.518599562363,percent YoY inflation,monthly,Consumer Price Index - Annual Variation.xlsx,
prices,CPI,Base : 2012 = 100     CPI Urban:  All India General Index (All Groups),2012-07-01,All India,9.405405405405,percent YoY inflation,monthly,Consumer Price Index - Annual Variation.xlsx,
prices,CPI,Base : 2012 = 100     CPI Urban:  All India General Index (All Groups),2012-08-01,All India,9.324758842444,percent YoY inflation,monthly,Consumer Price Index - Annual Variation.xlsx,
prices,CPI,Base : 2012 = 100     CPI Urban:  All India General Index (All Groups),2012-09-01,All India,8.695652173913,percent YoY inflation,monthly,Consumer Price Index - Annual Variation.xlsx,
prices,CPI,Base : 2012 = 100     CPI Urban:  All India General Index (All Groups),2012-10-01,All India,8.517350157729,percent YoY inflation,monthly,Consumer Price Index - Annual Variation.xlsx,
prices,CPI,Base : 2012 = 100     CPI Urban:  All India General Index (All Groups),2012-11-01,All India,8.786610878661,percent YoY inflation,monthly,Consumer Price Index - Annual Variation.xlsx,
prices,CPI,Base : 2012 = 100     CPI Urban:  All India General Index (All Groups),2012-12-01,All India,9.674027339642,percent YoY inflation,monthly,Consumer Price Index - Annual Variation.xlsx,
prices,CPI,Base : 2012 = 100     CPI Urban:  All India General Index (All Groups),2013-01-01,All India,10.272536687631,percent YoY inflation,monthly,Consumer Price Index - Annual Variation.xlsx,
prices,CPI,Base : 2012 = 100     CPI Urban:  All India General Index (All Groups),2013-02-01,All India,10.531803962461,percent YoY inflation,monthly,Consumer Price Index - Annual Variation.xlsx,
prices,CPI,Base : 2012 = 100     CPI Urban:  All India General Index (All Groups),2013-03-01,All India,9.814049586777,percent YoY inflation,monthly,Consumer Price Index - Annual Variation.xlsx,
prices,CPI,Base : 2012 = 100     CPI Urban:  All India General Index (All Groups),2013-04-01,All India,9.072375127421,percent YoY inflation,monthly,Consumer Price Index - Annual Variation.xlsx,
prices,CPI,Base : 2012 = 100     CPI Urban:  All India General Index (All Groups),2013-05-01,All India,8.989898989899,percent YoY inflation,monthly,Consumer Price Index - Annual Variation.xlsx,
prices,CPI,Base : 2012 = 100     CPI Urban:  All India General Index (All Groups),2014-01-01,All India,8.557692307692,percent YoY inflation,monthly,Consumer Price Index - Annual Variation.xlsx,
prices,CPI,Base : 2012 = 100     CPI Urban:  All India General Index (All Groups),2014-02-01,All India,8.022922636103,percent YoY inflation,monthly,Consumer Price Index - Annual Variation.xlsx,
prices,CPI,Base : 2012 = 100     CPI Urban:  All India General Index (All Groups),2014-03-01,All India,8.285714285714,percent YoY inflation,monthly,Consumer Price Index - Annual Variation.xlsx,
prices,CPI,Base : 2012 = 100     CPI Urban:  All India General Index (All Groups),2014-04-01,All India,8.514664143803,percent YoY inflation,monthly,Consumer Price Index - Annual Variation.xlsx,
prices,CPI,Base : 2012 = 100     CPI Urban:  All India General Index (All Groups),2014-05-01,All India,8.44277673546,percent YoY inflation,monthly,Consumer Price Index - Annual Variation.xlsx,
prices,CPI,Base : 2012 = 100     CPI Urban:  All India General Index (All Groups),2014-06-01,All India,6.107566089335,percent YoY inflation,monthly,Consumer Price Index - Annual Variation.xlsx,
prices,CPI,Base : 2012 = 100     CPI Urban:  All India General Index (All Groups),2014-07-01,All India,6.73249551167,percent YoY inflation,monthly,Consumer Price Index - Annual Variation.xlsx,
prices,CPI,Base : 2012 = 100     CPI Urban:  All India General Index (All Groups),2014-08-01,All India,6.388642413487,percent YoY inflation,monthly,Consumer Price Index - Annual Variation.xlsx,
prices,CPI,Base : 2012 = 100     CPI Urban:  All India General Index (All Groups),2014-09-01,All India,5.30035335689,percent YoY inflation,monthly,Consumer Price Index - Annual Variation.xlsx,
prices,CPI,Base : 2012 = 100     CPI Urban:  All India General Index (All Groups),2014-10-01,All India,4.473684210526,percent YoY inflation,monthly,Consumer Price Index - Annual Variation.xlsx,
prices,CPI,Base : 2012 = 100     CPI Urban:  All India General Index (All Groups),2014-11-01,All India,3.478260869565,percent YoY inflation,monthly,Consumer Price Index - Annual Variation.xlsx,
prices,CPI,Base : 2012 = 100     CPI Urban:  All India General Index (All Groups),2014-12-01,All India,4.5013239188,percent YoY inflation,monthly,Consumer Price Index - Annual Variation.xlsx,
prices,CPI,Base : 2012 = 100     CPI Urban:  All India General Index (All Groups),2015-01-01,All India,4.960141718335,percent YoY inflation,monthly,Consumer Price Index - Annual Variation.xlsx,
prices,CPI,Base : 2012 = 100     CPI Urban:  All India General Index (All Groups),2015-02-01,All India,4.951370468612,percent YoY inflation,monthly,Consumer Price Index - Annual Variation.xlsx,
prices,CPI,Base : 2012 = 100     CPI Urban:  All India General Index (All Groups),2015-03-01,All India,4.749340369393,percent YoY inflation,monthly,Consumer Price Index - Annual Variation.xlsx,
prices,CPI,Base : 2012 = 100     CPI Urban:  All India General Index (All Groups),2015-04-01,All India,4.359197907585,percent YoY inflation,monthly,Consumer Price Index - Annual Variation.xlsx,
prices,CPI,Base : 2012 = 100     CPI Urban:  All India General Index (All Groups),2015-05-01,All India,4.411764705882,percent YoY inflation,monthly,Consumer Price Index - Annual Variation.xlsx,
prices,CPI,Base : 2012 = 100     CPI Urban:  All India General Index (All Groups),2015-06-01,All India,4.553264604811,percent YoY inflation,monthly,Consumer Price Index - Annual Variation.xlsx,
prices,CPI,Base : 2012 = 100     CPI Urban:  All India General Index (All Groups),2015-07-01,All India,2.943650126156,percent YoY inflation,monthly,Consumer Price Index - Annual Variation.xlsx,
prices,CPI,Base : 2012 = 100     CPI Urban:  All India General Index (All Groups),2015-08-01,All India,2.752293577982,percent YoY inflation,monthly,Consumer Price Index - Annual Variation.xlsx,
prices,CPI,Base : 2012 = 100     CPI Urban:  All India General Index (All Groups),2015-09-01,All India,3.607382550336,percent YoY inflation,monthly,Consumer Price Index - Annual Variation.xlsx,
prices,CPI,Base : 2012 = 100     CPI Urban:  All India General Index (All Groups),2015-10-01,All India,4.282115869018,percent YoY inflation,monthly,Consumer Price Index - Annual Variation.xlsx,
prices,CPI,Base : 2012 = 100     CPI Urban:  All India General Index (All Groups),2015-11-01,All India,4.705882352941,percent YoY inflation,monthly,Consumer Price Index - Annual Variation.xlsx,
prices,CPI,Base : 2012 = 100     CPI Urban:  All India General Index (All Groups),2015-12-01,All India,4.72972972973,percent YoY inflation,monthly,Consumer Price Index - Annual Variation.xlsx,
prices,CPI,Base : 2012 = 100     CPI Urban:  All India General Index (All Groups),2016-01-01,All India,4.810126582278,percent YoY inflation,monthly,Consumer Price Index - Annual Variation.xlsx,
prices,CPI,Base : 2012 = 100     CPI Urban:  All India General Index (All Groups),2016-02-01,All India,4.296545914069,percent YoY inflation,monthly,Consumer Price Index - Annual Variation.xlsx,
prices,CPI,Base : 2012 = 100     CPI Urban:  All India General Index (All Groups),2016-03-01,All India,3.946263643997,percent YoY inflation,monthly,Consumer Price Index - Annual Variation.xlsx,
prices,CPI,Base : 2012 = 100     CPI Urban:  All India General Index (All Groups),2016-04-01,All India,4.678362573099,percent YoY inflation,monthly,Consumer Price Index - Annual Variation.xlsx,
prices,CPI,Base : 2012 = 100     CPI Urban:  All India General Index (All Groups),2016-05-01,All India,4.888152444076,percent YoY inflation,monthly,Consumer Price Index - Annual Variation.xlsx,
prices,CPI,Base : 2012 = 100     CPI Urban:  All India General Index (All Groups),2016-06-01,All India,5.258833196385,percent YoY inflation,monthly,Consumer Price Index - Annual Variation.xlsx,
prices,CPI,Base : 2012 = 100     CPI Urban:  All India General Index (All Groups),2016-07-01,All India,5.392156862745,percent YoY inflation,monthly,Consumer Price Index - Annual Variation.xlsx,
prices,CPI,Base : 2012 = 100     CPI Urban:  All India General Index (All Groups),2016-08-01,All India,4.220779220779,percent YoY inflation,monthly,Consumer Price Index - Annual Variation.xlsx,
prices,CPI,Base : 2012 = 100     CPI Urban:  All India General Index (All Groups),2016-09-01,All India,3.643724696356,percent YoY inflation,monthly,Consumer Price Index - Annual Variation.xlsx,
prices,CPI,Base : 2012 = 100     CPI Urban:  All India General Index (All Groups),2016-10-01,All India,3.54267310789,percent YoY inflation,monthly,Consumer Price Index - Annual Variation.xlsx,
prices,CPI,Base : 2012 = 100     CPI Urban:  All India General Index (All Groups),2016-11-01,All India,3.130016051364,percent YoY inflation,monthly,Consumer Price Index - Annual Variation.xlsx,
prices,CPI,Base : 2012 = 100     CPI Urban:  All India General Index (All Groups),2016-12-01,All India,2.903225806452,percent YoY inflation,monthly,Consumer Price Index - Annual Variation.xlsx,
prices,CPI,Base : 2012 = 100     CPI Urban:  All India General Index (All Groups),2017-01-01,All India,2.898550724638,percent YoY inflation,monthly,Consumer Price Index - Annual Variation.xlsx,
prices,CPI,Base : 2012 = 100     CPI Urban:  All India General Index (All Groups),2017-02-01,All India,3.554119547658,percent YoY inflation,monthly,Consumer Price Index - Annual Variation.xlsx,
prices,CPI,Base : 2012 = 100     CPI Urban:  All India General Index (All Groups),2017-03-01,All India,3.957996768982,percent YoY inflation,monthly,Consumer Price Index - Annual Variation.xlsx,
prices,CPI,Base : 2012 = 100     CPI Urban:  All India General Index (All Groups),2017-04-01,All India,3.032721,percent YoY inflation,monthly,Consumer Price Index - Annual Variation.xlsx,
prices,CPI,Base : 2012 = 100     CPI Urban:  All India General Index (All Groups),2017-05-01,All India,2.132701,percent YoY inflation,monthly,Consumer Price Index - Annual Variation.xlsx,
prices,CPI,Base : 2012 = 100     CPI Urban:  All India General Index (All Groups),2017-06-01,All India,1.405152,percent YoY inflation,monthly,Consumer Price Index - Annual Variation.xlsx,
prices,CPI,Base : 2012 = 100     CPI Urban:  All India General Index (All Groups),2017-07-01,All India,2.170543,percent YoY inflation,monthly,Consumer Price Index - Annual Variation.xlsx,
prices,CPI,Base : 2012 = 100     CPI Urban:  All India General Index (All Groups),2017-08-01,All India,3.34891,percent YoY inflation,monthly,Consumer Price Index - Annual Variation.xlsx,
prices,CPI,Base : 2012 = 100     CPI Urban:  All India General Index (All Groups),2017-09-01,All India,3.4375,percent YoY inflation,monthly,Consumer Price Index - Annual Variation.xlsx,
prices,CPI,Base : 2012 = 100     CPI Urban:  All India General Index (All Groups),2017-10-01,All India,3.810264,percent YoY inflation,monthly,Consumer Price Index - Annual Variation.xlsx,
prices,CPI,Base : 2012 = 100     CPI Urban:  All India General Index (All Groups),2017-11-01,All India,4.902724,percent YoY inflation,monthly,Consumer Price Index - Annual Variation.xlsx,
prices,CPI,Base : 2012 = 100     CPI Urban:  All India General Index (All Groups),2017-12-01,All India,5.094044,percent YoY inflation,monthly,Consumer Price Index - Annual Variation.xlsx,
prices,CPI,Base : 2012 = 100     CPI Urban:  All India General Index (All Groups),2018-04-01,All India,4.415182,percent YoY inflation,monthly,Consumer Price Index - Annual Variation.xlsx,
prices,CPI,Base : 2012 = 100     CPI Urban:  All India General Index (All Groups),2018-05-01,All India,4.717711,percent YoY inflation,monthly,Consumer Price Index - Annual Variation.xlsx,
prices,CPI,Base : 2012 = 100     CPI Urban:  All India General Index (All Groups),2018-06-01,All India,4.849885,percent YoY inflation,monthly,Consumer Price Index - Annual Variation.xlsx,
prices,CPI,Base : 2012 = 100     CPI Urban:  All India General Index (All Groups),2018-07-01,All India,4.324734,percent YoY inflation,monthly,Consumer Price Index - Annual Variation.xlsx,
prices,CPI,Base : 2012 = 100     CPI Urban:  All India General Index (All Groups),2018-08-01,All India,3.993971,percent YoY inflation,monthly,Consumer Price Index - Annual Variation.xlsx,
prices,CPI,Base : 2012 = 100     CPI Urban:  All India General Index (All Groups),2018-09-01,All India,4.305136,percent YoY inflation,monthly,Consumer Price Index - Annual Variation.xlsx,
prices,CPI,Base : 2012 = 100     CPI Urban:  All India General Index (All Groups),2018-10-01,All India,4.044944,percent YoY inflation,monthly,Consumer Price Index - Annual Variation.xlsx,
prices,CPI,Base : 2012 = 100     CPI Urban:  All India General Index (All Groups),2018-11-01,All India,3.115727,percent YoY inflation,monthly,Consumer Price Index - Annual Variation.xlsx,
prices,CPI,Base : 2012 = 100     CPI Urban:  All India General Index (All Groups),2018-12-01,All India,2.908277,percent YoY inflation,monthly,Consumer Price Index - Annual Variation.xlsx,
prices,CPI,Base : 2012 = 100     CPI Urban:  All India General Index (All Groups),2019-01-01,All India,2.908277,percent YoY inflation,monthly,Consumer Price Index - Annual Variation.xlsx,
prices,CPI,Base : 2012 = 100     CPI Urban:  All India General Index (All Groups),2019-02-01,All India,3.432836,percent YoY inflation,monthly,Consumer Price Index - Annual Variation.xlsx,
prices,CPI,Base : 2012 = 100     CPI Urban:  All India General Index (All Groups),2019-03-01,All India,4.104478,percent YoY inflation,monthly,Consumer Price Index - Annual Variation.xlsx,
prices,CPI,Base : 2012 = 100     CPI Urban:  All India General Index (All Groups),2019-04-01,All India,4.302671,percent YoY inflation,monthly,Consumer Price Index - Annual Variation.xlsx,
prices,CPI,Base : 2012 = 100     CPI Urban:  All India General Index (All Groups),2019-05-01,All India,4.50517,percent YoY inflation,monthly,Consumer Price Index - Annual Variation.xlsx,
prices,CPI,Base : 2012 = 100     CPI Urban:  All India General Index (All Groups),2019-06-01,All India,4.331865,percent YoY inflation,monthly,Consumer Price Index - Annual Variation.xlsx,
prices,CPI,Base : 2012 = 100     CPI Urban:  All India General Index (All Groups),2019-07-01,All India,4.218182,percent YoY inflation,monthly,Consumer Price Index - Annual Variation.xlsx,
prices,CPI,Base : 2012 = 100     CPI Urban:  All India General Index (All Groups),2019-08-01,All India,4.492754,percent YoY inflation,monthly,Consumer Price Index - Annual Variation.xlsx,
prices,CPI,Base : 2012 = 100     CPI Urban:  All India General Index (All Groups),2019-09-01,All India,4.779146,percent YoY inflation,monthly,Consumer Price Index - Annual Variation.xlsx,
prices,CPI,Base : 2012 = 100     CPI Urban:  All India General Index (All Groups),2019-10-01,All India,5.111591,percent YoY inflation,monthly,Consumer Price Index - Annual Variation.xlsx,
prices,CPI,Base : 2012 = 100     CPI Urban:  All India General Index (All Groups),2019-11-01,All India,5.755396,percent YoY inflation,monthly,Consumer Price Index - Annual Variation.xlsx,
prices,CPI,Base : 2012 = 100     CPI Urban:  All India General Index (All Groups),2019-12-01,All India,7.463768,percent YoY inflation,monthly,Consumer Price Index - Annual Variation.xlsx,
prices,CPI,Base : 2012 = 100     CPI Urban:  All India General Index (All Groups),2020-01-01,All India,7.391304,percent YoY inflation,monthly,Consumer Price Index - Annual Variation.xlsx,
prices,CPI,Base : 2012 = 100     CPI Urban:  All India General Index (All Groups),2020-02-01,All India,6.565657,percent YoY inflation,monthly,Consumer Price Index - Annual Variation.xlsx,
prices,CPI,Base : 2012 = 100     CPI Urban:  All India General Index (All Groups),2020-03-01,All India,5.591398,percent YoY inflation,monthly,Consumer Price Index - Annual Variation.xlsx,
prices,CPI,Base : 2012 = 100     CPI Urban:  All India General Index (All Groups),2020-04-01,All India,7.325747,percent YoY inflation,monthly,Consumer Price Index - Annual Variation.xlsx,
prices,CPI,Base : 2012 = 100     CPI Urban:  All India General Index (All Groups),2020-05-01,All India,6.431095,percent YoY inflation,monthly,Consumer Price Index - Annual Variation.xlsx,
prices,CPI,Base : 2012 = 100     CPI Urban:  All India General Index (All Groups),2020-06-01,All India,6.122449,percent YoY inflation,monthly,Consumer Price Index - Annual Variation.xlsx,
prices,CPI,Base : 2012 = 100     CPI Urban:  All India General Index (All Groups),2020-07-01,All India,6.699232,percent YoY inflation,monthly,Consumer Price Index - Annual Variation.xlsx,
prices,CPI,Base : 2012 = 100     CPI Urban:  All India General Index (All Groups),2020-08-01,All India,6.796117,percent YoY inflation,monthly,Consumer Price Index - Annual Variation.xlsx,
prices,CPI,Base : 2012 = 100     CPI Urban:  All India General Index (All Groups),2020-09-01,All India,7.256393,percent YoY inflation,monthly,Consumer Price Index - Annual Variation.xlsx,
prices,CPI,Base : 2012 = 100     CPI Urban:  All India General Index (All Groups),2020-10-01,All India,7.328767,percent YoY inflation,monthly,Consumer Price Index - Annual Variation.xlsx,
prices,CPI,Base : 2012 = 100     CPI Urban:  All India General Index (All Groups),2020-11-01,All India,6.734694,percent YoY inflation,monthly,Consumer Price Index - Annual Variation.xlsx,
prices,CPI,Base : 2012 = 100     CPI Urban:  All India General Index (All Groups),2020-12-01,All India,5.192178,percent YoY inflation,monthly,Consumer Price Index - Annual Variation.xlsx,
prices,CPI,Base : 2012 = 100     CPI Urban:  All India General Index (All Groups),2021-01-01,All India,5.128205,percent YoY inflation,monthly,Consumer Price Index - Annual Variation.xlsx,
prices,CPI,Base : 2012 = 100     CPI Urban:  All India General Index (All Groups),2021-02-01,All India,5.958023,percent YoY inflation,monthly,Consumer Price Index - Annual Variation.xlsx,
prices,CPI,Base : 2012 = 100     CPI Urban:  All India General Index (All Groups),2021-03-01,All India,6.517312,percent YoY inflation,monthly,Consumer Price Index - Annual Variation.xlsx,
prices,CPI,Base : 2012 = 100     CPI Urban:  All India General Index (All Groups),2021-04-01,All India,4.705103,percent YoY inflation,monthly,Consumer Price Index - Annual Variation.xlsx,
prices,CPI,Base : 2012 = 100     CPI Urban:  All India General Index (All Groups),2021-05-01,All India,5.909695,percent YoY inflation,monthly,Consumer Price Index - Annual Variation.xlsx,
prices,CPI,Base : 2012 = 100     CPI Urban:  All India General Index (All Groups),2021-06-01,All India,6.366048,percent YoY inflation,monthly,Consumer Price Index - Annual Variation.xlsx,
prices,CPI,Base : 2012 = 100     CPI Urban:  All India General Index (All Groups),2021-07-01,All India,5.820798,percent YoY inflation,monthly,Consumer Price Index - Annual Variation.xlsx,
prices,CPI,Base : 2012 = 100     CPI Urban:  All India General Index (All Groups),2021-08-01,All India,5.324675,percent YoY inflation,monthly,Consumer Price Index - Annual Variation.xlsx,
prices,CPI,Base : 2012 = 100     CPI Urban:  All India General Index (All Groups),2021-09-01,All India,4.574742,percent YoY inflation,monthly,Consumer Price Index - Annual Variation.xlsx,
prices,CPI,Base : 2012 = 100     CPI Urban:  All India General Index (All Groups),2021-10-01,All India,5.041481,percent YoY inflation,monthly,Consumer Price Index - Annual Variation.xlsx,
prices,CPI,Base : 2012 = 100     CPI Urban:  All India General Index (All Groups),2021-11-01,All India,5.544933,percent YoY inflation,monthly,Consumer Price Index - Annual Variation.xlsx,
prices,CPI,Base : 2012 = 100     CPI Urban:  All India General Index (All Groups),2021-12-01,All India,5.897436,percent YoY inflation,monthly,Consumer Price Index - Annual Variation.xlsx,
prices,CPI,Base : 2012 = 100     CPI Urban:  All India General Index (All Groups),2022-01-01,All India,5.905006,percent YoY inflation,monthly,Consumer Price Index - Annual Variation.xlsx,
prices,CPI,Base : 2012 = 100     CPI Urban:  All India General Index (All Groups),2022-02-01,All India,5.750799,percent YoY inflation,monthly,Consumer Price Index - Annual Variation.xlsx,
prices,CPI,Base : 2012 = 100     CPI Urban:  All India General Index (All Groups),2022-03-01,All India,6.118547,percent YoY inflation,monthly,Consumer Price Index - Annual Variation.xlsx,
prices,CPI,Base : 2012 = 100     CPI Urban:  All India General Index (All Groups),2022-04-01,All India,7.088608,percent YoY inflation,monthly,Consumer Price Index - Annual Variation.xlsx,
prices,CPI,Base : 2012 = 100     CPI Urban:  All India General Index (All Groups),2022-05-01,All India,7.084639,percent YoY inflation,monthly,Consumer Price Index - Annual Variation.xlsx,
prices,CPI,Base : 2012 = 100     CPI Urban:  All India General Index (All Groups),2022-06-01,All India,6.857855,percent YoY inflation,monthly,Consumer Price Index - Annual Variation.xlsx,
prices,CPI,Base : 2012 = 100     CPI Urban:  All India General Index (All Groups),2022-07-01,All India,6.489493,percent YoY inflation,monthly,Consumer Price Index - Annual Variation.xlsx,
prices,CPI,Base : 2012 = 100     CPI Urban:  All India General Index (All Groups),2022-08-01,All India,6.720099,percent YoY inflation,monthly,Consumer Price Index - Annual Variation.xlsx,
prices,CPI,Base : 2012 = 100     CPI Urban:  All India General Index (All Groups),2022-09-01,All India,7.270487,percent YoY inflation,monthly,Consumer Price Index - Annual Variation.xlsx,
prices,CPI,Base : 2012 = 100     CPI Urban:  All India General Index (All Groups),2022-10-01,All India,6.500608,percent YoY inflation,monthly,Consumer Price Index - Annual Variation.xlsx,
prices,CPI,Base : 2012 = 100     CPI Urban:  All India General Index (All Groups),2022-11-01,All India,5.676329,percent YoY inflation,monthly,Consumer Price Index - Annual Variation.xlsx,
prices,CPI,Base : 2012 = 100     CPI Urban:  All India General Index (All Groups),2022-12-01,All India,5.387409,percent YoY inflation,monthly,Consumer Price Index - Annual Variation.xlsx,
prices,CPI,Base : 2012 = 100     CPI Urban:  All India General Index (All Groups),2023-01-01,All India,6.0,percent YoY inflation,monthly,Consumer Price Index - Annual Variation.xlsx,
prices,CPI,Base : 2012 = 100     CPI Urban:  All India General Index (All Groups),2023-02-01,All India,6.102719,percent YoY inflation,monthly,Consumer Price Index - Annual Variation.xlsx,
prices,CPI,Base : 2012 = 100     CPI Urban:  All India General Index (All Groups),2023-03-01,All India,5.885886,percent YoY inflation,monthly,Consumer Price Index - Annual Variation.xlsx,
prices,CPI,Base : 2012 = 100     CPI Urban:  All India General Index (All Groups),2023-04-01,All India,4.846336,percent YoY inflation,monthly,Consumer Price Index - Annual Variation.xlsx,
prices,CPI,Base : 2012 = 100     CPI Urban:  All India General Index (All Groups),2023-05-01,All India,4.33255,percent YoY inflation,monthly,Consumer Price Index - Annual Variation.xlsx,
prices,CPI,Base : 2012 = 100     CPI Urban:  All India General Index (All Groups),2023-06-01,All India,4.959159,percent YoY inflation,monthly,Consumer Price Index - Annual Variation.xlsx,
prices,CPI,Base : 2012 = 100     CPI Urban:  All India General Index (All Groups),2023-07-01,All India,7.19675,percent YoY inflation,monthly,Consumer Price Index - Annual Variation.xlsx,
prices,CPI,Base : 2012 = 100     CPI Urban:  All India General Index (All Groups),2023-08-01,All India,6.585789,percent YoY inflation,monthly,Consumer Price Index - Annual Variation.xlsx,
prices,CPI,Base : 2012 = 100     CPI Urban:  All India General Index (All Groups),2023-09-01,All India,4.652499,percent YoY inflation,monthly,Consumer Price Index - Annual Variation.xlsx,
prices,CPI,Base : 2012 = 100     CPI Urban:  All India General Index (All Groups),2023-10-01,All India,4.62065,percent YoY inflation,monthly,Consumer Price Index - Annual Variation.xlsx,
prices,CPI,Base : 2012 = 100     CPI Urban:  All India General Index (All Groups),2023-11-01,All India,5.257143,percent YoY inflation,monthly,Consumer Price Index - Annual Variation.xlsx,
prices,CPI,Base : 2012 = 100     CPI Urban:  All India General Index (All Groups),2023-12-01,All India,5.456634,percent YoY inflation,monthly,Consumer Price Index - Annual Variation.xlsx,
prices,CPI,Base : 2012 = 100     CPI Urban:  All India General Index (All Groups),2024-01-01,All India,4.917095,percent YoY inflation,monthly,Consumer Price Index - Annual Variation.xlsx,
prices,CPI,Base : 2012 = 100     CPI Urban:  All India General Index (All Groups),2024-02-01,All India,4.783599,percent YoY inflation,monthly,Consumer Price Index - Annual Variation.xlsx,
prices,CPI,Base : 2012 = 100     CPI Urban:  All India General Index (All Groups),2024-03-01,All India,4.140669,percent YoY inflation,monthly,Consumer Price Index - Annual Variation.xlsx,
prices,CPI,Base : 2012 = 100     CPI Urban:  All India General Index (All Groups),2024-04-01,All India,4.115,percent YoY inflation,monthly,Consumer Price Index - Annual Variation.xlsx,
prices,CPI,Base : 2012 = 100     CPI Urban:  All India General Index (All Groups),2024-05-01,All India,4.2088,percent YoY inflation,monthly,Consumer Price Index - Annual Variation.xlsx,
prices,CPI,Base : 2012 = 100     CPI Urban:  All India General Index (All Groups),2024-06-01,All India,4.3913,percent YoY inflation,monthly,Consumer Price Index - Annual Variation.xlsx,
prices,CPI,Base : 2012 = 100     CPI Urban:  All India General Index (All Groups),2024-07-01,All India,3.0319,percent YoY inflation,monthly,Consumer Price Index - Annual Variation.xlsx,
prices,CPI,Base : 2012 = 100     CPI Urban:  All India General Index (All Groups),2024-08-01,All India,3.1436,percent YoY inflation,monthly,Consumer Price Index - Annual Variation.xlsx,
prices,CPI,Base : 2012 = 100     CPI Urban:  All India General Index (All Groups),2024-09-01,All India,5.0494,percent YoY inflation,monthly,Consumer Price Index - Annual Variation.xlsx,
prices,CPI,Base : 2012 = 100     CPI Urban:  All India General Index (All Groups),2024-10-01,All India,5.6161,percent YoY inflation,monthly,Consumer Price Index - Annual Variation.xlsx,
prices,CPI,Base : 2012 = 100     CPI Urban:  All India General Index (All Groups),2024-11-01,All India,4.886,percent YoY inflation,monthly,Consumer Price Index - Annual Variation.xlsx,
prices,CPI,Base : 2012 = 100     CPI Urban:  All India General Index (All Groups),2024-12-01,All India,4.5752,percent YoY inflation,monthly,Consumer Price Index - Annual Variation.xlsx,
prices,CPI,Base : 2012 = 100     CPI Urban:  All India General Index (All Groups),2025-01-01,All India,3.8692,percent YoY inflation,monthly,Consumer Price Index - Annual Variation.xlsx,
prices,CPI,Base : 2012 = 100     CPI Urban:  All India General Index (All Groups),2025-02-01,All India,3.3152,percent YoY inflation,monthly,Consumer Price Index - Annual Variation.xlsx,
prices,CPI,Base : 2012 = 100     CPI Urban:  All India General Index (All Groups),2025-03-01,All India,3.4314,percent YoY inflation,monthly,Consumer Price Index - Annual Variation.xlsx,
prices,CPI,Base : 2012 = 100     CPI Urban:  All India General Index (All Groups),2025-04-01,All India,3.3568,percent YoY inflation,monthly,Consumer Price Index - Annual Variation.xlsx,
prices,CPI,Base : 2012 = 100     CPI Urban:  All India General Index (All Groups),2025-05-01,All India,3.1233,percent YoY inflation,monthly,Consumer Price Index - Annual Variation.xlsx,
prices,CPI,Base : 2012 = 100     CPI Urban:  All India General Index (All Groups),2025-06-01,All India,2.5559,percent YoY inflation,monthly,Consumer Price Index - Annual Variation.xlsx,
prices,CPI,Base : 2012 = 100     CPI Urban:  All India General Index (All Groups),2025-07-01,All India,2.0494,percent YoY inflation,monthly,Consumer Price Index - Annual Variation.xlsx,
prices,CPI,Base : 2012 = 100     CPI Urban:  All India General Index (All Groups),2025-08-01,All India,2.4698,percent YoY inflation,monthly,Consumer Price Index - Annual Variation.xlsx,
prices,CPI,Base : 2012 = 100     CPI Urban:  All India General Index (All Groups),2025-09-01,All India,1.8286,percent YoY inflation,monthly,Consumer Price Index - Annual Variation.xlsx,
prices,CPI,Base : 2012 = 100     CPI Urban:  All India General Index (All Groups),2025-10-01,All India,0.8776,percent YoY inflation,monthly,Consumer Price Index - Annual Variation.xlsx,
prices,CPI,Base : 2012 = 100     CPI Urban:  All India General Index (All Groups),2025-11-01,All India,1.3975,percent YoY inflation,monthly,Consumer Price Index - Annual Variation.xlsx,
prices,CPI,Base : 2019 = 100 = 100      CPI - Agricultural Labourer : All India General Index,2025-06-01,All India,1.416627,percent YoY inflation,monthly,Consumer Price Index - Annual Variation.xlsx,
prices,CPI,Base : 2019 = 100 = 100      CPI - Agricultural Labourer : All India General Index,2025-07-01,All India,0.7746,percent YoY inflation,monthly,Consumer Price Index - Annual Variation.xlsx,
prices,CPI,Base : 2019 = 100 = 100      CPI - Agricultural Labourer : All India General Index,2025-08-01,All India,1.0997,percent YoY inflation,monthly,Consumer Price Index - Annual Variation.xlsx,
prices,CPI,Base : 2019 = 100 = 100      CPI - Agricultural Labourer : All India General Index,2025-09-01,All India,-0.07,percent YoY inflation,monthly,Consumer Price Index - Annual Variation.xlsx,
prices,CPI,Base : 2019 = 100 = 100      CPI - Agricultural Labourer : All India General Index,2025-10-01,All India,-1.3738,percent YoY inflation,monthly,Consumer Price Index - Annual Variation.xlsx,
prices,CPI,Base : 2019 = 100 = 100      CPI - Agricultural Labourer : All India General Index,2025-11-01,All India,-0.6508,percent YoY inflation,monthly,Consumer Price Index - Annual Variation.xlsx,
prices,CPI,Base : 2019 = 100 = 100      CPI - Agricultural Labourer : All India General Index,2025-12-01,All India,0.0365,percent YoY inflation,monthly,Consumer Price Index - Annual Variation.xlsx,
prices,CPI,Base : 2019 = 100 = 100      CPI - Agricultural Labourer : All India General Index,2026-01-01,All India,1.6086,percent YoY inflation,monthly,Consumer Price Index - Annual Variation.xlsx,
prices,CPI,Base : 2019 = 100 = 100      CPI - Agricultural Labourer : All India General Index,2026-02-01,All India,2.5701,percent YoY inflation,monthly,Consumer Price Index - Annual Variation.xlsx,
prices,CPI,Base : 2019 = 100 = 100      CPI - Agricultural Labourer : All India General Index,2026-03-01,All India,3.18,percent YoY inflation,monthly,Consumer Price Index - Annual Variation.xlsx,
prices,CPI,Base : 2019 = 100 = 100      CPI - Agricultural Labourer : All India General Index,2026-04-01,All India,3.3901,percent YoY inflation,monthly,Consumer Price Index - Annual Variation.xlsx,
prices,CPI,Base : 2019 = 100 = 100      CPI - Agricultural Labourer : All India General Index,2026-05-01,All India,4.08,percent YoY inflation,monthly,Consumer Price Index - Annual Variation.xlsx,
prices,CPI,Base : 2019 = 100 = 100      CPI - Agricultural Labourer : All India General Index,2026-06-01,All India,4.46,percent YoY inflation,monthly,Consumer Price Index - Annual Variation.xlsx,
prices,CPI,Base : 2024 = 100     CPI Combined:  All India  General Index (All Groups),2026-01-01,All India,2.7343,percent YoY inflation,monthly,Consumer Price Index - Annual Variation.xlsx,
prices,CPI,Base : 2024 = 100     CPI Combined:  All India  General Index (All Groups),2026-02-01,All India,3.2077,percent YoY inflation,monthly,Consumer Price Index - Annual Variation.xlsx,
prices,CPI,Base : 2024 = 100     CPI Combined:  All India  General Index (All Groups),2026-03-01,All India,3.4027,percent YoY inflation,monthly,Consumer Price Index - Annual Variation.xlsx,
prices,CPI,Base : 2024 = 100     CPI Combined:  All India  General Index (All Groups),2026-04-01,All India,3.4849,percent YoY inflation,monthly,Consumer Price Index - Annual Variation.xlsx,
prices,CPI,Base : 2024 = 100     CPI Combined:  All India  General Index (All Groups),2026-05-01,All India,3.929187283534,percent YoY inflation,monthly,Consumer Price Index - Annual Variation.xlsx,
prices,CPI,Base : 2024 = 100     CPI Combined:  All India  General Index (All Groups),2026-06-01,All India,4.38,percent YoY inflation,monthly,Consumer Price Index - Annual Variation.xlsx,
prices,CPI,Base : 2024 = 100     CPI Rural:  All India General Index (All Groups),2026-01-01,All India,2.7306,percent YoY inflation,monthly,Consumer Price Index - Annual Variation.xlsx,
prices,CPI,Base : 2024 = 100     CPI Rural:  All India General Index (All Groups),2026-02-01,All India,3.3652,percent YoY inflation,monthly,Consumer Price Index - Annual Variation.xlsx,
prices,CPI,Base : 2024 = 100     CPI Rural:  All India General Index (All Groups),2026-03-01,All India,3.6313,percent YoY inflation,monthly,Consumer Price Index - Annual Variation.xlsx,
prices,CPI,Base : 2024 = 100     CPI Rural:  All India General Index (All Groups),2026-04-01,All India,3.7344,percent YoY inflation,monthly,Consumer Price Index - Annual Variation.xlsx,
prices,CPI,Base : 2024 = 100     CPI Rural:  All India General Index (All Groups),2026-05-01,All India,4.253505438071,percent YoY inflation,monthly,Consumer Price Index - Annual Variation.xlsx,
prices,CPI,Base : 2024 = 100     CPI Rural:  All India General Index (All Groups),2026-06-01,All India,4.74,percent YoY inflation,monthly,Consumer Price Index - Annual Variation.xlsx,
prices,CPI,Base : 2024 = 100     CPI Urban:  All India General Index (All Groups),2026-01-01,All India,2.749,percent YoY inflation,monthly,Consumer Price Index - Annual Variation.xlsx,
prices,CPI,Base : 2024 = 100     CPI Urban:  All India General Index (All Groups),2026-02-01,All India,3.0207,percent YoY inflation,monthly,Consumer Price Index - Annual Variation.xlsx,
prices,CPI,Base : 2024 = 100     CPI Urban:  All India General Index (All Groups),2026-03-01,All India,3.1044,percent YoY inflation,monthly,Consumer Price Index - Annual Variation.xlsx,
prices,CPI,Base : 2024 = 100     CPI Urban:  All India General Index (All Groups),2026-04-01,All India,3.156,percent YoY inflation,monthly,Consumer Price Index - Annual Variation.xlsx,
prices,CPI,Base : 2024 = 100     CPI Urban:  All India General Index (All Groups),2026-05-01,All India,3.527136226832,percent YoY inflation,monthly,Consumer Price Index - Annual Variation.xlsx,
prices,CPI,Base : 2024 = 100     CPI Urban:  All India General Index (All Groups),2026-06-01,All India,3.92,percent YoY inflation,monthly,Consumer Price Index - Annual Variation.xlsx,
prices,CPI,Core CPI excluding food and fuel — Combined,2025-01-01,All India,101.83,percent YoY inflation,monthly,RBIB Table No. 19 _ Consumer Price Index (Base 2010=100).xlsx,
prices,CPI,Core CPI excluding food and fuel — Combined,2025-02-01,All India,102.12,percent YoY inflation,monthly,RBIB Table No. 19 _ Consumer Price Index (Base 2010=100).xlsx,
prices,CPI,Core CPI excluding food and fuel — Combined,2025-03-01,All India,102.34,percent YoY inflation,monthly,RBIB Table No. 19 _ Consumer Price Index (Base 2010=100).xlsx,
prices,CPI,Core CPI excluding food and fuel — Combined,2025-04-01,All India,102.66,percent YoY inflation,monthly,RBIB Table No. 19 _ Consumer Price Index (Base 2010=100).xlsx,
prices,CPI,Core CPI excluding food and fuel — Combined,2025-05-01,All India,102.98,percent YoY inflation,monthly,RBIB Table No. 19 _ Consumer Price Index (Base 2010=100).xlsx,
prices,CPI,Core CPI excluding food and fuel — Combined,2025-06-01,All India,103.31,percent YoY inflation,monthly,RBIB Table No. 19 _ Consumer Price Index (Base 2010=100).xlsx,
prices,CPI,Core CPI excluding food and fuel — Combined,2025-07-01,All India,103.62,percent YoY inflation,monthly,RBIB Table No. 19 _ Consumer Price Index (Base 2010=100).xlsx,
prices,CPI,Core CPI excluding food and fuel — Combined,2025-08-01,All India,103.89,percent YoY inflation,monthly,RBIB Table No. 19 _ Consumer Price Index (Base 2010=100).xlsx,
prices,CPI,Core CPI excluding food and fuel — Combined,2025-09-01,All India,104.13,percent YoY inflation,monthly,RBIB Table No. 19 _ Consumer Price Index (Base 2010=100).xlsx,
prices,CPI,Core CPI excluding food and fuel — Combined,2025-10-01,All India,104.26,percent YoY inflation,monthly,RBIB Table No. 19 _ Consumer Price Index (Base 2010=100).xlsx,
prices,CPI,Core CPI excluding food and fuel — Combined,2025-11-01,All India,104.45,percent YoY inflation,monthly,RBIB Table No. 19 _ Consumer Price Index (Base 2010=100).xlsx,
prices,CPI,Core CPI excluding food and fuel — Combined,2025-12-01,All India,104.83,percent YoY inflation,monthly,RBIB Table No. 19 _ Consumer Price Index (Base 2010=100).xlsx,
prices,CPI,Core CPI excluding food and fuel — Combined,2026-01-01,All India,105.57,percent YoY inflation,monthly,RBIB Table No. 19 _ Consumer Price Index (Base 2010=100).xlsx,
prices,CPI,Core CPI excluding food and fuel — Combined,2026-02-01,All India,105.9,percent YoY inflation,monthly,RBIB Table No. 19 _ Consumer Price Index (Base 2010=100).xlsx,
prices,CPI,Core CPI excluding food and fuel — Combined,2026-03-01,All India,106.08,percent YoY inflation,monthly,RBIB Table No. 19 _ Consumer Price Index (Base 2010=100).xlsx,
prices,CPI,Core CPI excluding food and fuel — Combined,2026-04-01,All India,106.45,percent YoY inflation,monthly,RBIB Table No. 19 _ Consumer Price Index (Base 2010=100).xlsx,
prices,CPI,Core CPI excluding food and fuel — Combined,2026-05-01,All India,106.99,percent YoY inflation,monthly,RBIB Table No. 19 _ Consumer Price Index (Base 2010=100).xlsx,
prices,CPI,Core CPI excluding food and fuel — Combined,2026-06-01,All India,107.34,percent YoY inflation,monthly,RBIB Table No. 19 _ Consumer Price Index (Base 2010=100).xlsx,
