sector,subsector,indicator_name,date,region_state,value,unit,frequency,source,notes
industry,manufacturing,1. Food products,2023-04-01,All India,98.9,index (base 2022-23=100),monthly,Index Numbers of Twenty Three Major Industry Groups of the Manufacturing Sector (Base_ 2022-23 = 100).xlsx,
industry,manufacturing,1. Food products,2023-05-01,All India,97.6,index (base 2022-23=100),monthly,Index Numbers of Twenty Three Major Industry Groups of the Manufacturing Sector (Base_ 2022-23 = 100).xlsx,
industry,manufacturing,1. Food products,2023-06-01,All India,92.6,index (base 2022-23=100),monthly,Index Numbers of Twenty Three Major Industry Groups of the Manufacturing Sector (Base_ 2022-23 = 100).xlsx,
industry,manufacturing,1. Food products,2023-07-01,All India,97.3,index (base 2022-23=100),monthly,Index Numbers of Twenty Three Major Industry Groups of the Manufacturing Sector (Base_ 2022-23 = 100).xlsx,
industry,manufacturing,1. Food products,2023-08-01,All India,99.2,index (base 2022-23=100),monthly,Index Numbers of Twenty Three Major Industry Groups of the Manufacturing Sector (Base_ 2022-23 = 100).xlsx,
industry,manufacturing,1. Food products,2023-09-01,All India,93.0,index (base 2022-23=100),monthly,Index Numbers of Twenty Three Major Industry Groups of the Manufacturing Sector (Base_ 2022-23 = 100).xlsx,
industry,manufacturing,1. Food products,2023-10-01,All India,100.0,index (base 2022-23=100),monthly,Index Numbers of Twenty Three Major Industry Groups of the Manufacturing Sector (Base_ 2022-23 = 100).xlsx,
industry,manufacturing,1. Food products,2023-11-01,All India,108.3,index (base 2022-23=100),monthly,Index Numbers of Twenty Three Major Industry Groups of the Manufacturing Sector (Base_ 2022-23 = 100).xlsx,
industry,manufacturing,1. Food products,2023-12-01,All India,119.4,index (base 2022-23=100),monthly,Index Numbers of Twenty Three Major Industry Groups of the Manufacturing Sector (Base_ 2022-23 = 100).xlsx,
industry,manufacturing,1. Food products,2024-01-01,All India,111.8,index (base 2022-23=100),monthly,Index Numbers of Twenty Three Major Industry Groups of the Manufacturing Sector (Base_ 2022-23 = 100).xlsx,
industry,manufacturing,1. Food products,2024-02-01,All India,108.1,index (base 2022-23=100),monthly,Index Numbers of Twenty Three Major Industry Groups of the Manufacturing Sector (Base_ 2022-23 = 100).xlsx,
industry,manufacturing,1. Food products,2024-03-01,All India,106.3,index (base 2022-23=100),monthly,Index Numbers of Twenty Three Major Industry Groups of the Manufacturing Sector (Base_ 2022-23 = 100).xlsx,
industry,manufacturing,1. Food products,2024-04-01,All India,92.2,index (base 2022-23=100),monthly,Index Numbers of Twenty Three Major Industry Groups of the Manufacturing Sector (Base_ 2022-23 = 100).xlsx,
industry,manufacturing,1. Food products,2024-05-01,All India,92.3,index (base 2022-23=100),monthly,Index Numbers of Twenty Three Major Industry Groups of the Manufacturing Sector (Base_ 2022-23 = 100).xlsx,
industry,manufacturing,1. Food products,2024-06-01,All India,94.8,index (base 2022-23=100),monthly,Index Numbers of Twenty Three Major Industry Groups of the Manufacturing Sector (Base_ 2022-23 = 100).xlsx,
industry,manufacturing,1. Food products,2024-07-01,All India,96.3,index (base 2022-23=100),monthly,Index Numbers of Twenty Three Major Industry Groups of the Manufacturing Sector (Base_ 2022-23 = 100).xlsx,
industry,manufacturing,1. Food products,2024-08-01,All India,99.7,index (base 2022-23=100),monthly,Index Numbers of Twenty Three Major Industry Groups of the Manufacturing Sector (Base_ 2022-23 = 100).xlsx,
industry,manufacturing,1. Food products,2024-09-01,All India,97.5,index (base 2022-23=100),monthly,Index Numbers of Twenty Three Major Industry Groups of the Manufacturing Sector (Base_ 2022-23 = 100).xlsx,
industry,manufacturing,1. Food products,2024-10-01,All India,105.7,index (base 2022-23=100),monthly,Index Numbers of Twenty Three Major Industry Groups of the Manufacturing Sector (Base_ 2022-23 = 100).xlsx,
industry,manufacturing,1. Food products,2024-11-01,All India,107.8,index (base 2022-23=100),monthly,Index Numbers of Twenty Three Major Industry Groups of the Manufacturing Sector (Base_ 2022-23 = 100).xlsx,
industry,manufacturing,1. Food products,2024-12-01,All India,114.3,index (base 2022-23=100),monthly,Index Numbers of Twenty Three Major Industry Groups of the Manufacturing Sector (Base_ 2022-23 = 100).xlsx,
industry,manufacturing,1. Food products,2025-01-01,All India,113.1,index (base 2022-23=100),monthly,Index Numbers of Twenty Three Major Industry Groups of the Manufacturing Sector (Base_ 2022-23 = 100).xlsx,
industry,manufacturing,1. Food products,2025-02-01,All India,105.1,index (base 2022-23=100),monthly,Index Numbers of Twenty Three Major Industry Groups of the Manufacturing Sector (Base_ 2022-23 = 100).xlsx,
industry,manufacturing,1. Food products,2025-03-01,All India,102.2,index (base 2022-23=100),monthly,Index Numbers of Twenty Three Major Industry Groups of the Manufacturing Sector (Base_ 2022-23 = 100).xlsx,
industry,manufacturing,1. Food products,2025-04-01,All India,95.3,index (base 2022-23=100),monthly,Index Numbers of Twenty Three Major Industry Groups of the Manufacturing Sector (Base_ 2022-23 = 100).xlsx,
industry,manufacturing,1. Food products,2025-05-01,All India,98.2,index (base 2022-23=100),monthly,Index Numbers of Twenty Three Major Industry Groups of the Manufacturing Sector (Base_ 2022-23 = 100).xlsx,
industry,manufacturing,1. Food products,2025-06-01,All India,93.9,index (base 2022-23=100),monthly,Index Numbers of Twenty Three Major Industry Groups of the Manufacturing Sector (Base_ 2022-23 = 100).xlsx,
industry,manufacturing,1. Food products,2025-07-01,All India,103.3,index (base 2022-23=100),monthly,Index Numbers of Twenty Three Major Industry Groups of the Manufacturing Sector (Base_ 2022-23 = 100).xlsx,
industry,manufacturing,1. Food products,2025-08-01,All India,101.7,index (base 2022-23=100),monthly,Index Numbers of Twenty Three Major Industry Groups of the Manufacturing Sector (Base_ 2022-23 = 100).xlsx,
industry,manufacturing,1. Food products,2025-09-01,All India,97.5,index (base 2022-23=100),monthly,Index Numbers of Twenty Three Major Industry Groups of the Manufacturing Sector (Base_ 2022-23 = 100).xlsx,
industry,manufacturing,1. Food products,2025-10-01,All India,98.5,index (base 2022-23=100),monthly,Index Numbers of Twenty Three Major Industry Groups of the Manufacturing Sector (Base_ 2022-23 = 100).xlsx,
industry,manufacturing,1. Food products,2025-11-01,All India,115.7,index (base 2022-23=100),monthly,Index Numbers of Twenty Three Major Industry Groups of the Manufacturing Sector (Base_ 2022-23 = 100).xlsx,
industry,manufacturing,1. Food products,2025-12-01,All India,126.2,index (base 2022-23=100),monthly,Index Numbers of Twenty Three Major Industry Groups of the Manufacturing Sector (Base_ 2022-23 = 100).xlsx,
industry,manufacturing,1. Food products,2026-01-01,All India,117.9,index (base 2022-23=100),monthly,Index Numbers of Twenty Three Major Industry Groups of the Manufacturing Sector (Base_ 2022-23 = 100).xlsx,
industry,manufacturing,1. Food products,2026-02-01,All India,107.9,index (base 2022-23=100),monthly,Index Numbers of Twenty Three Major Industry Groups of the Manufacturing Sector (Base_ 2022-23 = 100).xlsx,
industry,manufacturing,1. Food products,2026-03-01,All India,103.5,index (base 2022-23=100),monthly,Index Numbers of Twenty Three Major Industry Groups of the Manufacturing Sector (Base_ 2022-23 = 100).xlsx,
industry,manufacturing,1. Food products,2026-04-01,All India,100.5,index (base 2022-23=100),monthly,Index Numbers of Twenty Three Major Industry Groups of the Manufacturing Sector (Base_ 2022-23 = 100).xlsx,
industry,manufacturing,1. Food products,2026-05-01,All India,102.1,index (base 2022-23=100),monthly,Index Numbers of Twenty Three Major Industry Groups of the Manufacturing Sector (Base_ 2022-23 = 100).xlsx,
industry,manufacturing,10. Coke and refined petroleum products,2023-04-01,All India,100.9,index (base 2022-23=100),monthly,Index Numbers of Twenty Three Major Industry Groups of the Manufacturing Sector (Base_ 2022-23 = 100).xlsx,
industry,manufacturing,10. Coke and refined petroleum products,2023-05-01,All India,107.7,index (base 2022-23=100),monthly,Index Numbers of Twenty Three Major Industry Groups of the Manufacturing Sector (Base_ 2022-23 = 100).xlsx,
industry,manufacturing,10. Coke and refined petroleum products,2023-06-01,All India,104.5,index (base 2022-23=100),monthly,Index Numbers of Twenty Three Major Industry Groups of the Manufacturing Sector (Base_ 2022-23 = 100).xlsx,
industry,manufacturing,10. Coke and refined petroleum products,2023-07-01,All India,103.6,index (base 2022-23=100),monthly,Index Numbers of Twenty Three Major Industry Groups of the Manufacturing Sector (Base_ 2022-23 = 100).xlsx,
industry,manufacturing,10. Coke and refined petroleum products,2023-08-01,All India,100.1,index (base 2022-23=100),monthly,Index Numbers of Twenty Three Major Industry Groups of the Manufacturing Sector (Base_ 2022-23 = 100).xlsx,
industry,manufacturing,10. Coke and refined petroleum products,2023-09-01,All India,96.4,index (base 2022-23=100),monthly,Index Numbers of Twenty Three Major Industry Groups of the Manufacturing Sector (Base_ 2022-23 = 100).xlsx,
industry,manufacturing,10. Coke and refined petroleum products,2023-10-01,All India,98.6,index (base 2022-23=100),monthly,Index Numbers of Twenty Three Major Industry Groups of the Manufacturing Sector (Base_ 2022-23 = 100).xlsx,
industry,manufacturing,10. Coke and refined petroleum products,2023-11-01,All India,104.4,index (base 2022-23=100),monthly,Index Numbers of Twenty Three Major Industry Groups of the Manufacturing Sector (Base_ 2022-23 = 100).xlsx,
industry,manufacturing,10. Coke and refined petroleum products,2023-12-01,All India,111.7,index (base 2022-23=100),monthly,Index Numbers of Twenty Three Major Industry Groups of the Manufacturing Sector (Base_ 2022-23 = 100).xlsx,
industry,manufacturing,10. Coke and refined petroleum products,2024-01-01,All India,105.8,index (base 2022-23=100),monthly,Index Numbers of Twenty Three Major Industry Groups of the Manufacturing Sector (Base_ 2022-23 = 100).xlsx,
industry,manufacturing,10. Coke and refined petroleum products,2024-02-01,All India,103.3,index (base 2022-23=100),monthly,Index Numbers of Twenty Three Major Industry Groups of the Manufacturing Sector (Base_ 2022-23 = 100).xlsx,
industry,manufacturing,10. Coke and refined petroleum products,2024-03-01,All India,111.9,index (base 2022-23=100),monthly,Index Numbers of Twenty Three Major Industry Groups of the Manufacturing Sector (Base_ 2022-23 = 100).xlsx,
industry,manufacturing,10. Coke and refined petroleum products,2024-04-01,All India,106.5,index (base 2022-23=100),monthly,Index Numbers of Twenty Three Major Industry Groups of the Manufacturing Sector (Base_ 2022-23 = 100).xlsx,
industry,manufacturing,10. Coke and refined petroleum products,2024-05-01,All India,111.2,index (base 2022-23=100),monthly,Index Numbers of Twenty Three Major Industry Groups of the Manufacturing Sector (Base_ 2022-23 = 100).xlsx,
industry,manufacturing,10. Coke and refined petroleum products,2024-06-01,All India,104.1,index (base 2022-23=100),monthly,Index Numbers of Twenty Three Major Industry Groups of the Manufacturing Sector (Base_ 2022-23 = 100).xlsx,
industry,manufacturing,10. Coke and refined petroleum products,2024-07-01,All India,111.0,index (base 2022-23=100),monthly,Index Numbers of Twenty Three Major Industry Groups of the Manufacturing Sector (Base_ 2022-23 = 100).xlsx,
industry,manufacturing,10. Coke and refined petroleum products,2024-08-01,All India,103.6,index (base 2022-23=100),monthly,Index Numbers of Twenty Three Major Industry Groups of the Manufacturing Sector (Base_ 2022-23 = 100).xlsx,
industry,manufacturing,10. Coke and refined petroleum products,2024-09-01,All India,102.3,index (base 2022-23=100),monthly,Index Numbers of Twenty Three Major Industry Groups of the Manufacturing Sector (Base_ 2022-23 = 100).xlsx,
industry,manufacturing,10. Coke and refined petroleum products,2024-10-01,All India,105.0,index (base 2022-23=100),monthly,Index Numbers of Twenty Three Major Industry Groups of the Manufacturing Sector (Base_ 2022-23 = 100).xlsx,
industry,manufacturing,10. Coke and refined petroleum products,2024-11-01,All India,107.0,index (base 2022-23=100),monthly,Index Numbers of Twenty Three Major Industry Groups of the Manufacturing Sector (Base_ 2022-23 = 100).xlsx,
industry,manufacturing,10. Coke and refined petroleum products,2024-12-01,All India,116.3,index (base 2022-23=100),monthly,Index Numbers of Twenty Three Major Industry Groups of the Manufacturing Sector (Base_ 2022-23 = 100).xlsx,
industry,manufacturing,10. Coke and refined petroleum products,2025-01-01,All India,114.7,index (base 2022-23=100),monthly,Index Numbers of Twenty Three Major Industry Groups of the Manufacturing Sector (Base_ 2022-23 = 100).xlsx,
industry,manufacturing,10. Coke and refined petroleum products,2025-02-01,All India,103.9,index (base 2022-23=100),monthly,Index Numbers of Twenty Three Major Industry Groups of the Manufacturing Sector (Base_ 2022-23 = 100).xlsx,
industry,manufacturing,10. Coke and refined petroleum products,2025-03-01,All India,114.8,index (base 2022-23=100),monthly,Index Numbers of Twenty Three Major Industry Groups of the Manufacturing Sector (Base_ 2022-23 = 100).xlsx,
industry,manufacturing,10. Coke and refined petroleum products,2025-04-01,All India,104.6,index (base 2022-23=100),monthly,Index Numbers of Twenty Three Major Industry Groups of the Manufacturing Sector (Base_ 2022-23 = 100).xlsx,
industry,manufacturing,10. Coke and refined petroleum products,2025-05-01,All India,112.2,index (base 2022-23=100),monthly,Index Numbers of Twenty Three Major Industry Groups of the Manufacturing Sector (Base_ 2022-23 = 100).xlsx,
industry,manufacturing,10. Coke and refined petroleum products,2025-06-01,All India,108.8,index (base 2022-23=100),monthly,Index Numbers of Twenty Three Major Industry Groups of the Manufacturing Sector (Base_ 2022-23 = 100).xlsx,
industry,manufacturing,10. Coke and refined petroleum products,2025-07-01,All India,111.6,index (base 2022-23=100),monthly,Index Numbers of Twenty Three Major Industry Groups of the Manufacturing Sector (Base_ 2022-23 = 100).xlsx,
industry,manufacturing,10. Coke and refined petroleum products,2025-08-01,All India,108.8,index (base 2022-23=100),monthly,Index Numbers of Twenty Three Major Industry Groups of the Manufacturing Sector (Base_ 2022-23 = 100).xlsx,
industry,manufacturing,10. Coke and refined petroleum products,2025-09-01,All India,102.1,index (base 2022-23=100),monthly,Index Numbers of Twenty Three Major Industry Groups of the Manufacturing Sector (Base_ 2022-23 = 100).xlsx,
industry,manufacturing,10. Coke and refined petroleum products,2025-10-01,All India,111.1,index (base 2022-23=100),monthly,Index Numbers of Twenty Three Major Industry Groups of the Manufacturing Sector (Base_ 2022-23 = 100).xlsx,
industry,manufacturing,10. Coke and refined petroleum products,2025-11-01,All India,107.4,index (base 2022-23=100),monthly,Index Numbers of Twenty Three Major Industry Groups of the Manufacturing Sector (Base_ 2022-23 = 100).xlsx,
industry,manufacturing,10. Coke and refined petroleum products,2025-12-01,All India,115.8,index (base 2022-23=100),monthly,Index Numbers of Twenty Three Major Industry Groups of the Manufacturing Sector (Base_ 2022-23 = 100).xlsx,
industry,manufacturing,10. Coke and refined petroleum products,2026-01-01,All India,114.3,index (base 2022-23=100),monthly,Index Numbers of Twenty Three Major Industry Groups of the Manufacturing Sector (Base_ 2022-23 = 100).xlsx,
industry,manufacturing,10. Coke and refined petroleum products,2026-02-01,All India,103.1,index (base 2022-23=100),monthly,Index Numbers of Twenty Three Major Industry Groups of the Manufacturing Sector (Base_ 2022-23 = 100).xlsx,
industry,manufacturing,10. Coke and refined petroleum products,2026-03-01,All India,115.3,index (base 2022-23=100),monthly,Index Numbers of Twenty Three Major Industry Groups of the Manufacturing Sector (Base_ 2022-23 = 100).xlsx,
industry,manufacturing,10. Coke and refined petroleum products,2026-04-01,All India,104.6,index (base 2022-23=100),monthly,Index Numbers of Twenty Three Major Industry Groups of the Manufacturing Sector (Base_ 2022-23 = 100).xlsx,
industry,manufacturing,10. Coke and refined petroleum products,2026-05-01,All India,106.9,index (base 2022-23=100),monthly,Index Numbers of Twenty Three Major Industry Groups of the Manufacturing Sector (Base_ 2022-23 = 100).xlsx,
industry,manufacturing,11. Chemicals and chemical products,2023-04-01,All India,101.5,index (base 2022-23=100),monthly,Index Numbers of Twenty Three Major Industry Groups of the Manufacturing Sector (Base_ 2022-23 = 100).xlsx,
industry,manufacturing,11. Chemicals and chemical products,2023-05-01,All India,109.7,index (base 2022-23=100),monthly,Index Numbers of Twenty Three Major Industry Groups of the Manufacturing Sector (Base_ 2022-23 = 100).xlsx,
industry,manufacturing,11. Chemicals and chemical products,2023-06-01,All India,103.0,index (base 2022-23=100),monthly,Index Numbers of Twenty Three Major Industry Groups of the Manufacturing Sector (Base_ 2022-23 = 100).xlsx,
industry,manufacturing,11. Chemicals and chemical products,2023-07-01,All India,106.2,index (base 2022-23=100),monthly,Index Numbers of Twenty Three Major Industry Groups of the Manufacturing Sector (Base_ 2022-23 = 100).xlsx,
industry,manufacturing,11. Chemicals and chemical products,2023-08-01,All India,108.1,index (base 2022-23=100),monthly,Index Numbers of Twenty Three Major Industry Groups of the Manufacturing Sector (Base_ 2022-23 = 100).xlsx,
industry,manufacturing,11. Chemicals and chemical products,2023-09-01,All India,103.8,index (base 2022-23=100),monthly,Index Numbers of Twenty Three Major Industry Groups of the Manufacturing Sector (Base_ 2022-23 = 100).xlsx,
industry,manufacturing,11. Chemicals and chemical products,2023-10-01,All India,104.3,index (base 2022-23=100),monthly,Index Numbers of Twenty Three Major Industry Groups of the Manufacturing Sector (Base_ 2022-23 = 100).xlsx,
industry,manufacturing,11. Chemicals and chemical products,2023-11-01,All India,99.2,index (base 2022-23=100),monthly,Index Numbers of Twenty Three Major Industry Groups of the Manufacturing Sector (Base_ 2022-23 = 100).xlsx,
industry,manufacturing,11. Chemicals and chemical products,2023-12-01,All India,107.7,index (base 2022-23=100),monthly,Index Numbers of Twenty Three Major Industry Groups of the Manufacturing Sector (Base_ 2022-23 = 100).xlsx,
industry,manufacturing,11. Chemicals and chemical products,2024-01-01,All India,107.0,index (base 2022-23=100),monthly,Index Numbers of Twenty Three Major Industry Groups of the Manufacturing Sector (Base_ 2022-23 = 100).xlsx,
industry,manufacturing,11. Chemicals and chemical products,2024-02-01,All India,105.4,index (base 2022-23=100),monthly,Index Numbers of Twenty Three Major Industry Groups of the Manufacturing Sector (Base_ 2022-23 = 100).xlsx,
industry,manufacturing,11. Chemicals and chemical products,2024-03-01,All India,111.4,index (base 2022-23=100),monthly,Index Numbers of Twenty Three Major Industry Groups of the Manufacturing Sector (Base_ 2022-23 = 100).xlsx,
industry,manufacturing,11. Chemicals and chemical products,2024-04-01,All India,104.5,index (base 2022-23=100),monthly,Index Numbers of Twenty Three Major Industry Groups of the Manufacturing Sector (Base_ 2022-23 = 100).xlsx,
industry,manufacturing,11. Chemicals and chemical products,2024-05-01,All India,111.4,index (base 2022-23=100),monthly,Index Numbers of Twenty Three Major Industry Groups of the Manufacturing Sector (Base_ 2022-23 = 100).xlsx,
industry,manufacturing,11. Chemicals and chemical products,2024-06-01,All India,111.2,index (base 2022-23=100),monthly,Index Numbers of Twenty Three Major Industry Groups of the Manufacturing Sector (Base_ 2022-23 = 100).xlsx,
industry,manufacturing,11. Chemicals and chemical products,2024-07-01,All India,117.5,index (base 2022-23=100),monthly,Index Numbers of Twenty Three Major Industry Groups of the Manufacturing Sector (Base_ 2022-23 = 100).xlsx,
industry,manufacturing,11. Chemicals and chemical products,2024-08-01,All India,112.0,index (base 2022-23=100),monthly,Index Numbers of Twenty Three Major Industry Groups of the Manufacturing Sector (Base_ 2022-23 = 100).xlsx,
industry,manufacturing,11. Chemicals and chemical products,2024-09-01,All India,105.4,index (base 2022-23=100),monthly,Index Numbers of Twenty Three Major Industry Groups of the Manufacturing Sector (Base_ 2022-23 = 100).xlsx,
industry,manufacturing,11. Chemicals and chemical products,2024-10-01,All India,107.8,index (base 2022-23=100),monthly,Index Numbers of Twenty Three Major Industry Groups of the Manufacturing Sector (Base_ 2022-23 = 100).xlsx,
industry,manufacturing,11. Chemicals and chemical products,2024-11-01,All India,103.6,index (base 2022-23=100),monthly,Index Numbers of Twenty Three Major Industry Groups of the Manufacturing Sector (Base_ 2022-23 = 100).xlsx,
industry,manufacturing,11. Chemicals and chemical products,2024-12-01,All India,111.8,index (base 2022-23=100),monthly,Index Numbers of Twenty Three Major Industry Groups of the Manufacturing Sector (Base_ 2022-23 = 100).xlsx,
industry,manufacturing,11. Chemicals and chemical products,2025-01-01,All India,112.3,index (base 2022-23=100),monthly,Index Numbers of Twenty Three Major Industry Groups of the Manufacturing Sector (Base_ 2022-23 = 100).xlsx,
industry,manufacturing,11. Chemicals and chemical products,2025-02-01,All India,103.6,index (base 2022-23=100),monthly,Index Numbers of Twenty Three Major Industry Groups of the Manufacturing Sector (Base_ 2022-23 = 100).xlsx,
industry,manufacturing,11. Chemicals and chemical products,2025-03-01,All India,112.1,index (base 2022-23=100),monthly,Index Numbers of Twenty Three Major Industry Groups of the Manufacturing Sector (Base_ 2022-23 = 100).xlsx,
industry,manufacturing,11. Chemicals and chemical products,2025-04-01,All India,104.8,index (base 2022-23=100),monthly,Index Numbers of Twenty Three Major Industry Groups of the Manufacturing Sector (Base_ 2022-23 = 100).xlsx,
industry,manufacturing,11. Chemicals and chemical products,2025-05-01,All India,109.6,index (base 2022-23=100),monthly,Index Numbers of Twenty Three Major Industry Groups of the Manufacturing Sector (Base_ 2022-23 = 100).xlsx,
industry,manufacturing,11. Chemicals and chemical products,2025-06-01,All India,109.1,index (base 2022-23=100),monthly,Index Numbers of Twenty Three Major Industry Groups of the Manufacturing Sector (Base_ 2022-23 = 100).xlsx,
industry,manufacturing,11. Chemicals and chemical products,2025-07-01,All India,112.8,index (base 2022-23=100),monthly,Index Numbers of Twenty Three Major Industry Groups of the Manufacturing Sector (Base_ 2022-23 = 100).xlsx,
industry,manufacturing,11. Chemicals and chemical products,2025-08-01,All India,110.1,index (base 2022-23=100),monthly,Index Numbers of Twenty Three Major Industry Groups of the Manufacturing Sector (Base_ 2022-23 = 100).xlsx,
industry,manufacturing,11. Chemicals and chemical products,2025-09-01,All India,108.8,index (base 2022-23=100),monthly,Index Numbers of Twenty Three Major Industry Groups of the Manufacturing Sector (Base_ 2022-23 = 100).xlsx,
industry,manufacturing,11. Chemicals and chemical products,2025-10-01,All India,104.9,index (base 2022-23=100),monthly,Index Numbers of Twenty Three Major Industry Groups of the Manufacturing Sector (Base_ 2022-23 = 100).xlsx,
industry,manufacturing,11. Chemicals and chemical products,2025-11-01,All India,108.3,index (base 2022-23=100),monthly,Index Numbers of Twenty Three Major Industry Groups of the Manufacturing Sector (Base_ 2022-23 = 100).xlsx,
industry,manufacturing,11. Chemicals and chemical products,2025-12-01,All India,113.4,index (base 2022-23=100),monthly,Index Numbers of Twenty Three Major Industry Groups of the Manufacturing Sector (Base_ 2022-23 = 100).xlsx,
industry,manufacturing,11. Chemicals and chemical products,2026-01-01,All India,111.7,index (base 2022-23=100),monthly,Index Numbers of Twenty Three Major Industry Groups of the Manufacturing Sector (Base_ 2022-23 = 100).xlsx,
industry,manufacturing,11. Chemicals and chemical products,2026-02-01,All India,109.9,index (base 2022-23=100),monthly,Index Numbers of Twenty Three Major Industry Groups of the Manufacturing Sector (Base_ 2022-23 = 100).xlsx,
industry,manufacturing,11. Chemicals and chemical products,2026-03-01,All India,112.2,index (base 2022-23=100),monthly,Index Numbers of Twenty Three Major Industry Groups of the Manufacturing Sector (Base_ 2022-23 = 100).xlsx,
industry,manufacturing,11. Chemicals and chemical products,2026-04-01,All India,104.9,index (base 2022-23=100),monthly,Index Numbers of Twenty Three Major Industry Groups of the Manufacturing Sector (Base_ 2022-23 = 100).xlsx,
industry,manufacturing,11. Chemicals and chemical products,2026-05-01,All India,108.2,index (base 2022-23=100),monthly,Index Numbers of Twenty Three Major Industry Groups of the Manufacturing Sector (Base_ 2022-23 = 100).xlsx,
industry,manufacturing,12. Basic pharmaceutical products and pharmaceutical preparations,2023-04-01,All India,101.9,index (base 2022-23=100),monthly,Index Numbers of Twenty Three Major Industry Groups of the Manufacturing Sector (Base_ 2022-23 = 100).xlsx,
industry,manufacturing,12. Basic pharmaceutical products and pharmaceutical preparations,2023-05-01,All India,116.8,index (base 2022-23=100),monthly,Index Numbers of Twenty Three Major Industry Groups of the Manufacturing Sector (Base_ 2022-23 = 100).xlsx,
industry,manufacturing,12. Basic pharmaceutical products and pharmaceutical preparations,2023-06-01,All India,113.0,index (base 2022-23=100),monthly,Index Numbers of Twenty Three Major Industry Groups of the Manufacturing Sector (Base_ 2022-23 = 100).xlsx,
industry,manufacturing,12. Basic pharmaceutical products and pharmaceutical preparations,2023-07-01,All India,109.4,index (base 2022-23=100),monthly,Index Numbers of Twenty Three Major Industry Groups of the Manufacturing Sector (Base_ 2022-23 = 100).xlsx,
industry,manufacturing,12. Basic pharmaceutical products and pharmaceutical preparations,2023-08-01,All India,116.9,index (base 2022-23=100),monthly,Index Numbers of Twenty Three Major Industry Groups of the Manufacturing Sector (Base_ 2022-23 = 100).xlsx,
industry,manufacturing,12. Basic pharmaceutical products and pharmaceutical preparations,2023-09-01,All India,118.3,index (base 2022-23=100),monthly,Index Numbers of Twenty Three Major Industry Groups of the Manufacturing Sector (Base_ 2022-23 = 100).xlsx,
industry,manufacturing,12. Basic pharmaceutical products and pharmaceutical preparations,2023-10-01,All India,105.5,index (base 2022-23=100),monthly,Index Numbers of Twenty Three Major Industry Groups of the Manufacturing Sector (Base_ 2022-23 = 100).xlsx,
industry,manufacturing,12. Basic pharmaceutical products and pharmaceutical preparations,2023-11-01,All India,106.5,index (base 2022-23=100),monthly,Index Numbers of Twenty Three Major Industry Groups of the Manufacturing Sector (Base_ 2022-23 = 100).xlsx,
industry,manufacturing,12. Basic pharmaceutical products and pharmaceutical preparations,2023-12-01,All India,127.2,index (base 2022-23=100),monthly,Index Numbers of Twenty Three Major Industry Groups of the Manufacturing Sector (Base_ 2022-23 = 100).xlsx,
industry,manufacturing,12. Basic pharmaceutical products and pharmaceutical preparations,2024-01-01,All India,116.5,index (base 2022-23=100),monthly,Index Numbers of Twenty Three Major Industry Groups of the Manufacturing Sector (Base_ 2022-23 = 100).xlsx,
industry,manufacturing,12. Basic pharmaceutical products and pharmaceutical preparations,2024-02-01,All India,114.0,index (base 2022-23=100),monthly,Index Numbers of Twenty Three Major Industry Groups of the Manufacturing Sector (Base_ 2022-23 = 100).xlsx,
industry,manufacturing,12. Basic pharmaceutical products and pharmaceutical preparations,2024-03-01,All India,125.0,index (base 2022-23=100),monthly,Index Numbers of Twenty Three Major Industry Groups of the Manufacturing Sector (Base_ 2022-23 = 100).xlsx,
industry,manufacturing,12. Basic pharmaceutical products and pharmaceutical preparations,2024-04-01,All India,112.8,index (base 2022-23=100),monthly,Index Numbers of Twenty Three Major Industry Groups of the Manufacturing Sector (Base_ 2022-23 = 100).xlsx,
industry,manufacturing,12. Basic pharmaceutical products and pharmaceutical preparations,2024-05-01,All India,115.5,index (base 2022-23=100),monthly,Index Numbers of Twenty Three Major Industry Groups of the Manufacturing Sector (Base_ 2022-23 = 100).xlsx,
industry,manufacturing,12. Basic pharmaceutical products and pharmaceutical preparations,2024-06-01,All India,120.1,index (base 2022-23=100),monthly,Index Numbers of Twenty Three Major Industry Groups of the Manufacturing Sector (Base_ 2022-23 = 100).xlsx,
industry,manufacturing,12. Basic pharmaceutical products and pharmaceutical preparations,2024-07-01,All India,113.7,index (base 2022-23=100),monthly,Index Numbers of Twenty Three Major Industry Groups of the Manufacturing Sector (Base_ 2022-23 = 100).xlsx,
industry,manufacturing,12. Basic pharmaceutical products and pharmaceutical preparations,2024-08-01,All India,124.1,index (base 2022-23=100),monthly,Index Numbers of Twenty Three Major Industry Groups of the Manufacturing Sector (Base_ 2022-23 = 100).xlsx,
industry,manufacturing,12. Basic pharmaceutical products and pharmaceutical preparations,2024-09-01,All India,122.9,index (base 2022-23=100),monthly,Index Numbers of Twenty Three Major Industry Groups of the Manufacturing Sector (Base_ 2022-23 = 100).xlsx,
industry,manufacturing,12. Basic pharmaceutical products and pharmaceutical preparations,2024-10-01,All India,122.4,index (base 2022-23=100),monthly,Index Numbers of Twenty Three Major Industry Groups of the Manufacturing Sector (Base_ 2022-23 = 100).xlsx,
industry,manufacturing,12. Basic pharmaceutical products and pharmaceutical preparations,2024-11-01,All India,114.3,index (base 2022-23=100),monthly,Index Numbers of Twenty Three Major Industry Groups of the Manufacturing Sector (Base_ 2022-23 = 100).xlsx,
industry,manufacturing,12. Basic pharmaceutical products and pharmaceutical preparations,2024-12-01,All India,127.9,index (base 2022-23=100),monthly,Index Numbers of Twenty Three Major Industry Groups of the Manufacturing Sector (Base_ 2022-23 = 100).xlsx,
industry,manufacturing,12. Basic pharmaceutical products and pharmaceutical preparations,2025-01-01,All India,123.0,index (base 2022-23=100),monthly,Index Numbers of Twenty Three Major Industry Groups of the Manufacturing Sector (Base_ 2022-23 = 100).xlsx,
industry,manufacturing,12. Basic pharmaceutical products and pharmaceutical preparations,2025-02-01,All India,113.5,index (base 2022-23=100),monthly,Index Numbers of Twenty Three Major Industry Groups of the Manufacturing Sector (Base_ 2022-23 = 100).xlsx,
industry,manufacturing,12. Basic pharmaceutical products and pharmaceutical preparations,2025-03-01,All India,133.5,index (base 2022-23=100),monthly,Index Numbers of Twenty Three Major Industry Groups of the Manufacturing Sector (Base_ 2022-23 = 100).xlsx,
industry,manufacturing,12. Basic pharmaceutical products and pharmaceutical preparations,2025-04-01,All India,114.9,index (base 2022-23=100),monthly,Index Numbers of Twenty Three Major Industry Groups of the Manufacturing Sector (Base_ 2022-23 = 100).xlsx,
industry,manufacturing,12. Basic pharmaceutical products and pharmaceutical preparations,2025-05-01,All India,122.8,index (base 2022-23=100),monthly,Index Numbers of Twenty Three Major Industry Groups of the Manufacturing Sector (Base_ 2022-23 = 100).xlsx,
industry,manufacturing,12. Basic pharmaceutical products and pharmaceutical preparations,2025-06-01,All India,120.1,index (base 2022-23=100),monthly,Index Numbers of Twenty Three Major Industry Groups of the Manufacturing Sector (Base_ 2022-23 = 100).xlsx,
industry,manufacturing,12. Basic pharmaceutical products and pharmaceutical preparations,2025-07-01,All India,126.0,index (base 2022-23=100),monthly,Index Numbers of Twenty Three Major Industry Groups of the Manufacturing Sector (Base_ 2022-23 = 100).xlsx,
industry,manufacturing,12. Basic pharmaceutical products and pharmaceutical preparations,2025-08-01,All India,122.5,index (base 2022-23=100),monthly,Index Numbers of Twenty Three Major Industry Groups of the Manufacturing Sector (Base_ 2022-23 = 100).xlsx,
industry,manufacturing,12. Basic pharmaceutical products and pharmaceutical preparations,2025-09-01,All India,123.9,index (base 2022-23=100),monthly,Index Numbers of Twenty Three Major Industry Groups of the Manufacturing Sector (Base_ 2022-23 = 100).xlsx,
industry,manufacturing,12. Basic pharmaceutical products and pharmaceutical preparations,2025-10-01,All India,106.4,index (base 2022-23=100),monthly,Index Numbers of Twenty Three Major Industry Groups of the Manufacturing Sector (Base_ 2022-23 = 100).xlsx,
industry,manufacturing,12. Basic pharmaceutical products and pharmaceutical preparations,2025-11-01,All India,115.2,index (base 2022-23=100),monthly,Index Numbers of Twenty Three Major Industry Groups of the Manufacturing Sector (Base_ 2022-23 = 100).xlsx,
industry,manufacturing,12. Basic pharmaceutical products and pharmaceutical preparations,2025-12-01,All India,133.1,index (base 2022-23=100),monthly,Index Numbers of Twenty Three Major Industry Groups of the Manufacturing Sector (Base_ 2022-23 = 100).xlsx,
industry,manufacturing,12. Basic pharmaceutical products and pharmaceutical preparations,2026-01-01,All India,114.6,index (base 2022-23=100),monthly,Index Numbers of Twenty Three Major Industry Groups of the Manufacturing Sector (Base_ 2022-23 = 100).xlsx,
industry,manufacturing,12. Basic pharmaceutical products and pharmaceutical preparations,2026-02-01,All India,118.2,index (base 2022-23=100),monthly,Index Numbers of Twenty Three Major Industry Groups of the Manufacturing Sector (Base_ 2022-23 = 100).xlsx,
industry,manufacturing,12. Basic pharmaceutical products and pharmaceutical preparations,2026-03-01,All India,132.0,index (base 2022-23=100),monthly,Index Numbers of Twenty Three Major Industry Groups of the Manufacturing Sector (Base_ 2022-23 = 100).xlsx,
industry,manufacturing,12. Basic pharmaceutical products and pharmaceutical preparations,2026-04-01,All India,110.7,index (base 2022-23=100),monthly,Index Numbers of Twenty Three Major Industry Groups of the Manufacturing Sector (Base_ 2022-23 = 100).xlsx,
industry,manufacturing,12. Basic pharmaceutical products and pharmaceutical preparations,2026-05-01,All India,129.4,index (base 2022-23=100),monthly,Index Numbers of Twenty Three Major Industry Groups of the Manufacturing Sector (Base_ 2022-23 = 100).xlsx,
industry,manufacturing,13. Rubber and plastics products,2023-04-01,All India,94.6,index (base 2022-23=100),monthly,Index Numbers of Twenty Three Major Industry Groups of the Manufacturing Sector (Base_ 2022-23 = 100).xlsx,
industry,manufacturing,13. Rubber and plastics products,2023-05-01,All India,97.2,index (base 2022-23=100),monthly,Index Numbers of Twenty Three Major Industry Groups of the Manufacturing Sector (Base_ 2022-23 = 100).xlsx,
industry,manufacturing,13. Rubber and plastics products,2023-06-01,All India,94.1,index (base 2022-23=100),monthly,Index Numbers of Twenty Three Major Industry Groups of the Manufacturing Sector (Base_ 2022-23 = 100).xlsx,
industry,manufacturing,13. Rubber and plastics products,2023-07-01,All India,98.5,index (base 2022-23=100),monthly,Index Numbers of Twenty Three Major Industry Groups of the Manufacturing Sector (Base_ 2022-23 = 100).xlsx,
industry,manufacturing,13. Rubber and plastics products,2023-08-01,All India,99.2,index (base 2022-23=100),monthly,Index Numbers of Twenty Three Major Industry Groups of the Manufacturing Sector (Base_ 2022-23 = 100).xlsx,
industry,manufacturing,13. Rubber and plastics products,2023-09-01,All India,97.7,index (base 2022-23=100),monthly,Index Numbers of Twenty Three Major Industry Groups of the Manufacturing Sector (Base_ 2022-23 = 100).xlsx,
industry,manufacturing,13. Rubber and plastics products,2023-10-01,All India,101.2,index (base 2022-23=100),monthly,Index Numbers of Twenty Three Major Industry Groups of the Manufacturing Sector (Base_ 2022-23 = 100).xlsx,
industry,manufacturing,13. Rubber and plastics products,2023-11-01,All India,92.6,index (base 2022-23=100),monthly,Index Numbers of Twenty Three Major Industry Groups of the Manufacturing Sector (Base_ 2022-23 = 100).xlsx,
industry,manufacturing,13. Rubber and plastics products,2023-12-01,All India,100.1,index (base 2022-23=100),monthly,Index Numbers of Twenty Three Major Industry Groups of the Manufacturing Sector (Base_ 2022-23 = 100).xlsx,
industry,manufacturing,13. Rubber and plastics products,2024-01-01,All India,100.2,index (base 2022-23=100),monthly,Index Numbers of Twenty Three Major Industry Groups of the Manufacturing Sector (Base_ 2022-23 = 100).xlsx,
industry,manufacturing,13. Rubber and plastics products,2024-02-01,All India,101.9,index (base 2022-23=100),monthly,Index Numbers of Twenty Three Major Industry Groups of the Manufacturing Sector (Base_ 2022-23 = 100).xlsx,
industry,manufacturing,13. Rubber and plastics products,2024-03-01,All India,105.3,index (base 2022-23=100),monthly,Index Numbers of Twenty Three Major Industry Groups of the Manufacturing Sector (Base_ 2022-23 = 100).xlsx,
industry,manufacturing,13. Rubber and plastics products,2024-04-01,All India,100.3,index (base 2022-23=100),monthly,Index Numbers of Twenty Three Major Industry Groups of the Manufacturing Sector (Base_ 2022-23 = 100).xlsx,
industry,manufacturing,13. Rubber and plastics products,2024-05-01,All India,101.1,index (base 2022-23=100),monthly,Index Numbers of Twenty Three Major Industry Groups of the Manufacturing Sector (Base_ 2022-23 = 100).xlsx,
industry,manufacturing,13. Rubber and plastics products,2024-06-01,All India,101.2,index (base 2022-23=100),monthly,Index Numbers of Twenty Three Major Industry Groups of the Manufacturing Sector (Base_ 2022-23 = 100).xlsx,
industry,manufacturing,13. Rubber and plastics products,2024-07-01,All India,103.1,index (base 2022-23=100),monthly,Index Numbers of Twenty Three Major Industry Groups of the Manufacturing Sector (Base_ 2022-23 = 100).xlsx,
industry,manufacturing,13. Rubber and plastics products,2024-08-01,All India,102.3,index (base 2022-23=100),monthly,Index Numbers of Twenty Three Major Industry Groups of the Manufacturing Sector (Base_ 2022-23 = 100).xlsx,
industry,manufacturing,13. Rubber and plastics products,2024-09-01,All India,102.5,index (base 2022-23=100),monthly,Index Numbers of Twenty Three Major Industry Groups of the Manufacturing Sector (Base_ 2022-23 = 100).xlsx,
industry,manufacturing,13. Rubber and plastics products,2024-10-01,All India,103.5,index (base 2022-23=100),monthly,Index Numbers of Twenty Three Major Industry Groups of the Manufacturing Sector (Base_ 2022-23 = 100).xlsx,
industry,manufacturing,13. Rubber and plastics products,2024-11-01,All India,98.2,index (base 2022-23=100),monthly,Index Numbers of Twenty Three Major Industry Groups of the Manufacturing Sector (Base_ 2022-23 = 100).xlsx,
industry,manufacturing,13. Rubber and plastics products,2024-12-01,All India,106.9,index (base 2022-23=100),monthly,Index Numbers of Twenty Three Major Industry Groups of the Manufacturing Sector (Base_ 2022-23 = 100).xlsx,
industry,manufacturing,13. Rubber and plastics products,2025-01-01,All India,107.4,index (base 2022-23=100),monthly,Index Numbers of Twenty Three Major Industry Groups of the Manufacturing Sector (Base_ 2022-23 = 100).xlsx,
industry,manufacturing,13. Rubber and plastics products,2025-02-01,All India,104.2,index (base 2022-23=100),monthly,Index Numbers of Twenty Three Major Industry Groups of the Manufacturing Sector (Base_ 2022-23 = 100).xlsx,
industry,manufacturing,13. Rubber and plastics products,2025-03-01,All India,110.7,index (base 2022-23=100),monthly,Index Numbers of Twenty Three Major Industry Groups of the Manufacturing Sector (Base_ 2022-23 = 100).xlsx,
industry,manufacturing,13. Rubber and plastics products,2025-04-01,All India,100.4,index (base 2022-23=100),monthly,Index Numbers of Twenty Three Major Industry Groups of the Manufacturing Sector (Base_ 2022-23 = 100).xlsx,
industry,manufacturing,13. Rubber and plastics products,2025-05-01,All India,106.8,index (base 2022-23=100),monthly,Index Numbers of Twenty Three Major Industry Groups of the Manufacturing Sector (Base_ 2022-23 = 100).xlsx,
industry,manufacturing,13. Rubber and plastics products,2025-06-01,All India,103.0,index (base 2022-23=100),monthly,Index Numbers of Twenty Three Major Industry Groups of the Manufacturing Sector (Base_ 2022-23 = 100).xlsx,
industry,manufacturing,13. Rubber and plastics products,2025-07-01,All India,107.6,index (base 2022-23=100),monthly,Index Numbers of Twenty Three Major Industry Groups of the Manufacturing Sector (Base_ 2022-23 = 100).xlsx,
industry,manufacturing,13. Rubber and plastics products,2025-08-01,All India,104.9,index (base 2022-23=100),monthly,Index Numbers of Twenty Three Major Industry Groups of the Manufacturing Sector (Base_ 2022-23 = 100).xlsx,
industry,manufacturing,13. Rubber and plastics products,2025-09-01,All India,106.8,index (base 2022-23=100),monthly,Index Numbers of Twenty Three Major Industry Groups of the Manufacturing Sector (Base_ 2022-23 = 100).xlsx,
industry,manufacturing,13. Rubber and plastics products,2025-10-01,All India,98.3,index (base 2022-23=100),monthly,Index Numbers of Twenty Three Major Industry Groups of the Manufacturing Sector (Base_ 2022-23 = 100).xlsx,
industry,manufacturing,13. Rubber and plastics products,2025-11-01,All India,103.8,index (base 2022-23=100),monthly,Index Numbers of Twenty Three Major Industry Groups of the Manufacturing Sector (Base_ 2022-23 = 100).xlsx,
industry,manufacturing,13. Rubber and plastics products,2025-12-01,All India,108.1,index (base 2022-23=100),monthly,Index Numbers of Twenty Three Major Industry Groups of the Manufacturing Sector (Base_ 2022-23 = 100).xlsx,
industry,manufacturing,13. Rubber and plastics products,2026-01-01,All India,108.5,index (base 2022-23=100),monthly,Index Numbers of Twenty Three Major Industry Groups of the Manufacturing Sector (Base_ 2022-23 = 100).xlsx,
industry,manufacturing,13. Rubber and plastics products,2026-02-01,All India,105.4,index (base 2022-23=100),monthly,Index Numbers of Twenty Three Major Industry Groups of the Manufacturing Sector (Base_ 2022-23 = 100).xlsx,
industry,manufacturing,13. Rubber and plastics products,2026-03-01,All India,109.5,index (base 2022-23=100),monthly,Index Numbers of Twenty Three Major Industry Groups of the Manufacturing Sector (Base_ 2022-23 = 100).xlsx,
industry,manufacturing,13. Rubber and plastics products,2026-04-01,All India,125.8,index (base 2022-23=100),monthly,Index Numbers of Twenty Three Major Industry Groups of the Manufacturing Sector (Base_ 2022-23 = 100).xlsx,
industry,manufacturing,13. Rubber and plastics products,2026-05-01,All India,111.9,index (base 2022-23=100),monthly,Index Numbers of Twenty Three Major Industry Groups of the Manufacturing Sector (Base_ 2022-23 = 100).xlsx,
industry,manufacturing,14. Other non-metallic mineral products,2023-04-01,All India,104.3,index (base 2022-23=100),monthly,Index Numbers of Twenty Three Major Industry Groups of the Manufacturing Sector (Base_ 2022-23 = 100).xlsx,
industry,manufacturing,14. Other non-metallic mineral products,2023-05-01,All India,107.9,index (base 2022-23=100),monthly,Index Numbers of Twenty Three Major Industry Groups of the Manufacturing Sector (Base_ 2022-23 = 100).xlsx,
industry,manufacturing,14. Other non-metallic mineral products,2023-06-01,All India,107.3,index (base 2022-23=100),monthly,Index Numbers of Twenty Three Major Industry Groups of the Manufacturing Sector (Base_ 2022-23 = 100).xlsx,
industry,manufacturing,14. Other non-metallic mineral products,2023-07-01,All India,98.3,index (base 2022-23=100),monthly,Index Numbers of Twenty Three Major Industry Groups of the Manufacturing Sector (Base_ 2022-23 = 100).xlsx,
industry,manufacturing,14. Other non-metallic mineral products,2023-08-01,All India,104.7,index (base 2022-23=100),monthly,Index Numbers of Twenty Three Major Industry Groups of the Manufacturing Sector (Base_ 2022-23 = 100).xlsx,
industry,manufacturing,14. Other non-metallic mineral products,2023-09-01,All India,99.7,index (base 2022-23=100),monthly,Index Numbers of Twenty Three Major Industry Groups of the Manufacturing Sector (Base_ 2022-23 = 100).xlsx,
industry,manufacturing,14. Other non-metallic mineral products,2023-10-01,All India,102.9,index (base 2022-23=100),monthly,Index Numbers of Twenty Three Major Industry Groups of the Manufacturing Sector (Base_ 2022-23 = 100).xlsx,
industry,manufacturing,14. Other non-metallic mineral products,2023-11-01,All India,96.8,index (base 2022-23=100),monthly,Index Numbers of Twenty Three Major Industry Groups of the Manufacturing Sector (Base_ 2022-23 = 100).xlsx,
industry,manufacturing,14. Other non-metallic mineral products,2023-12-01,All India,108.7,index (base 2022-23=100),monthly,Index Numbers of Twenty Three Major Industry Groups of the Manufacturing Sector (Base_ 2022-23 = 100).xlsx,
industry,manufacturing,14. Other non-metallic mineral products,2024-01-01,All India,108.0,index (base 2022-23=100),monthly,Index Numbers of Twenty Three Major Industry Groups of the Manufacturing Sector (Base_ 2022-23 = 100).xlsx,
industry,manufacturing,14. Other non-metallic mineral products,2024-02-01,All India,109.0,index (base 2022-23=100),monthly,Index Numbers of Twenty Three Major Industry Groups of the Manufacturing Sector (Base_ 2022-23 = 100).xlsx,
industry,manufacturing,14. Other non-metallic mineral products,2024-03-01,All India,119.2,index (base 2022-23=100),monthly,Index Numbers of Twenty Three Major Industry Groups of the Manufacturing Sector (Base_ 2022-23 = 100).xlsx,
industry,manufacturing,14. Other non-metallic mineral products,2024-04-01,All India,107.8,index (base 2022-23=100),monthly,Index Numbers of Twenty Three Major Industry Groups of the Manufacturing Sector (Base_ 2022-23 = 100).xlsx,
industry,manufacturing,14. Other non-metallic mineral products,2024-05-01,All India,110.0,index (base 2022-23=100),monthly,Index Numbers of Twenty Three Major Industry Groups of the Manufacturing Sector (Base_ 2022-23 = 100).xlsx,
industry,manufacturing,14. Other non-metallic mineral products,2024-06-01,All India,110.2,index (base 2022-23=100),monthly,Index Numbers of Twenty Three Major Industry Groups of the Manufacturing Sector (Base_ 2022-23 = 100).xlsx,
industry,manufacturing,14. Other non-metallic mineral products,2024-07-01,All India,104.5,index (base 2022-23=100),monthly,Index Numbers of Twenty Three Major Industry Groups of the Manufacturing Sector (Base_ 2022-23 = 100).xlsx,
industry,manufacturing,14. Other non-metallic mineral products,2024-08-01,All India,104.3,index (base 2022-23=100),monthly,Index Numbers of Twenty Three Major Industry Groups of the Manufacturing Sector (Base_ 2022-23 = 100).xlsx,
industry,manufacturing,14. Other non-metallic mineral products,2024-09-01,All India,101.5,index (base 2022-23=100),monthly,Index Numbers of Twenty Three Major Industry Groups of the Manufacturing Sector (Base_ 2022-23 = 100).xlsx,
industry,manufacturing,14. Other non-metallic mineral products,2024-10-01,All India,106.6,index (base 2022-23=100),monthly,Index Numbers of Twenty Three Major Industry Groups of the Manufacturing Sector (Base_ 2022-23 = 100).xlsx,
industry,manufacturing,14. Other non-metallic mineral products,2024-11-01,All India,101.6,index (base 2022-23=100),monthly,Index Numbers of Twenty Three Major Industry Groups of the Manufacturing Sector (Base_ 2022-23 = 100).xlsx,
industry,manufacturing,14. Other non-metallic mineral products,2024-12-01,All India,115.6,index (base 2022-23=100),monthly,Index Numbers of Twenty Three Major Industry Groups of the Manufacturing Sector (Base_ 2022-23 = 100).xlsx,
industry,manufacturing,14. Other non-metallic mineral products,2025-01-01,All India,117.7,index (base 2022-23=100),monthly,Index Numbers of Twenty Three Major Industry Groups of the Manufacturing Sector (Base_ 2022-23 = 100).xlsx,
industry,manufacturing,14. Other non-metallic mineral products,2025-02-01,All India,113.3,index (base 2022-23=100),monthly,Index Numbers of Twenty Three Major Industry Groups of the Manufacturing Sector (Base_ 2022-23 = 100).xlsx,
industry,manufacturing,14. Other non-metallic mineral products,2025-03-01,All India,127.5,index (base 2022-23=100),monthly,Index Numbers of Twenty Three Major Industry Groups of the Manufacturing Sector (Base_ 2022-23 = 100).xlsx,
industry,manufacturing,14. Other non-metallic mineral products,2025-04-01,All India,112.1,index (base 2022-23=100),monthly,Index Numbers of Twenty Three Major Industry Groups of the Manufacturing Sector (Base_ 2022-23 = 100).xlsx,
industry,manufacturing,14. Other non-metallic mineral products,2025-05-01,All India,115.6,index (base 2022-23=100),monthly,Index Numbers of Twenty Three Major Industry Groups of the Manufacturing Sector (Base_ 2022-23 = 100).xlsx,
industry,manufacturing,14. Other non-metallic mineral products,2025-06-01,All India,115.1,index (base 2022-23=100),monthly,Index Numbers of Twenty Three Major Industry Groups of the Manufacturing Sector (Base_ 2022-23 = 100).xlsx,
industry,manufacturing,14. Other non-metallic mineral products,2025-07-01,All India,113.0,index (base 2022-23=100),monthly,Index Numbers of Twenty Three Major Industry Groups of the Manufacturing Sector (Base_ 2022-23 = 100).xlsx,
industry,manufacturing,14. Other non-metallic mineral products,2025-08-01,All India,106.2,index (base 2022-23=100),monthly,Index Numbers of Twenty Three Major Industry Groups of the Manufacturing Sector (Base_ 2022-23 = 100).xlsx,
industry,manufacturing,14. Other non-metallic mineral products,2025-09-01,All India,107.5,index (base 2022-23=100),monthly,Index Numbers of Twenty Three Major Industry Groups of the Manufacturing Sector (Base_ 2022-23 = 100).xlsx,
industry,manufacturing,14. Other non-metallic mineral products,2025-10-01,All India,109.0,index (base 2022-23=100),monthly,Index Numbers of Twenty Three Major Industry Groups of the Manufacturing Sector (Base_ 2022-23 = 100).xlsx,
industry,manufacturing,14. Other non-metallic mineral products,2025-11-01,All India,111.9,index (base 2022-23=100),monthly,Index Numbers of Twenty Three Major Industry Groups of the Manufacturing Sector (Base_ 2022-23 = 100).xlsx,
industry,manufacturing,14. Other non-metallic mineral products,2025-12-01,All India,128.2,index (base 2022-23=100),monthly,Index Numbers of Twenty Three Major Industry Groups of the Manufacturing Sector (Base_ 2022-23 = 100).xlsx,
industry,manufacturing,14. Other non-metallic mineral products,2026-01-01,All India,126.9,index (base 2022-23=100),monthly,Index Numbers of Twenty Three Major Industry Groups of the Manufacturing Sector (Base_ 2022-23 = 100).xlsx,
industry,manufacturing,14. Other non-metallic mineral products,2026-02-01,All India,122.1,index (base 2022-23=100),monthly,Index Numbers of Twenty Three Major Industry Groups of the Manufacturing Sector (Base_ 2022-23 = 100).xlsx,
industry,manufacturing,14. Other non-metallic mineral products,2026-03-01,All India,130.0,index (base 2022-23=100),monthly,Index Numbers of Twenty Three Major Industry Groups of the Manufacturing Sector (Base_ 2022-23 = 100).xlsx,
industry,manufacturing,14. Other non-metallic mineral products,2026-04-01,All India,115.8,index (base 2022-23=100),monthly,Index Numbers of Twenty Three Major Industry Groups of the Manufacturing Sector (Base_ 2022-23 = 100).xlsx,
industry,manufacturing,14. Other non-metallic mineral products,2026-05-01,All India,117.4,index (base 2022-23=100),monthly,Index Numbers of Twenty Three Major Industry Groups of the Manufacturing Sector (Base_ 2022-23 = 100).xlsx,
industry,manufacturing,15. Basic metals,2023-04-01,All India,105.0,index (base 2022-23=100),monthly,Index Numbers of Twenty Three Major Industry Groups of the Manufacturing Sector (Base_ 2022-23 = 100).xlsx,
industry,manufacturing,15. Basic metals,2023-05-01,All India,107.7,index (base 2022-23=100),monthly,Index Numbers of Twenty Three Major Industry Groups of the Manufacturing Sector (Base_ 2022-23 = 100).xlsx,
industry,manufacturing,15. Basic metals,2023-06-01,All India,106.1,index (base 2022-23=100),monthly,Index Numbers of Twenty Three Major Industry Groups of the Manufacturing Sector (Base_ 2022-23 = 100).xlsx,
industry,manufacturing,15. Basic metals,2023-07-01,All India,108.6,index (base 2022-23=100),monthly,Index Numbers of Twenty Three Major Industry Groups of the Manufacturing Sector (Base_ 2022-23 = 100).xlsx,
industry,manufacturing,15. Basic metals,2023-08-01,All India,113.1,index (base 2022-23=100),monthly,Index Numbers of Twenty Three Major Industry Groups of the Manufacturing Sector (Base_ 2022-23 = 100).xlsx,
industry,manufacturing,15. Basic metals,2023-09-01,All India,111.2,index (base 2022-23=100),monthly,Index Numbers of Twenty Three Major Industry Groups of the Manufacturing Sector (Base_ 2022-23 = 100).xlsx,
industry,manufacturing,15. Basic metals,2023-10-01,All India,113.1,index (base 2022-23=100),monthly,Index Numbers of Twenty Three Major Industry Groups of the Manufacturing Sector (Base_ 2022-23 = 100).xlsx,
industry,manufacturing,15. Basic metals,2023-11-01,All India,106.9,index (base 2022-23=100),monthly,Index Numbers of Twenty Three Major Industry Groups of the Manufacturing Sector (Base_ 2022-23 = 100).xlsx,
industry,manufacturing,15. Basic metals,2023-12-01,All India,114.4,index (base 2022-23=100),monthly,Index Numbers of Twenty Three Major Industry Groups of the Manufacturing Sector (Base_ 2022-23 = 100).xlsx,
industry,manufacturing,15. Basic metals,2024-01-01,All India,116.8,index (base 2022-23=100),monthly,Index Numbers of Twenty Three Major Industry Groups of the Manufacturing Sector (Base_ 2022-23 = 100).xlsx,
industry,manufacturing,15. Basic metals,2024-02-01,All India,111.0,index (base 2022-23=100),monthly,Index Numbers of Twenty Three Major Industry Groups of the Manufacturing Sector (Base_ 2022-23 = 100).xlsx,
industry,manufacturing,15. Basic metals,2024-03-01,All India,120.0,index (base 2022-23=100),monthly,Index Numbers of Twenty Three Major Industry Groups of the Manufacturing Sector (Base_ 2022-23 = 100).xlsx,
industry,manufacturing,15. Basic metals,2024-04-01,All India,112.6,index (base 2022-23=100),monthly,Index Numbers of Twenty Three Major Industry Groups of the Manufacturing Sector (Base_ 2022-23 = 100).xlsx,
industry,manufacturing,15. Basic metals,2024-05-01,All India,116.9,index (base 2022-23=100),monthly,Index Numbers of Twenty Three Major Industry Groups of the Manufacturing Sector (Base_ 2022-23 = 100).xlsx,
industry,manufacturing,15. Basic metals,2024-06-01,All India,115.3,index (base 2022-23=100),monthly,Index Numbers of Twenty Three Major Industry Groups of the Manufacturing Sector (Base_ 2022-23 = 100).xlsx,
industry,manufacturing,15. Basic metals,2024-07-01,All India,117.7,index (base 2022-23=100),monthly,Index Numbers of Twenty Three Major Industry Groups of the Manufacturing Sector (Base_ 2022-23 = 100).xlsx,
industry,manufacturing,15. Basic metals,2024-08-01,All India,117.9,index (base 2022-23=100),monthly,Index Numbers of Twenty Three Major Industry Groups of the Manufacturing Sector (Base_ 2022-23 = 100).xlsx,
industry,manufacturing,15. Basic metals,2024-09-01,All India,116.4,index (base 2022-23=100),monthly,Index Numbers of Twenty Three Major Industry Groups of the Manufacturing Sector (Base_ 2022-23 = 100).xlsx,
industry,manufacturing,15. Basic metals,2024-10-01,All India,120.2,index (base 2022-23=100),monthly,Index Numbers of Twenty Three Major Industry Groups of the Manufacturing Sector (Base_ 2022-23 = 100).xlsx,
industry,manufacturing,15. Basic metals,2024-11-01,All India,117.0,index (base 2022-23=100),monthly,Index Numbers of Twenty Three Major Industry Groups of the Manufacturing Sector (Base_ 2022-23 = 100).xlsx,
industry,manufacturing,15. Basic metals,2024-12-01,All India,124.6,index (base 2022-23=100),monthly,Index Numbers of Twenty Three Major Industry Groups of the Manufacturing Sector (Base_ 2022-23 = 100).xlsx,
industry,manufacturing,15. Basic metals,2025-01-01,All India,126.8,index (base 2022-23=100),monthly,Index Numbers of Twenty Three Major Industry Groups of the Manufacturing Sector (Base_ 2022-23 = 100).xlsx,
industry,manufacturing,15. Basic metals,2025-02-01,All India,119.0,index (base 2022-23=100),monthly,Index Numbers of Twenty Three Major Industry Groups of the Manufacturing Sector (Base_ 2022-23 = 100).xlsx,
industry,manufacturing,15. Basic metals,2025-03-01,All India,132.3,index (base 2022-23=100),monthly,Index Numbers of Twenty Three Major Industry Groups of the Manufacturing Sector (Base_ 2022-23 = 100).xlsx,
industry,manufacturing,15. Basic metals,2025-04-01,All India,122.9,index (base 2022-23=100),monthly,Index Numbers of Twenty Three Major Industry Groups of the Manufacturing Sector (Base_ 2022-23 = 100).xlsx,
industry,manufacturing,15. Basic metals,2025-05-01,All India,126.7,index (base 2022-23=100),monthly,Index Numbers of Twenty Three Major Industry Groups of the Manufacturing Sector (Base_ 2022-23 = 100).xlsx,
industry,manufacturing,15. Basic metals,2025-06-01,All India,125.1,index (base 2022-23=100),monthly,Index Numbers of Twenty Three Major Industry Groups of the Manufacturing Sector (Base_ 2022-23 = 100).xlsx,
industry,manufacturing,15. Basic metals,2025-07-01,All India,131.9,index (base 2022-23=100),monthly,Index Numbers of Twenty Three Major Industry Groups of the Manufacturing Sector (Base_ 2022-23 = 100).xlsx,
industry,manufacturing,15. Basic metals,2025-08-01,All India,131.7,index (base 2022-23=100),monthly,Index Numbers of Twenty Three Major Industry Groups of the Manufacturing Sector (Base_ 2022-23 = 100).xlsx,
industry,manufacturing,15. Basic metals,2025-09-01,All India,129.4,index (base 2022-23=100),monthly,Index Numbers of Twenty Three Major Industry Groups of the Manufacturing Sector (Base_ 2022-23 = 100).xlsx,
industry,manufacturing,15. Basic metals,2025-10-01,All India,129.3,index (base 2022-23=100),monthly,Index Numbers of Twenty Three Major Industry Groups of the Manufacturing Sector (Base_ 2022-23 = 100).xlsx,
industry,manufacturing,15. Basic metals,2025-11-01,All India,129.4,index (base 2022-23=100),monthly,Index Numbers of Twenty Three Major Industry Groups of the Manufacturing Sector (Base_ 2022-23 = 100).xlsx,
industry,manufacturing,15. Basic metals,2025-12-01,All India,139.3,index (base 2022-23=100),monthly,Index Numbers of Twenty Three Major Industry Groups of the Manufacturing Sector (Base_ 2022-23 = 100).xlsx,
industry,manufacturing,15. Basic metals,2026-01-01,All India,143.3,index (base 2022-23=100),monthly,Index Numbers of Twenty Three Major Industry Groups of the Manufacturing Sector (Base_ 2022-23 = 100).xlsx,
industry,manufacturing,15. Basic metals,2026-02-01,All India,130.3,index (base 2022-23=100),monthly,Index Numbers of Twenty Three Major Industry Groups of the Manufacturing Sector (Base_ 2022-23 = 100).xlsx,
industry,manufacturing,15. Basic metals,2026-03-01,All India,141.5,index (base 2022-23=100),monthly,Index Numbers of Twenty Three Major Industry Groups of the Manufacturing Sector (Base_ 2022-23 = 100).xlsx,
industry,manufacturing,15. Basic metals,2026-04-01,All India,128.9,index (base 2022-23=100),monthly,Index Numbers of Twenty Three Major Industry Groups of the Manufacturing Sector (Base_ 2022-23 = 100).xlsx,
industry,manufacturing,15. Basic metals,2026-05-01,All India,132.5,index (base 2022-23=100),monthly,Index Numbers of Twenty Three Major Industry Groups of the Manufacturing Sector (Base_ 2022-23 = 100).xlsx,
industry,manufacturing,"16. Fabricated metal products, except machinery and equipment",2023-04-01,All India,98.7,index (base 2022-23=100),monthly,Index Numbers of Twenty Three Major Industry Groups of the Manufacturing Sector (Base_ 2022-23 = 100).xlsx,
industry,manufacturing,"16. Fabricated metal products, except machinery and equipment",2023-05-01,All India,101.6,index (base 2022-23=100),monthly,Index Numbers of Twenty Three Major Industry Groups of the Manufacturing Sector (Base_ 2022-23 = 100).xlsx,
industry,manufacturing,"16. Fabricated metal products, except machinery and equipment",2023-06-01,All India,101.4,index (base 2022-23=100),monthly,Index Numbers of Twenty Three Major Industry Groups of the Manufacturing Sector (Base_ 2022-23 = 100).xlsx,
industry,manufacturing,"16. Fabricated metal products, except machinery and equipment",2023-07-01,All India,101.4,index (base 2022-23=100),monthly,Index Numbers of Twenty Three Major Industry Groups of the Manufacturing Sector (Base_ 2022-23 = 100).xlsx,
industry,manufacturing,"16. Fabricated metal products, except machinery and equipment",2023-08-01,All India,107.3,index (base 2022-23=100),monthly,Index Numbers of Twenty Three Major Industry Groups of the Manufacturing Sector (Base_ 2022-23 = 100).xlsx,
industry,manufacturing,"16. Fabricated metal products, except machinery and equipment",2023-09-01,All India,106.7,index (base 2022-23=100),monthly,Index Numbers of Twenty Three Major Industry Groups of the Manufacturing Sector (Base_ 2022-23 = 100).xlsx,
industry,manufacturing,"16. Fabricated metal products, except machinery and equipment",2023-10-01,All India,105.8,index (base 2022-23=100),monthly,Index Numbers of Twenty Three Major Industry Groups of the Manufacturing Sector (Base_ 2022-23 = 100).xlsx,
industry,manufacturing,"16. Fabricated metal products, except machinery and equipment",2023-11-01,All India,95.6,index (base 2022-23=100),monthly,Index Numbers of Twenty Three Major Industry Groups of the Manufacturing Sector (Base_ 2022-23 = 100).xlsx,
industry,manufacturing,"16. Fabricated metal products, except machinery and equipment",2023-12-01,All India,107.6,index (base 2022-23=100),monthly,Index Numbers of Twenty Three Major Industry Groups of the Manufacturing Sector (Base_ 2022-23 = 100).xlsx,
industry,manufacturing,"16. Fabricated metal products, except machinery and equipment",2024-01-01,All India,109.1,index (base 2022-23=100),monthly,Index Numbers of Twenty Three Major Industry Groups of the Manufacturing Sector (Base_ 2022-23 = 100).xlsx,
industry,manufacturing,"16. Fabricated metal products, except machinery and equipment",2024-02-01,All India,109.1,index (base 2022-23=100),monthly,Index Numbers of Twenty Three Major Industry Groups of the Manufacturing Sector (Base_ 2022-23 = 100).xlsx,
industry,manufacturing,"16. Fabricated metal products, except machinery and equipment",2024-03-01,All India,129.3,index (base 2022-23=100),monthly,Index Numbers of Twenty Three Major Industry Groups of the Manufacturing Sector (Base_ 2022-23 = 100).xlsx,
industry,manufacturing,"16. Fabricated metal products, except machinery and equipment",2024-04-01,All India,102.7,index (base 2022-23=100),monthly,Index Numbers of Twenty Three Major Industry Groups of the Manufacturing Sector (Base_ 2022-23 = 100).xlsx,
industry,manufacturing,"16. Fabricated metal products, except machinery and equipment",2024-05-01,All India,109.7,index (base 2022-23=100),monthly,Index Numbers of Twenty Three Major Industry Groups of the Manufacturing Sector (Base_ 2022-23 = 100).xlsx,
industry,manufacturing,"16. Fabricated metal products, except machinery and equipment",2024-06-01,All India,112.8,index (base 2022-23=100),monthly,Index Numbers of Twenty Three Major Industry Groups of the Manufacturing Sector (Base_ 2022-23 = 100).xlsx,
industry,manufacturing,"16. Fabricated metal products, except machinery and equipment",2024-07-01,All India,116.1,index (base 2022-23=100),monthly,Index Numbers of Twenty Three Major Industry Groups of the Manufacturing Sector (Base_ 2022-23 = 100).xlsx,
industry,manufacturing,"16. Fabricated metal products, except machinery and equipment",2024-08-01,All India,115.2,index (base 2022-23=100),monthly,Index Numbers of Twenty Three Major Industry Groups of the Manufacturing Sector (Base_ 2022-23 = 100).xlsx,
industry,manufacturing,"16. Fabricated metal products, except machinery and equipment",2024-09-01,All India,115.4,index (base 2022-23=100),monthly,Index Numbers of Twenty Three Major Industry Groups of the Manufacturing Sector (Base_ 2022-23 = 100).xlsx,
industry,manufacturing,"16. Fabricated metal products, except machinery and equipment",2024-10-01,All India,111.8,index (base 2022-23=100),monthly,Index Numbers of Twenty Three Major Industry Groups of the Manufacturing Sector (Base_ 2022-23 = 100).xlsx,
industry,manufacturing,"16. Fabricated metal products, except machinery and equipment",2024-11-01,All India,112.0,index (base 2022-23=100),monthly,Index Numbers of Twenty Three Major Industry Groups of the Manufacturing Sector (Base_ 2022-23 = 100).xlsx,
industry,manufacturing,"16. Fabricated metal products, except machinery and equipment",2024-12-01,All India,122.9,index (base 2022-23=100),monthly,Index Numbers of Twenty Three Major Industry Groups of the Manufacturing Sector (Base_ 2022-23 = 100).xlsx,
industry,manufacturing,"16. Fabricated metal products, except machinery and equipment",2025-01-01,All India,121.3,index (base 2022-23=100),monthly,Index Numbers of Twenty Three Major Industry Groups of the Manufacturing Sector (Base_ 2022-23 = 100).xlsx,
industry,manufacturing,"16. Fabricated metal products, except machinery and equipment",2025-02-01,All India,121.0,index (base 2022-23=100),monthly,Index Numbers of Twenty Three Major Industry Groups of the Manufacturing Sector (Base_ 2022-23 = 100).xlsx,
industry,manufacturing,"16. Fabricated metal products, except machinery and equipment",2025-03-01,All India,145.2,index (base 2022-23=100),monthly,Index Numbers of Twenty Three Major Industry Groups of the Manufacturing Sector (Base_ 2022-23 = 100).xlsx,
industry,manufacturing,"16. Fabricated metal products, except machinery and equipment",2025-04-01,All India,113.2,index (base 2022-23=100),monthly,Index Numbers of Twenty Three Major Industry Groups of the Manufacturing Sector (Base_ 2022-23 = 100).xlsx,
industry,manufacturing,"16. Fabricated metal products, except machinery and equipment",2025-05-01,All India,112.6,index (base 2022-23=100),monthly,Index Numbers of Twenty Three Major Industry Groups of the Manufacturing Sector (Base_ 2022-23 = 100).xlsx,
industry,manufacturing,"16. Fabricated metal products, except machinery and equipment",2025-06-01,All India,124.1,index (base 2022-23=100),monthly,Index Numbers of Twenty Three Major Industry Groups of the Manufacturing Sector (Base_ 2022-23 = 100).xlsx,
industry,manufacturing,"16. Fabricated metal products, except machinery and equipment",2025-07-01,All India,126.5,index (base 2022-23=100),monthly,Index Numbers of Twenty Three Major Industry Groups of the Manufacturing Sector (Base_ 2022-23 = 100).xlsx,
industry,manufacturing,"16. Fabricated metal products, except machinery and equipment",2025-08-01,All India,117.3,index (base 2022-23=100),monthly,Index Numbers of Twenty Three Major Industry Groups of the Manufacturing Sector (Base_ 2022-23 = 100).xlsx,
industry,manufacturing,"16. Fabricated metal products, except machinery and equipment",2025-09-01,All India,128.8,index (base 2022-23=100),monthly,Index Numbers of Twenty Three Major Industry Groups of the Manufacturing Sector (Base_ 2022-23 = 100).xlsx,
industry,manufacturing,"16. Fabricated metal products, except machinery and equipment",2025-10-01,All India,115.2,index (base 2022-23=100),monthly,Index Numbers of Twenty Three Major Industry Groups of the Manufacturing Sector (Base_ 2022-23 = 100).xlsx,
industry,manufacturing,"16. Fabricated metal products, except machinery and equipment",2025-11-01,All India,124.9,index (base 2022-23=100),monthly,Index Numbers of Twenty Three Major Industry Groups of the Manufacturing Sector (Base_ 2022-23 = 100).xlsx,
industry,manufacturing,"16. Fabricated metal products, except machinery and equipment",2025-12-01,All India,137.8,index (base 2022-23=100),monthly,Index Numbers of Twenty Three Major Industry Groups of the Manufacturing Sector (Base_ 2022-23 = 100).xlsx,
industry,manufacturing,"16. Fabricated metal products, except machinery and equipment",2026-01-01,All India,137.7,index (base 2022-23=100),monthly,Index Numbers of Twenty Three Major Industry Groups of the Manufacturing Sector (Base_ 2022-23 = 100).xlsx,
industry,manufacturing,"16. Fabricated metal products, except machinery and equipment",2026-02-01,All India,135.8,index (base 2022-23=100),monthly,Index Numbers of Twenty Three Major Industry Groups of the Manufacturing Sector (Base_ 2022-23 = 100).xlsx,
industry,manufacturing,"16. Fabricated metal products, except machinery and equipment",2026-03-01,All India,153.4,index (base 2022-23=100),monthly,Index Numbers of Twenty Three Major Industry Groups of the Manufacturing Sector (Base_ 2022-23 = 100).xlsx,
industry,manufacturing,"16. Fabricated metal products, except machinery and equipment",2026-04-01,All India,125.9,index (base 2022-23=100),monthly,Index Numbers of Twenty Three Major Industry Groups of the Manufacturing Sector (Base_ 2022-23 = 100).xlsx,
industry,manufacturing,"16. Fabricated metal products, except machinery and equipment",2026-05-01,All India,130.0,index (base 2022-23=100),monthly,Index Numbers of Twenty Three Major Industry Groups of the Manufacturing Sector (Base_ 2022-23 = 100).xlsx,
industry,manufacturing,"17. Computer, electronic and optical products",2023-04-01,All India,107.6,index (base 2022-23=100),monthly,Index Numbers of Twenty Three Major Industry Groups of the Manufacturing Sector (Base_ 2022-23 = 100).xlsx,
industry,manufacturing,"17. Computer, electronic and optical products",2023-05-01,All India,104.5,index (base 2022-23=100),monthly,Index Numbers of Twenty Three Major Industry Groups of the Manufacturing Sector (Base_ 2022-23 = 100).xlsx,
industry,manufacturing,"17. Computer, electronic and optical products",2023-06-01,All India,106.3,index (base 2022-23=100),monthly,Index Numbers of Twenty Three Major Industry Groups of the Manufacturing Sector (Base_ 2022-23 = 100).xlsx,
industry,manufacturing,"17. Computer, electronic and optical products",2023-07-01,All India,115.5,index (base 2022-23=100),monthly,Index Numbers of Twenty Three Major Industry Groups of the Manufacturing Sector (Base_ 2022-23 = 100).xlsx,
industry,manufacturing,"17. Computer, electronic and optical products",2023-08-01,All India,126.0,index (base 2022-23=100),monthly,Index Numbers of Twenty Three Major Industry Groups of the Manufacturing Sector (Base_ 2022-23 = 100).xlsx,
industry,manufacturing,"17. Computer, electronic and optical products",2023-09-01,All India,135.2,index (base 2022-23=100),monthly,Index Numbers of Twenty Three Major Industry Groups of the Manufacturing Sector (Base_ 2022-23 = 100).xlsx,
industry,manufacturing,"17. Computer, electronic and optical products",2023-10-01,All India,126.5,index (base 2022-23=100),monthly,Index Numbers of Twenty Three Major Industry Groups of the Manufacturing Sector (Base_ 2022-23 = 100).xlsx,
industry,manufacturing,"17. Computer, electronic and optical products",2023-11-01,All India,108.4,index (base 2022-23=100),monthly,Index Numbers of Twenty Three Major Industry Groups of the Manufacturing Sector (Base_ 2022-23 = 100).xlsx,
industry,manufacturing,"17. Computer, electronic and optical products",2023-12-01,All India,115.2,index (base 2022-23=100),monthly,Index Numbers of Twenty Three Major Industry Groups of the Manufacturing Sector (Base_ 2022-23 = 100).xlsx,
industry,manufacturing,"17. Computer, electronic and optical products",2024-01-01,All India,128.9,index (base 2022-23=100),monthly,Index Numbers of Twenty Three Major Industry Groups of the Manufacturing Sector (Base_ 2022-23 = 100).xlsx,
industry,manufacturing,"17. Computer, electronic and optical products",2024-02-01,All India,126.6,index (base 2022-23=100),monthly,Index Numbers of Twenty Three Major Industry Groups of the Manufacturing Sector (Base_ 2022-23 = 100).xlsx,
industry,manufacturing,"17. Computer, electronic and optical products",2024-03-01,All India,138.5,index (base 2022-23=100),monthly,Index Numbers of Twenty Three Major Industry Groups of the Manufacturing Sector (Base_ 2022-23 = 100).xlsx,
industry,manufacturing,"17. Computer, electronic and optical products",2024-04-01,All India,113.4,index (base 2022-23=100),monthly,Index Numbers of Twenty Three Major Industry Groups of the Manufacturing Sector (Base_ 2022-23 = 100).xlsx,
industry,manufacturing,"17. Computer, electronic and optical products",2024-05-01,All India,127.2,index (base 2022-23=100),monthly,Index Numbers of Twenty Three Major Industry Groups of the Manufacturing Sector (Base_ 2022-23 = 100).xlsx,
industry,manufacturing,"17. Computer, electronic and optical products",2024-06-01,All India,129.1,index (base 2022-23=100),monthly,Index Numbers of Twenty Three Major Industry Groups of the Manufacturing Sector (Base_ 2022-23 = 100).xlsx,
industry,manufacturing,"17. Computer, electronic and optical products",2024-07-01,All India,128.2,index (base 2022-23=100),monthly,Index Numbers of Twenty Three Major Industry Groups of the Manufacturing Sector (Base_ 2022-23 = 100).xlsx,
industry,manufacturing,"17. Computer, electronic and optical products",2024-08-01,All India,130.0,index (base 2022-23=100),monthly,Index Numbers of Twenty Three Major Industry Groups of the Manufacturing Sector (Base_ 2022-23 = 100).xlsx,
industry,manufacturing,"17. Computer, electronic and optical products",2024-09-01,All India,151.2,index (base 2022-23=100),monthly,Index Numbers of Twenty Three Major Industry Groups of the Manufacturing Sector (Base_ 2022-23 = 100).xlsx,
industry,manufacturing,"17. Computer, electronic and optical products",2024-10-01,All India,140.8,index (base 2022-23=100),monthly,Index Numbers of Twenty Three Major Industry Groups of the Manufacturing Sector (Base_ 2022-23 = 100).xlsx,
industry,manufacturing,"17. Computer, electronic and optical products",2024-11-01,All India,124.0,index (base 2022-23=100),monthly,Index Numbers of Twenty Three Major Industry Groups of the Manufacturing Sector (Base_ 2022-23 = 100).xlsx,
industry,manufacturing,"17. Computer, electronic and optical products",2024-12-01,All India,129.3,index (base 2022-23=100),monthly,Index Numbers of Twenty Three Major Industry Groups of the Manufacturing Sector (Base_ 2022-23 = 100).xlsx,
industry,manufacturing,"17. Computer, electronic and optical products",2025-01-01,All India,139.5,index (base 2022-23=100),monthly,Index Numbers of Twenty Three Major Industry Groups of the Manufacturing Sector (Base_ 2022-23 = 100).xlsx,
industry,manufacturing,"17. Computer, electronic and optical products",2025-02-01,All India,134.8,index (base 2022-23=100),monthly,Index Numbers of Twenty Three Major Industry Groups of the Manufacturing Sector (Base_ 2022-23 = 100).xlsx,
industry,manufacturing,"17. Computer, electronic and optical products",2025-03-01,All India,149.9,index (base 2022-23=100),monthly,Index Numbers of Twenty Three Major Industry Groups of the Manufacturing Sector (Base_ 2022-23 = 100).xlsx,
industry,manufacturing,"17. Computer, electronic and optical products",2025-04-01,All India,131.3,index (base 2022-23=100),monthly,Index Numbers of Twenty Three Major Industry Groups of the Manufacturing Sector (Base_ 2022-23 = 100).xlsx,
industry,manufacturing,"17. Computer, electronic and optical products",2025-05-01,All India,133.4,index (base 2022-23=100),monthly,Index Numbers of Twenty Three Major Industry Groups of the Manufacturing Sector (Base_ 2022-23 = 100).xlsx,
industry,manufacturing,"17. Computer, electronic and optical products",2025-06-01,All India,137.6,index (base 2022-23=100),monthly,Index Numbers of Twenty Three Major Industry Groups of the Manufacturing Sector (Base_ 2022-23 = 100).xlsx,
industry,manufacturing,"17. Computer, electronic and optical products",2025-07-01,All India,140.6,index (base 2022-23=100),monthly,Index Numbers of Twenty Three Major Industry Groups of the Manufacturing Sector (Base_ 2022-23 = 100).xlsx,
industry,manufacturing,"17. Computer, electronic and optical products",2025-08-01,All India,138.7,index (base 2022-23=100),monthly,Index Numbers of Twenty Three Major Industry Groups of the Manufacturing Sector (Base_ 2022-23 = 100).xlsx,
industry,manufacturing,"17. Computer, electronic and optical products",2025-09-01,All India,163.3,index (base 2022-23=100),monthly,Index Numbers of Twenty Three Major Industry Groups of the Manufacturing Sector (Base_ 2022-23 = 100).xlsx,
industry,manufacturing,"17. Computer, electronic and optical products",2025-10-01,All India,127.6,index (base 2022-23=100),monthly,Index Numbers of Twenty Three Major Industry Groups of the Manufacturing Sector (Base_ 2022-23 = 100).xlsx,
industry,manufacturing,"17. Computer, electronic and optical products",2025-11-01,All India,132.9,index (base 2022-23=100),monthly,Index Numbers of Twenty Three Major Industry Groups of the Manufacturing Sector (Base_ 2022-23 = 100).xlsx,
industry,manufacturing,"17. Computer, electronic and optical products",2025-12-01,All India,139.1,index (base 2022-23=100),monthly,Index Numbers of Twenty Three Major Industry Groups of the Manufacturing Sector (Base_ 2022-23 = 100).xlsx,
industry,manufacturing,"17. Computer, electronic and optical products",2026-01-01,All India,140.0,index (base 2022-23=100),monthly,Index Numbers of Twenty Three Major Industry Groups of the Manufacturing Sector (Base_ 2022-23 = 100).xlsx,
industry,manufacturing,"17. Computer, electronic and optical products",2026-02-01,All India,140.7,index (base 2022-23=100),monthly,Index Numbers of Twenty Three Major Industry Groups of the Manufacturing Sector (Base_ 2022-23 = 100).xlsx,
industry,manufacturing,"17. Computer, electronic and optical products",2026-03-01,All India,151.2,index (base 2022-23=100),monthly,Index Numbers of Twenty Three Major Industry Groups of the Manufacturing Sector (Base_ 2022-23 = 100).xlsx,
industry,manufacturing,"17. Computer, electronic and optical products",2026-04-01,All India,137.9,index (base 2022-23=100),monthly,Index Numbers of Twenty Three Major Industry Groups of the Manufacturing Sector (Base_ 2022-23 = 100).xlsx,
industry,manufacturing,"17. Computer, electronic and optical products",2026-05-01,All India,148.6,index (base 2022-23=100),monthly,Index Numbers of Twenty Three Major Industry Groups of the Manufacturing Sector (Base_ 2022-23 = 100).xlsx,
industry,manufacturing,18. Electrical equipment,2023-04-01,All India,99.4,index (base 2022-23=100),monthly,Index Numbers of Twenty Three Major Industry Groups of the Manufacturing Sector (Base_ 2022-23 = 100).xlsx,
industry,manufacturing,18. Electrical equipment,2023-05-01,All India,99.5,index (base 2022-23=100),monthly,Index Numbers of Twenty Three Major Industry Groups of the Manufacturing Sector (Base_ 2022-23 = 100).xlsx,
industry,manufacturing,18. Electrical equipment,2023-06-01,All India,101.7,index (base 2022-23=100),monthly,Index Numbers of Twenty Three Major Industry Groups of the Manufacturing Sector (Base_ 2022-23 = 100).xlsx,
industry,manufacturing,18. Electrical equipment,2023-07-01,All India,102.0,index (base 2022-23=100),monthly,Index Numbers of Twenty Three Major Industry Groups of the Manufacturing Sector (Base_ 2022-23 = 100).xlsx,
industry,manufacturing,18. Electrical equipment,2023-08-01,All India,115.9,index (base 2022-23=100),monthly,Index Numbers of Twenty Three Major Industry Groups of the Manufacturing Sector (Base_ 2022-23 = 100).xlsx,
industry,manufacturing,18. Electrical equipment,2023-09-01,All India,108.7,index (base 2022-23=100),monthly,Index Numbers of Twenty Three Major Industry Groups of the Manufacturing Sector (Base_ 2022-23 = 100).xlsx,
industry,manufacturing,18. Electrical equipment,2023-10-01,All India,104.9,index (base 2022-23=100),monthly,Index Numbers of Twenty Three Major Industry Groups of the Manufacturing Sector (Base_ 2022-23 = 100).xlsx,
industry,manufacturing,18. Electrical equipment,2023-11-01,All India,104.2,index (base 2022-23=100),monthly,Index Numbers of Twenty Three Major Industry Groups of the Manufacturing Sector (Base_ 2022-23 = 100).xlsx,
industry,manufacturing,18. Electrical equipment,2023-12-01,All India,114.6,index (base 2022-23=100),monthly,Index Numbers of Twenty Three Major Industry Groups of the Manufacturing Sector (Base_ 2022-23 = 100).xlsx,
industry,manufacturing,18. Electrical equipment,2024-01-01,All India,122.3,index (base 2022-23=100),monthly,Index Numbers of Twenty Three Major Industry Groups of the Manufacturing Sector (Base_ 2022-23 = 100).xlsx,
industry,manufacturing,18. Electrical equipment,2024-02-01,All India,115.3,index (base 2022-23=100),monthly,Index Numbers of Twenty Three Major Industry Groups of the Manufacturing Sector (Base_ 2022-23 = 100).xlsx,
industry,manufacturing,18. Electrical equipment,2024-03-01,All India,129.1,index (base 2022-23=100),monthly,Index Numbers of Twenty Three Major Industry Groups of the Manufacturing Sector (Base_ 2022-23 = 100).xlsx,
industry,manufacturing,18. Electrical equipment,2024-04-01,All India,107.3,index (base 2022-23=100),monthly,Index Numbers of Twenty Three Major Industry Groups of the Manufacturing Sector (Base_ 2022-23 = 100).xlsx,
industry,manufacturing,18. Electrical equipment,2024-05-01,All India,121.2,index (base 2022-23=100),monthly,Index Numbers of Twenty Three Major Industry Groups of the Manufacturing Sector (Base_ 2022-23 = 100).xlsx,
industry,manufacturing,18. Electrical equipment,2024-06-01,All India,125.4,index (base 2022-23=100),monthly,Index Numbers of Twenty Three Major Industry Groups of the Manufacturing Sector (Base_ 2022-23 = 100).xlsx,
industry,manufacturing,18. Electrical equipment,2024-07-01,All India,127.3,index (base 2022-23=100),monthly,Index Numbers of Twenty Three Major Industry Groups of the Manufacturing Sector (Base_ 2022-23 = 100).xlsx,
industry,manufacturing,18. Electrical equipment,2024-08-01,All India,119.3,index (base 2022-23=100),monthly,Index Numbers of Twenty Three Major Industry Groups of the Manufacturing Sector (Base_ 2022-23 = 100).xlsx,
industry,manufacturing,18. Electrical equipment,2024-09-01,All India,118.6,index (base 2022-23=100),monthly,Index Numbers of Twenty Three Major Industry Groups of the Manufacturing Sector (Base_ 2022-23 = 100).xlsx,
industry,manufacturing,18. Electrical equipment,2024-10-01,All India,113.1,index (base 2022-23=100),monthly,Index Numbers of Twenty Three Major Industry Groups of the Manufacturing Sector (Base_ 2022-23 = 100).xlsx,
industry,manufacturing,18. Electrical equipment,2024-11-01,All India,106.8,index (base 2022-23=100),monthly,Index Numbers of Twenty Three Major Industry Groups of the Manufacturing Sector (Base_ 2022-23 = 100).xlsx,
industry,manufacturing,18. Electrical equipment,2024-12-01,All India,119.1,index (base 2022-23=100),monthly,Index Numbers of Twenty Three Major Industry Groups of the Manufacturing Sector (Base_ 2022-23 = 100).xlsx,
industry,manufacturing,18. Electrical equipment,2025-01-01,All India,127.3,index (base 2022-23=100),monthly,Index Numbers of Twenty Three Major Industry Groups of the Manufacturing Sector (Base_ 2022-23 = 100).xlsx,
industry,manufacturing,18. Electrical equipment,2025-02-01,All India,130.7,index (base 2022-23=100),monthly,Index Numbers of Twenty Three Major Industry Groups of the Manufacturing Sector (Base_ 2022-23 = 100).xlsx,
industry,manufacturing,18. Electrical equipment,2025-03-01,All India,152.8,index (base 2022-23=100),monthly,Index Numbers of Twenty Three Major Industry Groups of the Manufacturing Sector (Base_ 2022-23 = 100).xlsx,
industry,manufacturing,18. Electrical equipment,2025-04-01,All India,124.5,index (base 2022-23=100),monthly,Index Numbers of Twenty Three Major Industry Groups of the Manufacturing Sector (Base_ 2022-23 = 100).xlsx,
industry,manufacturing,18. Electrical equipment,2025-05-01,All India,133.5,index (base 2022-23=100),monthly,Index Numbers of Twenty Three Major Industry Groups of the Manufacturing Sector (Base_ 2022-23 = 100).xlsx,
industry,manufacturing,18. Electrical equipment,2025-06-01,All India,130.4,index (base 2022-23=100),monthly,Index Numbers of Twenty Three Major Industry Groups of the Manufacturing Sector (Base_ 2022-23 = 100).xlsx,
industry,manufacturing,18. Electrical equipment,2025-07-01,All India,131.0,index (base 2022-23=100),monthly,Index Numbers of Twenty Three Major Industry Groups of the Manufacturing Sector (Base_ 2022-23 = 100).xlsx,
industry,manufacturing,18. Electrical equipment,2025-08-01,All India,130.0,index (base 2022-23=100),monthly,Index Numbers of Twenty Three Major Industry Groups of the Manufacturing Sector (Base_ 2022-23 = 100).xlsx,
industry,manufacturing,18. Electrical equipment,2025-09-01,All India,129.0,index (base 2022-23=100),monthly,Index Numbers of Twenty Three Major Industry Groups of the Manufacturing Sector (Base_ 2022-23 = 100).xlsx,
industry,manufacturing,18. Electrical equipment,2025-10-01,All India,125.2,index (base 2022-23=100),monthly,Index Numbers of Twenty Three Major Industry Groups of the Manufacturing Sector (Base_ 2022-23 = 100).xlsx,
industry,manufacturing,18. Electrical equipment,2025-11-01,All India,130.6,index (base 2022-23=100),monthly,Index Numbers of Twenty Three Major Industry Groups of the Manufacturing Sector (Base_ 2022-23 = 100).xlsx,
industry,manufacturing,18. Electrical equipment,2025-12-01,All India,149.9,index (base 2022-23=100),monthly,Index Numbers of Twenty Three Major Industry Groups of the Manufacturing Sector (Base_ 2022-23 = 100).xlsx,
industry,manufacturing,18. Electrical equipment,2026-01-01,All India,147.2,index (base 2022-23=100),monthly,Index Numbers of Twenty Three Major Industry Groups of the Manufacturing Sector (Base_ 2022-23 = 100).xlsx,
industry,manufacturing,18. Electrical equipment,2026-02-01,All India,153.7,index (base 2022-23=100),monthly,Index Numbers of Twenty Three Major Industry Groups of the Manufacturing Sector (Base_ 2022-23 = 100).xlsx,
industry,manufacturing,18. Electrical equipment,2026-03-01,All India,175.0,index (base 2022-23=100),monthly,Index Numbers of Twenty Three Major Industry Groups of the Manufacturing Sector (Base_ 2022-23 = 100).xlsx,
industry,manufacturing,18. Electrical equipment,2026-04-01,All India,151.5,index (base 2022-23=100),monthly,Index Numbers of Twenty Three Major Industry Groups of the Manufacturing Sector (Base_ 2022-23 = 100).xlsx,
industry,manufacturing,18. Electrical equipment,2026-05-01,All India,161.3,index (base 2022-23=100),monthly,Index Numbers of Twenty Three Major Industry Groups of the Manufacturing Sector (Base_ 2022-23 = 100).xlsx,
industry,manufacturing,19. Machinery and equipment n.e.c.,2023-04-01,All India,90.1,index (base 2022-23=100),monthly,Index Numbers of Twenty Three Major Industry Groups of the Manufacturing Sector (Base_ 2022-23 = 100).xlsx,
industry,manufacturing,19. Machinery and equipment n.e.c.,2023-05-01,All India,98.2,index (base 2022-23=100),monthly,Index Numbers of Twenty Three Major Industry Groups of the Manufacturing Sector (Base_ 2022-23 = 100).xlsx,
industry,manufacturing,19. Machinery and equipment n.e.c.,2023-06-01,All India,108.0,index (base 2022-23=100),monthly,Index Numbers of Twenty Three Major Industry Groups of the Manufacturing Sector (Base_ 2022-23 = 100).xlsx,
industry,manufacturing,19. Machinery and equipment n.e.c.,2023-07-01,All India,99.8,index (base 2022-23=100),monthly,Index Numbers of Twenty Three Major Industry Groups of the Manufacturing Sector (Base_ 2022-23 = 100).xlsx,
industry,manufacturing,19. Machinery and equipment n.e.c.,2023-08-01,All India,109.1,index (base 2022-23=100),monthly,Index Numbers of Twenty Three Major Industry Groups of the Manufacturing Sector (Base_ 2022-23 = 100).xlsx,
industry,manufacturing,19. Machinery and equipment n.e.c.,2023-09-01,All India,114.3,index (base 2022-23=100),monthly,Index Numbers of Twenty Three Major Industry Groups of the Manufacturing Sector (Base_ 2022-23 = 100).xlsx,
industry,manufacturing,19. Machinery and equipment n.e.c.,2023-10-01,All India,100.5,index (base 2022-23=100),monthly,Index Numbers of Twenty Three Major Industry Groups of the Manufacturing Sector (Base_ 2022-23 = 100).xlsx,
industry,manufacturing,19. Machinery and equipment n.e.c.,2023-11-01,All India,95.3,index (base 2022-23=100),monthly,Index Numbers of Twenty Three Major Industry Groups of the Manufacturing Sector (Base_ 2022-23 = 100).xlsx,
industry,manufacturing,19. Machinery and equipment n.e.c.,2023-12-01,All India,103.0,index (base 2022-23=100),monthly,Index Numbers of Twenty Three Major Industry Groups of the Manufacturing Sector (Base_ 2022-23 = 100).xlsx,
industry,manufacturing,19. Machinery and equipment n.e.c.,2024-01-01,All India,100.7,index (base 2022-23=100),monthly,Index Numbers of Twenty Three Major Industry Groups of the Manufacturing Sector (Base_ 2022-23 = 100).xlsx,
industry,manufacturing,19. Machinery and equipment n.e.c.,2024-02-01,All India,108.2,index (base 2022-23=100),monthly,Index Numbers of Twenty Three Major Industry Groups of the Manufacturing Sector (Base_ 2022-23 = 100).xlsx,
industry,manufacturing,19. Machinery and equipment n.e.c.,2024-03-01,All India,143.7,index (base 2022-23=100),monthly,Index Numbers of Twenty Three Major Industry Groups of the Manufacturing Sector (Base_ 2022-23 = 100).xlsx,
industry,manufacturing,19. Machinery and equipment n.e.c.,2024-04-01,All India,92.2,index (base 2022-23=100),monthly,Index Numbers of Twenty Three Major Industry Groups of the Manufacturing Sector (Base_ 2022-23 = 100).xlsx,
industry,manufacturing,19. Machinery and equipment n.e.c.,2024-05-01,All India,107.6,index (base 2022-23=100),monthly,Index Numbers of Twenty Three Major Industry Groups of the Manufacturing Sector (Base_ 2022-23 = 100).xlsx,
industry,manufacturing,19. Machinery and equipment n.e.c.,2024-06-01,All India,119.4,index (base 2022-23=100),monthly,Index Numbers of Twenty Three Major Industry Groups of the Manufacturing Sector (Base_ 2022-23 = 100).xlsx,
industry,manufacturing,19. Machinery and equipment n.e.c.,2024-07-01,All India,111.4,index (base 2022-23=100),monthly,Index Numbers of Twenty Three Major Industry Groups of the Manufacturing Sector (Base_ 2022-23 = 100).xlsx,
industry,manufacturing,19. Machinery and equipment n.e.c.,2024-08-01,All India,113.2,index (base 2022-23=100),monthly,Index Numbers of Twenty Three Major Industry Groups of the Manufacturing Sector (Base_ 2022-23 = 100).xlsx,
industry,manufacturing,19. Machinery and equipment n.e.c.,2024-09-01,All India,122.3,index (base 2022-23=100),monthly,Index Numbers of Twenty Three Major Industry Groups of the Manufacturing Sector (Base_ 2022-23 = 100).xlsx,
industry,manufacturing,19. Machinery and equipment n.e.c.,2024-10-01,All India,108.2,index (base 2022-23=100),monthly,Index Numbers of Twenty Three Major Industry Groups of the Manufacturing Sector (Base_ 2022-23 = 100).xlsx,
industry,manufacturing,19. Machinery and equipment n.e.c.,2024-11-01,All India,105.8,index (base 2022-23=100),monthly,Index Numbers of Twenty Three Major Industry Groups of the Manufacturing Sector (Base_ 2022-23 = 100).xlsx,
industry,manufacturing,19. Machinery and equipment n.e.c.,2024-12-01,All India,122.9,index (base 2022-23=100),monthly,Index Numbers of Twenty Three Major Industry Groups of the Manufacturing Sector (Base_ 2022-23 = 100).xlsx,
industry,manufacturing,19. Machinery and equipment n.e.c.,2025-01-01,All India,113.9,index (base 2022-23=100),monthly,Index Numbers of Twenty Three Major Industry Groups of the Manufacturing Sector (Base_ 2022-23 = 100).xlsx,
industry,manufacturing,19. Machinery and equipment n.e.c.,2025-02-01,All India,115.1,index (base 2022-23=100),monthly,Index Numbers of Twenty Three Major Industry Groups of the Manufacturing Sector (Base_ 2022-23 = 100).xlsx,
industry,manufacturing,19. Machinery and equipment n.e.c.,2025-03-01,All India,163.4,index (base 2022-23=100),monthly,Index Numbers of Twenty Three Major Industry Groups of the Manufacturing Sector (Base_ 2022-23 = 100).xlsx,
industry,manufacturing,19. Machinery and equipment n.e.c.,2025-04-01,All India,104.6,index (base 2022-23=100),monthly,Index Numbers of Twenty Three Major Industry Groups of the Manufacturing Sector (Base_ 2022-23 = 100).xlsx,
industry,manufacturing,19. Machinery and equipment n.e.c.,2025-05-01,All India,115.0,index (base 2022-23=100),monthly,Index Numbers of Twenty Three Major Industry Groups of the Manufacturing Sector (Base_ 2022-23 = 100).xlsx,
industry,manufacturing,19. Machinery and equipment n.e.c.,2025-06-01,All India,120.8,index (base 2022-23=100),monthly,Index Numbers of Twenty Three Major Industry Groups of the Manufacturing Sector (Base_ 2022-23 = 100).xlsx,
industry,manufacturing,19. Machinery and equipment n.e.c.,2025-07-01,All India,114.7,index (base 2022-23=100),monthly,Index Numbers of Twenty Three Major Industry Groups of the Manufacturing Sector (Base_ 2022-23 = 100).xlsx,
industry,manufacturing,19. Machinery and equipment n.e.c.,2025-08-01,All India,115.4,index (base 2022-23=100),monthly,Index Numbers of Twenty Three Major Industry Groups of the Manufacturing Sector (Base_ 2022-23 = 100).xlsx,
industry,manufacturing,19. Machinery and equipment n.e.c.,2025-09-01,All India,139.7,index (base 2022-23=100),monthly,Index Numbers of Twenty Three Major Industry Groups of the Manufacturing Sector (Base_ 2022-23 = 100).xlsx,
industry,manufacturing,19. Machinery and equipment n.e.c.,2025-10-01,All India,109.6,index (base 2022-23=100),monthly,Index Numbers of Twenty Three Major Industry Groups of the Manufacturing Sector (Base_ 2022-23 = 100).xlsx,
industry,manufacturing,19. Machinery and equipment n.e.c.,2025-11-01,All India,116.8,index (base 2022-23=100),monthly,Index Numbers of Twenty Three Major Industry Groups of the Manufacturing Sector (Base_ 2022-23 = 100).xlsx,
industry,manufacturing,19. Machinery and equipment n.e.c.,2025-12-01,All India,129.3,index (base 2022-23=100),monthly,Index Numbers of Twenty Three Major Industry Groups of the Manufacturing Sector (Base_ 2022-23 = 100).xlsx,
industry,manufacturing,19. Machinery and equipment n.e.c.,2026-01-01,All India,121.6,index (base 2022-23=100),monthly,Index Numbers of Twenty Three Major Industry Groups of the Manufacturing Sector (Base_ 2022-23 = 100).xlsx,
industry,manufacturing,19. Machinery and equipment n.e.c.,2026-02-01,All India,130.2,index (base 2022-23=100),monthly,Index Numbers of Twenty Three Major Industry Groups of the Manufacturing Sector (Base_ 2022-23 = 100).xlsx,
industry,manufacturing,19. Machinery and equipment n.e.c.,2026-03-01,All India,167.2,index (base 2022-23=100),monthly,Index Numbers of Twenty Three Major Industry Groups of the Manufacturing Sector (Base_ 2022-23 = 100).xlsx,
industry,manufacturing,19. Machinery and equipment n.e.c.,2026-04-01,All India,109.9,index (base 2022-23=100),monthly,Index Numbers of Twenty Three Major Industry Groups of the Manufacturing Sector (Base_ 2022-23 = 100).xlsx,
industry,manufacturing,19. Machinery and equipment n.e.c.,2026-05-01,All India,120.8,index (base 2022-23=100),monthly,Index Numbers of Twenty Three Major Industry Groups of the Manufacturing Sector (Base_ 2022-23 = 100).xlsx,
industry,manufacturing,2. Beverages,2023-04-01,All India,122.8,index (base 2022-23=100),monthly,Index Numbers of Twenty Three Major Industry Groups of the Manufacturing Sector (Base_ 2022-23 = 100).xlsx,
industry,manufacturing,2. Beverages,2023-05-01,All India,137.2,index (base 2022-23=100),monthly,Index Numbers of Twenty Three Major Industry Groups of the Manufacturing Sector (Base_ 2022-23 = 100).xlsx,
industry,manufacturing,2. Beverages,2023-06-01,All India,142.0,index (base 2022-23=100),monthly,Index Numbers of Twenty Three Major Industry Groups of the Manufacturing Sector (Base_ 2022-23 = 100).xlsx,
industry,manufacturing,2. Beverages,2023-07-01,All India,111.2,index (base 2022-23=100),monthly,Index Numbers of Twenty Three Major Industry Groups of the Manufacturing Sector (Base_ 2022-23 = 100).xlsx,
industry,manufacturing,2. Beverages,2023-08-01,All India,108.9,index (base 2022-23=100),monthly,Index Numbers of Twenty Three Major Industry Groups of the Manufacturing Sector (Base_ 2022-23 = 100).xlsx,
industry,manufacturing,2. Beverages,2023-09-01,All India,106.5,index (base 2022-23=100),monthly,Index Numbers of Twenty Three Major Industry Groups of the Manufacturing Sector (Base_ 2022-23 = 100).xlsx,
industry,manufacturing,2. Beverages,2023-10-01,All India,94.5,index (base 2022-23=100),monthly,Index Numbers of Twenty Three Major Industry Groups of the Manufacturing Sector (Base_ 2022-23 = 100).xlsx,
industry,manufacturing,2. Beverages,2023-11-01,All India,82.2,index (base 2022-23=100),monthly,Index Numbers of Twenty Three Major Industry Groups of the Manufacturing Sector (Base_ 2022-23 = 100).xlsx,
industry,manufacturing,2. Beverages,2023-12-01,All India,77.0,index (base 2022-23=100),monthly,Index Numbers of Twenty Three Major Industry Groups of the Manufacturing Sector (Base_ 2022-23 = 100).xlsx,
industry,manufacturing,2. Beverages,2024-01-01,All India,111.0,index (base 2022-23=100),monthly,Index Numbers of Twenty Three Major Industry Groups of the Manufacturing Sector (Base_ 2022-23 = 100).xlsx,
industry,manufacturing,2. Beverages,2024-02-01,All India,123.9,index (base 2022-23=100),monthly,Index Numbers of Twenty Three Major Industry Groups of the Manufacturing Sector (Base_ 2022-23 = 100).xlsx,
industry,manufacturing,2. Beverages,2024-03-01,All India,138.9,index (base 2022-23=100),monthly,Index Numbers of Twenty Three Major Industry Groups of the Manufacturing Sector (Base_ 2022-23 = 100).xlsx,
industry,manufacturing,2. Beverages,2024-04-01,All India,164.0,index (base 2022-23=100),monthly,Index Numbers of Twenty Three Major Industry Groups of the Manufacturing Sector (Base_ 2022-23 = 100).xlsx,
industry,manufacturing,2. Beverages,2024-05-01,All India,179.3,index (base 2022-23=100),monthly,Index Numbers of Twenty Three Major Industry Groups of the Manufacturing Sector (Base_ 2022-23 = 100).xlsx,
industry,manufacturing,2. Beverages,2024-06-01,All India,158.2,index (base 2022-23=100),monthly,Index Numbers of Twenty Three Major Industry Groups of the Manufacturing Sector (Base_ 2022-23 = 100).xlsx,
industry,manufacturing,2. Beverages,2024-07-01,All India,119.2,index (base 2022-23=100),monthly,Index Numbers of Twenty Three Major Industry Groups of the Manufacturing Sector (Base_ 2022-23 = 100).xlsx,
industry,manufacturing,2. Beverages,2024-08-01,All India,107.0,index (base 2022-23=100),monthly,Index Numbers of Twenty Three Major Industry Groups of the Manufacturing Sector (Base_ 2022-23 = 100).xlsx,
industry,manufacturing,2. Beverages,2024-09-01,All India,106.0,index (base 2022-23=100),monthly,Index Numbers of Twenty Three Major Industry Groups of the Manufacturing Sector (Base_ 2022-23 = 100).xlsx,
industry,manufacturing,2. Beverages,2024-10-01,All India,103.4,index (base 2022-23=100),monthly,Index Numbers of Twenty Three Major Industry Groups of the Manufacturing Sector (Base_ 2022-23 = 100).xlsx,
industry,manufacturing,2. Beverages,2024-11-01,All India,85.8,index (base 2022-23=100),monthly,Index Numbers of Twenty Three Major Industry Groups of the Manufacturing Sector (Base_ 2022-23 = 100).xlsx,
industry,manufacturing,2. Beverages,2024-12-01,All India,73.9,index (base 2022-23=100),monthly,Index Numbers of Twenty Three Major Industry Groups of the Manufacturing Sector (Base_ 2022-23 = 100).xlsx,
industry,manufacturing,2. Beverages,2025-01-01,All India,114.3,index (base 2022-23=100),monthly,Index Numbers of Twenty Three Major Industry Groups of the Manufacturing Sector (Base_ 2022-23 = 100).xlsx,
industry,manufacturing,2. Beverages,2025-02-01,All India,132.9,index (base 2022-23=100),monthly,Index Numbers of Twenty Three Major Industry Groups of the Manufacturing Sector (Base_ 2022-23 = 100).xlsx,
industry,manufacturing,2. Beverages,2025-03-01,All India,164.2,index (base 2022-23=100),monthly,Index Numbers of Twenty Three Major Industry Groups of the Manufacturing Sector (Base_ 2022-23 = 100).xlsx,
industry,manufacturing,2. Beverages,2025-04-01,All India,164.4,index (base 2022-23=100),monthly,Index Numbers of Twenty Three Major Industry Groups of the Manufacturing Sector (Base_ 2022-23 = 100).xlsx,
industry,manufacturing,2. Beverages,2025-05-01,All India,158.1,index (base 2022-23=100),monthly,Index Numbers of Twenty Three Major Industry Groups of the Manufacturing Sector (Base_ 2022-23 = 100).xlsx,
industry,manufacturing,2. Beverages,2025-06-01,All India,136.5,index (base 2022-23=100),monthly,Index Numbers of Twenty Three Major Industry Groups of the Manufacturing Sector (Base_ 2022-23 = 100).xlsx,
industry,manufacturing,2. Beverages,2025-07-01,All India,104.6,index (base 2022-23=100),monthly,Index Numbers of Twenty Three Major Industry Groups of the Manufacturing Sector (Base_ 2022-23 = 100).xlsx,
industry,manufacturing,2. Beverages,2025-08-01,All India,101.9,index (base 2022-23=100),monthly,Index Numbers of Twenty Three Major Industry Groups of the Manufacturing Sector (Base_ 2022-23 = 100).xlsx,
industry,manufacturing,2. Beverages,2025-09-01,All India,92.4,index (base 2022-23=100),monthly,Index Numbers of Twenty Three Major Industry Groups of the Manufacturing Sector (Base_ 2022-23 = 100).xlsx,
industry,manufacturing,2. Beverages,2025-10-01,All India,93.3,index (base 2022-23=100),monthly,Index Numbers of Twenty Three Major Industry Groups of the Manufacturing Sector (Base_ 2022-23 = 100).xlsx,
industry,manufacturing,2. Beverages,2025-11-01,All India,83.4,index (base 2022-23=100),monthly,Index Numbers of Twenty Three Major Industry Groups of the Manufacturing Sector (Base_ 2022-23 = 100).xlsx,
industry,manufacturing,2. Beverages,2025-12-01,All India,71.8,index (base 2022-23=100),monthly,Index Numbers of Twenty Three Major Industry Groups of the Manufacturing Sector (Base_ 2022-23 = 100).xlsx,
industry,manufacturing,2. Beverages,2026-01-01,All India,110.3,index (base 2022-23=100),monthly,Index Numbers of Twenty Three Major Industry Groups of the Manufacturing Sector (Base_ 2022-23 = 100).xlsx,
industry,manufacturing,2. Beverages,2026-02-01,All India,124.5,index (base 2022-23=100),monthly,Index Numbers of Twenty Three Major Industry Groups of the Manufacturing Sector (Base_ 2022-23 = 100).xlsx,
industry,manufacturing,2. Beverages,2026-03-01,All India,153.9,index (base 2022-23=100),monthly,Index Numbers of Twenty Three Major Industry Groups of the Manufacturing Sector (Base_ 2022-23 = 100).xlsx,
industry,manufacturing,2. Beverages,2026-04-01,All India,155.2,index (base 2022-23=100),monthly,Index Numbers of Twenty Three Major Industry Groups of the Manufacturing Sector (Base_ 2022-23 = 100).xlsx,
industry,manufacturing,2. Beverages,2026-05-01,All India,166.0,index (base 2022-23=100),monthly,Index Numbers of Twenty Three Major Industry Groups of the Manufacturing Sector (Base_ 2022-23 = 100).xlsx,
industry,manufacturing,"20. Motor vehicles, trailers and semi-trailers",2023-04-01,All India,98.2,index (base 2022-23=100),monthly,Index Numbers of Twenty Three Major Industry Groups of the Manufacturing Sector (Base_ 2022-23 = 100).xlsx,
industry,manufacturing,"20. Motor vehicles, trailers and semi-trailers",2023-05-01,All India,105.3,index (base 2022-23=100),monthly,Index Numbers of Twenty Three Major Industry Groups of the Manufacturing Sector (Base_ 2022-23 = 100).xlsx,
industry,manufacturing,"20. Motor vehicles, trailers and semi-trailers",2023-06-01,All India,104.2,index (base 2022-23=100),monthly,Index Numbers of Twenty Three Major Industry Groups of the Manufacturing Sector (Base_ 2022-23 = 100).xlsx,
industry,manufacturing,"20. Motor vehicles, trailers and semi-trailers",2023-07-01,All India,112.4,index (base 2022-23=100),monthly,Index Numbers of Twenty Three Major Industry Groups of the Manufacturing Sector (Base_ 2022-23 = 100).xlsx,
industry,manufacturing,"20. Motor vehicles, trailers and semi-trailers",2023-08-01,All India,114.1,index (base 2022-23=100),monthly,Index Numbers of Twenty Three Major Industry Groups of the Manufacturing Sector (Base_ 2022-23 = 100).xlsx,
industry,manufacturing,"20. Motor vehicles, trailers and semi-trailers",2023-09-01,All India,110.7,index (base 2022-23=100),monthly,Index Numbers of Twenty Three Major Industry Groups of the Manufacturing Sector (Base_ 2022-23 = 100).xlsx,
industry,manufacturing,"20. Motor vehicles, trailers and semi-trailers",2023-10-01,All India,117.6,index (base 2022-23=100),monthly,Index Numbers of Twenty Three Major Industry Groups of the Manufacturing Sector (Base_ 2022-23 = 100).xlsx,
industry,manufacturing,"20. Motor vehicles, trailers and semi-trailers",2023-11-01,All India,103.9,index (base 2022-23=100),monthly,Index Numbers of Twenty Three Major Industry Groups of the Manufacturing Sector (Base_ 2022-23 = 100).xlsx,
industry,manufacturing,"20. Motor vehicles, trailers and semi-trailers",2023-12-01,All India,99.7,index (base 2022-23=100),monthly,Index Numbers of Twenty Three Major Industry Groups of the Manufacturing Sector (Base_ 2022-23 = 100).xlsx,
industry,manufacturing,"20. Motor vehicles, trailers and semi-trailers",2024-01-01,All India,113.5,index (base 2022-23=100),monthly,Index Numbers of Twenty Three Major Industry Groups of the Manufacturing Sector (Base_ 2022-23 = 100).xlsx,
industry,manufacturing,"20. Motor vehicles, trailers and semi-trailers",2024-02-01,All India,110.8,index (base 2022-23=100),monthly,Index Numbers of Twenty Three Major Industry Groups of the Manufacturing Sector (Base_ 2022-23 = 100).xlsx,
industry,manufacturing,"20. Motor vehicles, trailers and semi-trailers",2024-03-01,All India,111.1,index (base 2022-23=100),monthly,Index Numbers of Twenty Three Major Industry Groups of the Manufacturing Sector (Base_ 2022-23 = 100).xlsx,
industry,manufacturing,"20. Motor vehicles, trailers and semi-trailers",2024-04-01,All India,103.8,index (base 2022-23=100),monthly,Index Numbers of Twenty Three Major Industry Groups of the Manufacturing Sector (Base_ 2022-23 = 100).xlsx,
industry,manufacturing,"20. Motor vehicles, trailers and semi-trailers",2024-05-01,All India,107.5,index (base 2022-23=100),monthly,Index Numbers of Twenty Three Major Industry Groups of the Manufacturing Sector (Base_ 2022-23 = 100).xlsx,
industry,manufacturing,"20. Motor vehicles, trailers and semi-trailers",2024-06-01,All India,107.9,index (base 2022-23=100),monthly,Index Numbers of Twenty Three Major Industry Groups of the Manufacturing Sector (Base_ 2022-23 = 100).xlsx,
industry,manufacturing,"20. Motor vehicles, trailers and semi-trailers",2024-07-01,All India,114.1,index (base 2022-23=100),monthly,Index Numbers of Twenty Three Major Industry Groups of the Manufacturing Sector (Base_ 2022-23 = 100).xlsx,
industry,manufacturing,"20. Motor vehicles, trailers and semi-trailers",2024-08-01,All India,112.3,index (base 2022-23=100),monthly,Index Numbers of Twenty Three Major Industry Groups of the Manufacturing Sector (Base_ 2022-23 = 100).xlsx,
industry,manufacturing,"20. Motor vehicles, trailers and semi-trailers",2024-09-01,All India,112.5,index (base 2022-23=100),monthly,Index Numbers of Twenty Three Major Industry Groups of the Manufacturing Sector (Base_ 2022-23 = 100).xlsx,
industry,manufacturing,"20. Motor vehicles, trailers and semi-trailers",2024-10-01,All India,118.0,index (base 2022-23=100),monthly,Index Numbers of Twenty Three Major Industry Groups of the Manufacturing Sector (Base_ 2022-23 = 100).xlsx,
industry,manufacturing,"20. Motor vehicles, trailers and semi-trailers",2024-11-01,All India,108.5,index (base 2022-23=100),monthly,Index Numbers of Twenty Three Major Industry Groups of the Manufacturing Sector (Base_ 2022-23 = 100).xlsx,
industry,manufacturing,"20. Motor vehicles, trailers and semi-trailers",2024-12-01,All India,110.4,index (base 2022-23=100),monthly,Index Numbers of Twenty Three Major Industry Groups of the Manufacturing Sector (Base_ 2022-23 = 100).xlsx,
industry,manufacturing,"20. Motor vehicles, trailers and semi-trailers",2025-01-01,All India,121.2,index (base 2022-23=100),monthly,Index Numbers of Twenty Three Major Industry Groups of the Manufacturing Sector (Base_ 2022-23 = 100).xlsx,
industry,manufacturing,"20. Motor vehicles, trailers and semi-trailers",2025-02-01,All India,118.5,index (base 2022-23=100),monthly,Index Numbers of Twenty Three Major Industry Groups of the Manufacturing Sector (Base_ 2022-23 = 100).xlsx,
industry,manufacturing,"20. Motor vehicles, trailers and semi-trailers",2025-03-01,All India,122.0,index (base 2022-23=100),monthly,Index Numbers of Twenty Three Major Industry Groups of the Manufacturing Sector (Base_ 2022-23 = 100).xlsx,
industry,manufacturing,"20. Motor vehicles, trailers and semi-trailers",2025-04-01,All India,116.0,index (base 2022-23=100),monthly,Index Numbers of Twenty Three Major Industry Groups of the Manufacturing Sector (Base_ 2022-23 = 100).xlsx,
industry,manufacturing,"20. Motor vehicles, trailers and semi-trailers",2025-05-01,All India,115.3,index (base 2022-23=100),monthly,Index Numbers of Twenty Three Major Industry Groups of the Manufacturing Sector (Base_ 2022-23 = 100).xlsx,
industry,manufacturing,"20. Motor vehicles, trailers and semi-trailers",2025-06-01,All India,108.5,index (base 2022-23=100),monthly,Index Numbers of Twenty Three Major Industry Groups of the Manufacturing Sector (Base_ 2022-23 = 100).xlsx,
industry,manufacturing,"20. Motor vehicles, trailers and semi-trailers",2025-07-01,All India,119.8,index (base 2022-23=100),monthly,Index Numbers of Twenty Three Major Industry Groups of the Manufacturing Sector (Base_ 2022-23 = 100).xlsx,
industry,manufacturing,"20. Motor vehicles, trailers and semi-trailers",2025-08-01,All India,115.4,index (base 2022-23=100),monthly,Index Numbers of Twenty Three Major Industry Groups of the Manufacturing Sector (Base_ 2022-23 = 100).xlsx,
industry,manufacturing,"20. Motor vehicles, trailers and semi-trailers",2025-09-01,All India,123.6,index (base 2022-23=100),monthly,Index Numbers of Twenty Three Major Industry Groups of the Manufacturing Sector (Base_ 2022-23 = 100).xlsx,
industry,manufacturing,"20. Motor vehicles, trailers and semi-trailers",2025-10-01,All India,122.4,index (base 2022-23=100),monthly,Index Numbers of Twenty Three Major Industry Groups of the Manufacturing Sector (Base_ 2022-23 = 100).xlsx,
industry,manufacturing,"20. Motor vehicles, trailers and semi-trailers",2025-11-01,All India,128.7,index (base 2022-23=100),monthly,Index Numbers of Twenty Three Major Industry Groups of the Manufacturing Sector (Base_ 2022-23 = 100).xlsx,
industry,manufacturing,"20. Motor vehicles, trailers and semi-trailers",2025-12-01,All India,125.1,index (base 2022-23=100),monthly,Index Numbers of Twenty Three Major Industry Groups of the Manufacturing Sector (Base_ 2022-23 = 100).xlsx,
industry,manufacturing,"20. Motor vehicles, trailers and semi-trailers",2026-01-01,All India,135.3,index (base 2022-23=100),monthly,Index Numbers of Twenty Three Major Industry Groups of the Manufacturing Sector (Base_ 2022-23 = 100).xlsx,
industry,manufacturing,"20. Motor vehicles, trailers and semi-trailers",2026-02-01,All India,135.8,index (base 2022-23=100),monthly,Index Numbers of Twenty Three Major Industry Groups of the Manufacturing Sector (Base_ 2022-23 = 100).xlsx,
industry,manufacturing,"20. Motor vehicles, trailers and semi-trailers",2026-03-01,All India,143.9,index (base 2022-23=100),monthly,Index Numbers of Twenty Three Major Industry Groups of the Manufacturing Sector (Base_ 2022-23 = 100).xlsx,
industry,manufacturing,"20. Motor vehicles, trailers and semi-trailers",2026-04-01,All India,130.4,index (base 2022-23=100),monthly,Index Numbers of Twenty Three Major Industry Groups of the Manufacturing Sector (Base_ 2022-23 = 100).xlsx,
industry,manufacturing,"20. Motor vehicles, trailers and semi-trailers",2026-05-01,All India,132.0,index (base 2022-23=100),monthly,Index Numbers of Twenty Three Major Industry Groups of the Manufacturing Sector (Base_ 2022-23 = 100).xlsx,
industry,manufacturing,21. Other transport equipment,2023-04-01,All India,98.8,index (base 2022-23=100),monthly,Index Numbers of Twenty Three Major Industry Groups of the Manufacturing Sector (Base_ 2022-23 = 100).xlsx,
industry,manufacturing,21. Other transport equipment,2023-05-01,All India,108.5,index (base 2022-23=100),monthly,Index Numbers of Twenty Three Major Industry Groups of the Manufacturing Sector (Base_ 2022-23 = 100).xlsx,
industry,manufacturing,21. Other transport equipment,2023-06-01,All India,113.8,index (base 2022-23=100),monthly,Index Numbers of Twenty Three Major Industry Groups of the Manufacturing Sector (Base_ 2022-23 = 100).xlsx,
industry,manufacturing,21. Other transport equipment,2023-07-01,All India,109.8,index (base 2022-23=100),monthly,Index Numbers of Twenty Three Major Industry Groups of the Manufacturing Sector (Base_ 2022-23 = 100).xlsx,
industry,manufacturing,21. Other transport equipment,2023-08-01,All India,119.8,index (base 2022-23=100),monthly,Index Numbers of Twenty Three Major Industry Groups of the Manufacturing Sector (Base_ 2022-23 = 100).xlsx,
industry,manufacturing,21. Other transport equipment,2023-09-01,All India,132.4,index (base 2022-23=100),monthly,Index Numbers of Twenty Three Major Industry Groups of the Manufacturing Sector (Base_ 2022-23 = 100).xlsx,
industry,manufacturing,21. Other transport equipment,2023-10-01,All India,132.7,index (base 2022-23=100),monthly,Index Numbers of Twenty Three Major Industry Groups of the Manufacturing Sector (Base_ 2022-23 = 100).xlsx,
industry,manufacturing,21. Other transport equipment,2023-11-01,All India,116.8,index (base 2022-23=100),monthly,Index Numbers of Twenty Three Major Industry Groups of the Manufacturing Sector (Base_ 2022-23 = 100).xlsx,
industry,manufacturing,21. Other transport equipment,2023-12-01,All India,112.0,index (base 2022-23=100),monthly,Index Numbers of Twenty Three Major Industry Groups of the Manufacturing Sector (Base_ 2022-23 = 100).xlsx,
industry,manufacturing,21. Other transport equipment,2024-01-01,All India,122.8,index (base 2022-23=100),monthly,Index Numbers of Twenty Three Major Industry Groups of the Manufacturing Sector (Base_ 2022-23 = 100).xlsx,
industry,manufacturing,21. Other transport equipment,2024-02-01,All India,122.7,index (base 2022-23=100),monthly,Index Numbers of Twenty Three Major Industry Groups of the Manufacturing Sector (Base_ 2022-23 = 100).xlsx,
industry,manufacturing,21. Other transport equipment,2024-03-01,All India,128.6,index (base 2022-23=100),monthly,Index Numbers of Twenty Three Major Industry Groups of the Manufacturing Sector (Base_ 2022-23 = 100).xlsx,
industry,manufacturing,21. Other transport equipment,2024-04-01,All India,118.6,index (base 2022-23=100),monthly,Index Numbers of Twenty Three Major Industry Groups of the Manufacturing Sector (Base_ 2022-23 = 100).xlsx,
industry,manufacturing,21. Other transport equipment,2024-05-01,All India,130.1,index (base 2022-23=100),monthly,Index Numbers of Twenty Three Major Industry Groups of the Manufacturing Sector (Base_ 2022-23 = 100).xlsx,
industry,manufacturing,21. Other transport equipment,2024-06-01,All India,124.2,index (base 2022-23=100),monthly,Index Numbers of Twenty Three Major Industry Groups of the Manufacturing Sector (Base_ 2022-23 = 100).xlsx,
industry,manufacturing,21. Other transport equipment,2024-07-01,All India,127.5,index (base 2022-23=100),monthly,Index Numbers of Twenty Three Major Industry Groups of the Manufacturing Sector (Base_ 2022-23 = 100).xlsx,
industry,manufacturing,21. Other transport equipment,2024-08-01,All India,131.1,index (base 2022-23=100),monthly,Index Numbers of Twenty Three Major Industry Groups of the Manufacturing Sector (Base_ 2022-23 = 100).xlsx,
industry,manufacturing,21. Other transport equipment,2024-09-01,All India,145.6,index (base 2022-23=100),monthly,Index Numbers of Twenty Three Major Industry Groups of the Manufacturing Sector (Base_ 2022-23 = 100).xlsx,
industry,manufacturing,21. Other transport equipment,2024-10-01,All India,147.0,index (base 2022-23=100),monthly,Index Numbers of Twenty Three Major Industry Groups of the Manufacturing Sector (Base_ 2022-23 = 100).xlsx,
industry,manufacturing,21. Other transport equipment,2024-11-01,All India,130.7,index (base 2022-23=100),monthly,Index Numbers of Twenty Three Major Industry Groups of the Manufacturing Sector (Base_ 2022-23 = 100).xlsx,
industry,manufacturing,21. Other transport equipment,2024-12-01,All India,113.0,index (base 2022-23=100),monthly,Index Numbers of Twenty Three Major Industry Groups of the Manufacturing Sector (Base_ 2022-23 = 100).xlsx,
industry,manufacturing,21. Other transport equipment,2025-01-01,All India,133.1,index (base 2022-23=100),monthly,Index Numbers of Twenty Three Major Industry Groups of the Manufacturing Sector (Base_ 2022-23 = 100).xlsx,
industry,manufacturing,21. Other transport equipment,2025-02-01,All India,124.5,index (base 2022-23=100),monthly,Index Numbers of Twenty Three Major Industry Groups of the Manufacturing Sector (Base_ 2022-23 = 100).xlsx,
industry,manufacturing,21. Other transport equipment,2025-03-01,All India,135.1,index (base 2022-23=100),monthly,Index Numbers of Twenty Three Major Industry Groups of the Manufacturing Sector (Base_ 2022-23 = 100).xlsx,
industry,manufacturing,21. Other transport equipment,2025-04-01,All India,123.4,index (base 2022-23=100),monthly,Index Numbers of Twenty Three Major Industry Groups of the Manufacturing Sector (Base_ 2022-23 = 100).xlsx,
industry,manufacturing,21. Other transport equipment,2025-05-01,All India,134.0,index (base 2022-23=100),monthly,Index Numbers of Twenty Three Major Industry Groups of the Manufacturing Sector (Base_ 2022-23 = 100).xlsx,
industry,manufacturing,21. Other transport equipment,2025-06-01,All India,129.8,index (base 2022-23=100),monthly,Index Numbers of Twenty Three Major Industry Groups of the Manufacturing Sector (Base_ 2022-23 = 100).xlsx,
industry,manufacturing,21. Other transport equipment,2025-07-01,All India,143.4,index (base 2022-23=100),monthly,Index Numbers of Twenty Three Major Industry Groups of the Manufacturing Sector (Base_ 2022-23 = 100).xlsx,
industry,manufacturing,21. Other transport equipment,2025-08-01,All India,144.6,index (base 2022-23=100),monthly,Index Numbers of Twenty Three Major Industry Groups of the Manufacturing Sector (Base_ 2022-23 = 100).xlsx,
industry,manufacturing,21. Other transport equipment,2025-09-01,All India,160.5,index (base 2022-23=100),monthly,Index Numbers of Twenty Three Major Industry Groups of the Manufacturing Sector (Base_ 2022-23 = 100).xlsx,
industry,manufacturing,21. Other transport equipment,2025-10-01,All India,144.7,index (base 2022-23=100),monthly,Index Numbers of Twenty Three Major Industry Groups of the Manufacturing Sector (Base_ 2022-23 = 100).xlsx,
industry,manufacturing,21. Other transport equipment,2025-11-01,All India,150.6,index (base 2022-23=100),monthly,Index Numbers of Twenty Three Major Industry Groups of the Manufacturing Sector (Base_ 2022-23 = 100).xlsx,
industry,manufacturing,21. Other transport equipment,2025-12-01,All India,141.6,index (base 2022-23=100),monthly,Index Numbers of Twenty Three Major Industry Groups of the Manufacturing Sector (Base_ 2022-23 = 100).xlsx,
industry,manufacturing,21. Other transport equipment,2026-01-01,All India,149.2,index (base 2022-23=100),monthly,Index Numbers of Twenty Three Major Industry Groups of the Manufacturing Sector (Base_ 2022-23 = 100).xlsx,
industry,manufacturing,21. Other transport equipment,2026-02-01,All India,147.4,index (base 2022-23=100),monthly,Index Numbers of Twenty Three Major Industry Groups of the Manufacturing Sector (Base_ 2022-23 = 100).xlsx,
industry,manufacturing,21. Other transport equipment,2026-03-01,All India,153.1,index (base 2022-23=100),monthly,Index Numbers of Twenty Three Major Industry Groups of the Manufacturing Sector (Base_ 2022-23 = 100).xlsx,
industry,manufacturing,21. Other transport equipment,2026-04-01,All India,153.4,index (base 2022-23=100),monthly,Index Numbers of Twenty Three Major Industry Groups of the Manufacturing Sector (Base_ 2022-23 = 100).xlsx,
industry,manufacturing,21. Other transport equipment,2026-05-01,All India,153.2,index (base 2022-23=100),monthly,Index Numbers of Twenty Three Major Industry Groups of the Manufacturing Sector (Base_ 2022-23 = 100).xlsx,
industry,manufacturing,22. Furniture,2023-04-01,All India,79.4,index (base 2022-23=100),monthly,Index Numbers of Twenty Three Major Industry Groups of the Manufacturing Sector (Base_ 2022-23 = 100).xlsx,
industry,manufacturing,22. Furniture,2023-05-01,All India,90.8,index (base 2022-23=100),monthly,Index Numbers of Twenty Three Major Industry Groups of the Manufacturing Sector (Base_ 2022-23 = 100).xlsx,
industry,manufacturing,22. Furniture,2023-06-01,All India,95.0,index (base 2022-23=100),monthly,Index Numbers of Twenty Three Major Industry Groups of the Manufacturing Sector (Base_ 2022-23 = 100).xlsx,
industry,manufacturing,22. Furniture,2023-07-01,All India,94.0,index (base 2022-23=100),monthly,Index Numbers of Twenty Three Major Industry Groups of the Manufacturing Sector (Base_ 2022-23 = 100).xlsx,
industry,manufacturing,22. Furniture,2023-08-01,All India,97.6,index (base 2022-23=100),monthly,Index Numbers of Twenty Three Major Industry Groups of the Manufacturing Sector (Base_ 2022-23 = 100).xlsx,
industry,manufacturing,22. Furniture,2023-09-01,All India,101.8,index (base 2022-23=100),monthly,Index Numbers of Twenty Three Major Industry Groups of the Manufacturing Sector (Base_ 2022-23 = 100).xlsx,
industry,manufacturing,22. Furniture,2023-10-01,All India,107.1,index (base 2022-23=100),monthly,Index Numbers of Twenty Three Major Industry Groups of the Manufacturing Sector (Base_ 2022-23 = 100).xlsx,
industry,manufacturing,22. Furniture,2023-11-01,All India,101.6,index (base 2022-23=100),monthly,Index Numbers of Twenty Three Major Industry Groups of the Manufacturing Sector (Base_ 2022-23 = 100).xlsx,
industry,manufacturing,22. Furniture,2023-12-01,All India,101.8,index (base 2022-23=100),monthly,Index Numbers of Twenty Three Major Industry Groups of the Manufacturing Sector (Base_ 2022-23 = 100).xlsx,
industry,manufacturing,22. Furniture,2024-01-01,All India,103.1,index (base 2022-23=100),monthly,Index Numbers of Twenty Three Major Industry Groups of the Manufacturing Sector (Base_ 2022-23 = 100).xlsx,
industry,manufacturing,22. Furniture,2024-02-01,All India,103.7,index (base 2022-23=100),monthly,Index Numbers of Twenty Three Major Industry Groups of the Manufacturing Sector (Base_ 2022-23 = 100).xlsx,
industry,manufacturing,22. Furniture,2024-03-01,All India,117.9,index (base 2022-23=100),monthly,Index Numbers of Twenty Three Major Industry Groups of the Manufacturing Sector (Base_ 2022-23 = 100).xlsx,
industry,manufacturing,22. Furniture,2024-04-01,All India,91.0,index (base 2022-23=100),monthly,Index Numbers of Twenty Three Major Industry Groups of the Manufacturing Sector (Base_ 2022-23 = 100).xlsx,
industry,manufacturing,22. Furniture,2024-05-01,All India,100.6,index (base 2022-23=100),monthly,Index Numbers of Twenty Three Major Industry Groups of the Manufacturing Sector (Base_ 2022-23 = 100).xlsx,
industry,manufacturing,22. Furniture,2024-06-01,All India,94.2,index (base 2022-23=100),monthly,Index Numbers of Twenty Three Major Industry Groups of the Manufacturing Sector (Base_ 2022-23 = 100).xlsx,
industry,manufacturing,22. Furniture,2024-07-01,All India,104.6,index (base 2022-23=100),monthly,Index Numbers of Twenty Three Major Industry Groups of the Manufacturing Sector (Base_ 2022-23 = 100).xlsx,
industry,manufacturing,22. Furniture,2024-08-01,All India,107.2,index (base 2022-23=100),monthly,Index Numbers of Twenty Three Major Industry Groups of the Manufacturing Sector (Base_ 2022-23 = 100).xlsx,
industry,manufacturing,22. Furniture,2024-09-01,All India,113.2,index (base 2022-23=100),monthly,Index Numbers of Twenty Three Major Industry Groups of the Manufacturing Sector (Base_ 2022-23 = 100).xlsx,
industry,manufacturing,22. Furniture,2024-10-01,All India,126.5,index (base 2022-23=100),monthly,Index Numbers of Twenty Three Major Industry Groups of the Manufacturing Sector (Base_ 2022-23 = 100).xlsx,
industry,manufacturing,22. Furniture,2024-11-01,All India,100.6,index (base 2022-23=100),monthly,Index Numbers of Twenty Three Major Industry Groups of the Manufacturing Sector (Base_ 2022-23 = 100).xlsx,
industry,manufacturing,22. Furniture,2024-12-01,All India,110.6,index (base 2022-23=100),monthly,Index Numbers of Twenty Three Major Industry Groups of the Manufacturing Sector (Base_ 2022-23 = 100).xlsx,
industry,manufacturing,22. Furniture,2025-01-01,All India,111.6,index (base 2022-23=100),monthly,Index Numbers of Twenty Three Major Industry Groups of the Manufacturing Sector (Base_ 2022-23 = 100).xlsx,
industry,manufacturing,22. Furniture,2025-02-01,All India,108.0,index (base 2022-23=100),monthly,Index Numbers of Twenty Three Major Industry Groups of the Manufacturing Sector (Base_ 2022-23 = 100).xlsx,
industry,manufacturing,22. Furniture,2025-03-01,All India,116.9,index (base 2022-23=100),monthly,Index Numbers of Twenty Three Major Industry Groups of the Manufacturing Sector (Base_ 2022-23 = 100).xlsx,
industry,manufacturing,22. Furniture,2025-04-01,All India,113.0,index (base 2022-23=100),monthly,Index Numbers of Twenty Three Major Industry Groups of the Manufacturing Sector (Base_ 2022-23 = 100).xlsx,
industry,manufacturing,22. Furniture,2025-05-01,All India,109.9,index (base 2022-23=100),monthly,Index Numbers of Twenty Three Major Industry Groups of the Manufacturing Sector (Base_ 2022-23 = 100).xlsx,
industry,manufacturing,22. Furniture,2025-06-01,All India,112.6,index (base 2022-23=100),monthly,Index Numbers of Twenty Three Major Industry Groups of the Manufacturing Sector (Base_ 2022-23 = 100).xlsx,
industry,manufacturing,22. Furniture,2025-07-01,All India,115.3,index (base 2022-23=100),monthly,Index Numbers of Twenty Three Major Industry Groups of the Manufacturing Sector (Base_ 2022-23 = 100).xlsx,
industry,manufacturing,22. Furniture,2025-08-01,All India,112.9,index (base 2022-23=100),monthly,Index Numbers of Twenty Three Major Industry Groups of the Manufacturing Sector (Base_ 2022-23 = 100).xlsx,
industry,manufacturing,22. Furniture,2025-09-01,All India,123.4,index (base 2022-23=100),monthly,Index Numbers of Twenty Three Major Industry Groups of the Manufacturing Sector (Base_ 2022-23 = 100).xlsx,
industry,manufacturing,22. Furniture,2025-10-01,All India,117.3,index (base 2022-23=100),monthly,Index Numbers of Twenty Three Major Industry Groups of the Manufacturing Sector (Base_ 2022-23 = 100).xlsx,
industry,manufacturing,22. Furniture,2025-11-01,All India,115.2,index (base 2022-23=100),monthly,Index Numbers of Twenty Three Major Industry Groups of the Manufacturing Sector (Base_ 2022-23 = 100).xlsx,
industry,manufacturing,22. Furniture,2025-12-01,All India,125.0,index (base 2022-23=100),monthly,Index Numbers of Twenty Three Major Industry Groups of the Manufacturing Sector (Base_ 2022-23 = 100).xlsx,
industry,manufacturing,22. Furniture,2026-01-01,All India,119.9,index (base 2022-23=100),monthly,Index Numbers of Twenty Three Major Industry Groups of the Manufacturing Sector (Base_ 2022-23 = 100).xlsx,
industry,manufacturing,22. Furniture,2026-02-01,All India,121.2,index (base 2022-23=100),monthly,Index Numbers of Twenty Three Major Industry Groups of the Manufacturing Sector (Base_ 2022-23 = 100).xlsx,
industry,manufacturing,22. Furniture,2026-03-01,All India,131.1,index (base 2022-23=100),monthly,Index Numbers of Twenty Three Major Industry Groups of the Manufacturing Sector (Base_ 2022-23 = 100).xlsx,
industry,manufacturing,22. Furniture,2026-04-01,All India,109.8,index (base 2022-23=100),monthly,Index Numbers of Twenty Three Major Industry Groups of the Manufacturing Sector (Base_ 2022-23 = 100).xlsx,
industry,manufacturing,22. Furniture,2026-05-01,All India,113.8,index (base 2022-23=100),monthly,Index Numbers of Twenty Three Major Industry Groups of the Manufacturing Sector (Base_ 2022-23 = 100).xlsx,
industry,manufacturing,23. Other manufacturing,2023-04-01,All India,100.1,index (base 2022-23=100),monthly,Index Numbers of Twenty Three Major Industry Groups of the Manufacturing Sector (Base_ 2022-23 = 100).xlsx,
industry,manufacturing,23. Other manufacturing,2023-05-01,All India,105.2,index (base 2022-23=100),monthly,Index Numbers of Twenty Three Major Industry Groups of the Manufacturing Sector (Base_ 2022-23 = 100).xlsx,
industry,manufacturing,23. Other manufacturing,2023-06-01,All India,104.2,index (base 2022-23=100),monthly,Index Numbers of Twenty Three Major Industry Groups of the Manufacturing Sector (Base_ 2022-23 = 100).xlsx,
industry,manufacturing,23. Other manufacturing,2023-07-01,All India,104.7,index (base 2022-23=100),monthly,Index Numbers of Twenty Three Major Industry Groups of the Manufacturing Sector (Base_ 2022-23 = 100).xlsx,
industry,manufacturing,23. Other manufacturing,2023-08-01,All India,108.5,index (base 2022-23=100),monthly,Index Numbers of Twenty Three Major Industry Groups of the Manufacturing Sector (Base_ 2022-23 = 100).xlsx,
industry,manufacturing,23. Other manufacturing,2023-09-01,All India,106.9,index (base 2022-23=100),monthly,Index Numbers of Twenty Three Major Industry Groups of the Manufacturing Sector (Base_ 2022-23 = 100).xlsx,
industry,manufacturing,23. Other manufacturing,2023-10-01,All India,106.5,index (base 2022-23=100),monthly,Index Numbers of Twenty Three Major Industry Groups of the Manufacturing Sector (Base_ 2022-23 = 100).xlsx,
industry,manufacturing,23. Other manufacturing,2023-11-01,All India,101.5,index (base 2022-23=100),monthly,Index Numbers of Twenty Three Major Industry Groups of the Manufacturing Sector (Base_ 2022-23 = 100).xlsx,
industry,manufacturing,23. Other manufacturing,2023-12-01,All India,109.6,index (base 2022-23=100),monthly,Index Numbers of Twenty Three Major Industry Groups of the Manufacturing Sector (Base_ 2022-23 = 100).xlsx,
industry,manufacturing,23. Other manufacturing,2024-01-01,All India,110.5,index (base 2022-23=100),monthly,Index Numbers of Twenty Three Major Industry Groups of the Manufacturing Sector (Base_ 2022-23 = 100).xlsx,
industry,manufacturing,23. Other manufacturing,2024-02-01,All India,109.4,index (base 2022-23=100),monthly,Index Numbers of Twenty Three Major Industry Groups of the Manufacturing Sector (Base_ 2022-23 = 100).xlsx,
industry,manufacturing,23. Other manufacturing,2024-03-01,All India,118.1,index (base 2022-23=100),monthly,Index Numbers of Twenty Three Major Industry Groups of the Manufacturing Sector (Base_ 2022-23 = 100).xlsx,
industry,manufacturing,23. Other manufacturing,2024-04-01,All India,105.8,index (base 2022-23=100),monthly,Index Numbers of Twenty Three Major Industry Groups of the Manufacturing Sector (Base_ 2022-23 = 100).xlsx,
industry,manufacturing,23. Other manufacturing,2024-05-01,All India,111.5,index (base 2022-23=100),monthly,Index Numbers of Twenty Three Major Industry Groups of the Manufacturing Sector (Base_ 2022-23 = 100).xlsx,
industry,manufacturing,23. Other manufacturing,2024-06-01,All India,111.7,index (base 2022-23=100),monthly,Index Numbers of Twenty Three Major Industry Groups of the Manufacturing Sector (Base_ 2022-23 = 100).xlsx,
industry,manufacturing,23. Other manufacturing,2024-07-01,All India,112.9,index (base 2022-23=100),monthly,Index Numbers of Twenty Three Major Industry Groups of the Manufacturing Sector (Base_ 2022-23 = 100).xlsx,
industry,manufacturing,23. Other manufacturing,2024-08-01,All India,112.2,index (base 2022-23=100),monthly,Index Numbers of Twenty Three Major Industry Groups of the Manufacturing Sector (Base_ 2022-23 = 100).xlsx,
industry,manufacturing,23. Other manufacturing,2024-09-01,All India,112.8,index (base 2022-23=100),monthly,Index Numbers of Twenty Three Major Industry Groups of the Manufacturing Sector (Base_ 2022-23 = 100).xlsx,
industry,manufacturing,23. Other manufacturing,2024-10-01,All India,113.3,index (base 2022-23=100),monthly,Index Numbers of Twenty Three Major Industry Groups of the Manufacturing Sector (Base_ 2022-23 = 100).xlsx,
industry,manufacturing,23. Other manufacturing,2024-11-01,All India,107.8,index (base 2022-23=100),monthly,Index Numbers of Twenty Three Major Industry Groups of the Manufacturing Sector (Base_ 2022-23 = 100).xlsx,
industry,manufacturing,23. Other manufacturing,2024-12-01,All India,116.6,index (base 2022-23=100),monthly,Index Numbers of Twenty Three Major Industry Groups of the Manufacturing Sector (Base_ 2022-23 = 100).xlsx,
industry,manufacturing,23. Other manufacturing,2025-01-01,All India,118.5,index (base 2022-23=100),monthly,Index Numbers of Twenty Three Major Industry Groups of the Manufacturing Sector (Base_ 2022-23 = 100).xlsx,
industry,manufacturing,23. Other manufacturing,2025-02-01,All India,112.8,index (base 2022-23=100),monthly,Index Numbers of Twenty Three Major Industry Groups of the Manufacturing Sector (Base_ 2022-23 = 100).xlsx,
industry,manufacturing,23. Other manufacturing,2025-03-01,All India,126.4,index (base 2022-23=100),monthly,Index Numbers of Twenty Three Major Industry Groups of the Manufacturing Sector (Base_ 2022-23 = 100).xlsx,
industry,manufacturing,23. Other manufacturing,2025-04-01,All India,111.9,index (base 2022-23=100),monthly,Index Numbers of Twenty Three Major Industry Groups of the Manufacturing Sector (Base_ 2022-23 = 100).xlsx,
industry,manufacturing,23. Other manufacturing,2025-05-01,All India,116.2,index (base 2022-23=100),monthly,Index Numbers of Twenty Three Major Industry Groups of the Manufacturing Sector (Base_ 2022-23 = 100).xlsx,
industry,manufacturing,23. Other manufacturing,2025-06-01,All India,114.4,index (base 2022-23=100),monthly,Index Numbers of Twenty Three Major Industry Groups of the Manufacturing Sector (Base_ 2022-23 = 100).xlsx,
industry,manufacturing,23. Other manufacturing,2025-07-01,All India,118.7,index (base 2022-23=100),monthly,Index Numbers of Twenty Three Major Industry Groups of the Manufacturing Sector (Base_ 2022-23 = 100).xlsx,
industry,manufacturing,23. Other manufacturing,2025-08-01,All India,116.2,index (base 2022-23=100),monthly,Index Numbers of Twenty Three Major Industry Groups of the Manufacturing Sector (Base_ 2022-23 = 100).xlsx,
industry,manufacturing,23. Other manufacturing,2025-09-01,All India,119.0,index (base 2022-23=100),monthly,Index Numbers of Twenty Three Major Industry Groups of the Manufacturing Sector (Base_ 2022-23 = 100).xlsx,
industry,manufacturing,23. Other manufacturing,2025-10-01,All India,112.5,index (base 2022-23=100),monthly,Index Numbers of Twenty Three Major Industry Groups of the Manufacturing Sector (Base_ 2022-23 = 100).xlsx,
industry,manufacturing,23. Other manufacturing,2025-11-01,All India,117.3,index (base 2022-23=100),monthly,Index Numbers of Twenty Three Major Industry Groups of the Manufacturing Sector (Base_ 2022-23 = 100).xlsx,
industry,manufacturing,23. Other manufacturing,2025-12-01,All India,125.6,index (base 2022-23=100),monthly,Index Numbers of Twenty Three Major Industry Groups of the Manufacturing Sector (Base_ 2022-23 = 100).xlsx,
industry,manufacturing,23. Other manufacturing,2026-01-01,All India,124.0,index (base 2022-23=100),monthly,Index Numbers of Twenty Three Major Industry Groups of the Manufacturing Sector (Base_ 2022-23 = 100).xlsx,
industry,manufacturing,23. Other manufacturing,2026-02-01,All India,119.2,index (base 2022-23=100),monthly,Index Numbers of Twenty Three Major Industry Groups of the Manufacturing Sector (Base_ 2022-23 = 100).xlsx,
industry,manufacturing,23. Other manufacturing,2026-03-01,All India,131.4,index (base 2022-23=100),monthly,Index Numbers of Twenty Three Major Industry Groups of the Manufacturing Sector (Base_ 2022-23 = 100).xlsx,
industry,manufacturing,23. Other manufacturing,2026-04-01,All India,118.7,index (base 2022-23=100),monthly,Index Numbers of Twenty Three Major Industry Groups of the Manufacturing Sector (Base_ 2022-23 = 100).xlsx,
industry,manufacturing,23. Other manufacturing,2026-05-01,All India,122.6,index (base 2022-23=100),monthly,Index Numbers of Twenty Three Major Industry Groups of the Manufacturing Sector (Base_ 2022-23 = 100).xlsx,
industry,manufacturing,3. Tobacco products,2023-04-01,All India,87.5,index (base 2022-23=100),monthly,Index Numbers of Twenty Three Major Industry Groups of the Manufacturing Sector (Base_ 2022-23 = 100).xlsx,
industry,manufacturing,3. Tobacco products,2023-05-01,All India,99.9,index (base 2022-23=100),monthly,Index Numbers of Twenty Three Major Industry Groups of the Manufacturing Sector (Base_ 2022-23 = 100).xlsx,
industry,manufacturing,3. Tobacco products,2023-06-01,All India,112.6,index (base 2022-23=100),monthly,Index Numbers of Twenty Three Major Industry Groups of the Manufacturing Sector (Base_ 2022-23 = 100).xlsx,
industry,manufacturing,3. Tobacco products,2023-07-01,All India,99.5,index (base 2022-23=100),monthly,Index Numbers of Twenty Three Major Industry Groups of the Manufacturing Sector (Base_ 2022-23 = 100).xlsx,
industry,manufacturing,3. Tobacco products,2023-08-01,All India,107.0,index (base 2022-23=100),monthly,Index Numbers of Twenty Three Major Industry Groups of the Manufacturing Sector (Base_ 2022-23 = 100).xlsx,
industry,manufacturing,3. Tobacco products,2023-09-01,All India,106.2,index (base 2022-23=100),monthly,Index Numbers of Twenty Three Major Industry Groups of the Manufacturing Sector (Base_ 2022-23 = 100).xlsx,
industry,manufacturing,3. Tobacco products,2023-10-01,All India,99.1,index (base 2022-23=100),monthly,Index Numbers of Twenty Three Major Industry Groups of the Manufacturing Sector (Base_ 2022-23 = 100).xlsx,
industry,manufacturing,3. Tobacco products,2023-11-01,All India,99.9,index (base 2022-23=100),monthly,Index Numbers of Twenty Three Major Industry Groups of the Manufacturing Sector (Base_ 2022-23 = 100).xlsx,
industry,manufacturing,3. Tobacco products,2023-12-01,All India,109.0,index (base 2022-23=100),monthly,Index Numbers of Twenty Three Major Industry Groups of the Manufacturing Sector (Base_ 2022-23 = 100).xlsx,
industry,manufacturing,3. Tobacco products,2024-01-01,All India,110.0,index (base 2022-23=100),monthly,Index Numbers of Twenty Three Major Industry Groups of the Manufacturing Sector (Base_ 2022-23 = 100).xlsx,
industry,manufacturing,3. Tobacco products,2024-02-01,All India,103.9,index (base 2022-23=100),monthly,Index Numbers of Twenty Three Major Industry Groups of the Manufacturing Sector (Base_ 2022-23 = 100).xlsx,
industry,manufacturing,3. Tobacco products,2024-03-01,All India,103.7,index (base 2022-23=100),monthly,Index Numbers of Twenty Three Major Industry Groups of the Manufacturing Sector (Base_ 2022-23 = 100).xlsx,
industry,manufacturing,3. Tobacco products,2024-04-01,All India,87.4,index (base 2022-23=100),monthly,Index Numbers of Twenty Three Major Industry Groups of the Manufacturing Sector (Base_ 2022-23 = 100).xlsx,
industry,manufacturing,3. Tobacco products,2024-05-01,All India,110.6,index (base 2022-23=100),monthly,Index Numbers of Twenty Three Major Industry Groups of the Manufacturing Sector (Base_ 2022-23 = 100).xlsx,
industry,manufacturing,3. Tobacco products,2024-06-01,All India,111.7,index (base 2022-23=100),monthly,Index Numbers of Twenty Three Major Industry Groups of the Manufacturing Sector (Base_ 2022-23 = 100).xlsx,
industry,manufacturing,3. Tobacco products,2024-07-01,All India,113.9,index (base 2022-23=100),monthly,Index Numbers of Twenty Three Major Industry Groups of the Manufacturing Sector (Base_ 2022-23 = 100).xlsx,
industry,manufacturing,3. Tobacco products,2024-08-01,All India,110.7,index (base 2022-23=100),monthly,Index Numbers of Twenty Three Major Industry Groups of the Manufacturing Sector (Base_ 2022-23 = 100).xlsx,
industry,manufacturing,3. Tobacco products,2024-09-01,All India,123.5,index (base 2022-23=100),monthly,Index Numbers of Twenty Three Major Industry Groups of the Manufacturing Sector (Base_ 2022-23 = 100).xlsx,
industry,manufacturing,3. Tobacco products,2024-10-01,All India,113.7,index (base 2022-23=100),monthly,Index Numbers of Twenty Three Major Industry Groups of the Manufacturing Sector (Base_ 2022-23 = 100).xlsx,
industry,manufacturing,3. Tobacco products,2024-11-01,All India,108.1,index (base 2022-23=100),monthly,Index Numbers of Twenty Three Major Industry Groups of the Manufacturing Sector (Base_ 2022-23 = 100).xlsx,
industry,manufacturing,3. Tobacco products,2024-12-01,All India,118.4,index (base 2022-23=100),monthly,Index Numbers of Twenty Three Major Industry Groups of the Manufacturing Sector (Base_ 2022-23 = 100).xlsx,
industry,manufacturing,3. Tobacco products,2025-01-01,All India,121.5,index (base 2022-23=100),monthly,Index Numbers of Twenty Three Major Industry Groups of the Manufacturing Sector (Base_ 2022-23 = 100).xlsx,
industry,manufacturing,3. Tobacco products,2025-02-01,All India,94.1,index (base 2022-23=100),monthly,Index Numbers of Twenty Three Major Industry Groups of the Manufacturing Sector (Base_ 2022-23 = 100).xlsx,
industry,manufacturing,3. Tobacco products,2025-03-01,All India,125.4,index (base 2022-23=100),monthly,Index Numbers of Twenty Three Major Industry Groups of the Manufacturing Sector (Base_ 2022-23 = 100).xlsx,
industry,manufacturing,3. Tobacco products,2025-04-01,All India,111.4,index (base 2022-23=100),monthly,Index Numbers of Twenty Three Major Industry Groups of the Manufacturing Sector (Base_ 2022-23 = 100).xlsx,
industry,manufacturing,3. Tobacco products,2025-05-01,All India,121.7,index (base 2022-23=100),monthly,Index Numbers of Twenty Three Major Industry Groups of the Manufacturing Sector (Base_ 2022-23 = 100).xlsx,
industry,manufacturing,3. Tobacco products,2025-06-01,All India,112.9,index (base 2022-23=100),monthly,Index Numbers of Twenty Three Major Industry Groups of the Manufacturing Sector (Base_ 2022-23 = 100).xlsx,
industry,manufacturing,3. Tobacco products,2025-07-01,All India,122.6,index (base 2022-23=100),monthly,Index Numbers of Twenty Three Major Industry Groups of the Manufacturing Sector (Base_ 2022-23 = 100).xlsx,
industry,manufacturing,3. Tobacco products,2025-08-01,All India,128.2,index (base 2022-23=100),monthly,Index Numbers of Twenty Three Major Industry Groups of the Manufacturing Sector (Base_ 2022-23 = 100).xlsx,
industry,manufacturing,3. Tobacco products,2025-09-01,All India,116.1,index (base 2022-23=100),monthly,Index Numbers of Twenty Three Major Industry Groups of the Manufacturing Sector (Base_ 2022-23 = 100).xlsx,
industry,manufacturing,3. Tobacco products,2025-10-01,All India,105.3,index (base 2022-23=100),monthly,Index Numbers of Twenty Three Major Industry Groups of the Manufacturing Sector (Base_ 2022-23 = 100).xlsx,
industry,manufacturing,3. Tobacco products,2025-11-01,All India,120.7,index (base 2022-23=100),monthly,Index Numbers of Twenty Three Major Industry Groups of the Manufacturing Sector (Base_ 2022-23 = 100).xlsx,
industry,manufacturing,3. Tobacco products,2025-12-01,All India,141.2,index (base 2022-23=100),monthly,Index Numbers of Twenty Three Major Industry Groups of the Manufacturing Sector (Base_ 2022-23 = 100).xlsx,
industry,manufacturing,3. Tobacco products,2026-01-01,All India,139.8,index (base 2022-23=100),monthly,Index Numbers of Twenty Three Major Industry Groups of the Manufacturing Sector (Base_ 2022-23 = 100).xlsx,
industry,manufacturing,3. Tobacco products,2026-02-01,All India,78.4,index (base 2022-23=100),monthly,Index Numbers of Twenty Three Major Industry Groups of the Manufacturing Sector (Base_ 2022-23 = 100).xlsx,
industry,manufacturing,3. Tobacco products,2026-03-01,All India,106.2,index (base 2022-23=100),monthly,Index Numbers of Twenty Three Major Industry Groups of the Manufacturing Sector (Base_ 2022-23 = 100).xlsx,
industry,manufacturing,3. Tobacco products,2026-04-01,All India,113.8,index (base 2022-23=100),monthly,Index Numbers of Twenty Three Major Industry Groups of the Manufacturing Sector (Base_ 2022-23 = 100).xlsx,
industry,manufacturing,3. Tobacco products,2026-05-01,All India,119.7,index (base 2022-23=100),monthly,Index Numbers of Twenty Three Major Industry Groups of the Manufacturing Sector (Base_ 2022-23 = 100).xlsx,
industry,manufacturing,4. Textiles,2023-04-01,All India,105.5,index (base 2022-23=100),monthly,Index Numbers of Twenty Three Major Industry Groups of the Manufacturing Sector (Base_ 2022-23 = 100).xlsx,
industry,manufacturing,4. Textiles,2023-05-01,All India,106.0,index (base 2022-23=100),monthly,Index Numbers of Twenty Three Major Industry Groups of the Manufacturing Sector (Base_ 2022-23 = 100).xlsx,
industry,manufacturing,4. Textiles,2023-06-01,All India,102.8,index (base 2022-23=100),monthly,Index Numbers of Twenty Three Major Industry Groups of the Manufacturing Sector (Base_ 2022-23 = 100).xlsx,
industry,manufacturing,4. Textiles,2023-07-01,All India,108.8,index (base 2022-23=100),monthly,Index Numbers of Twenty Three Major Industry Groups of the Manufacturing Sector (Base_ 2022-23 = 100).xlsx,
industry,manufacturing,4. Textiles,2023-08-01,All India,110.9,index (base 2022-23=100),monthly,Index Numbers of Twenty Three Major Industry Groups of the Manufacturing Sector (Base_ 2022-23 = 100).xlsx,
industry,manufacturing,4. Textiles,2023-09-01,All India,110.7,index (base 2022-23=100),monthly,Index Numbers of Twenty Three Major Industry Groups of the Manufacturing Sector (Base_ 2022-23 = 100).xlsx,
industry,manufacturing,4. Textiles,2023-10-01,All India,112.2,index (base 2022-23=100),monthly,Index Numbers of Twenty Three Major Industry Groups of the Manufacturing Sector (Base_ 2022-23 = 100).xlsx,
industry,manufacturing,4. Textiles,2023-11-01,All India,100.6,index (base 2022-23=100),monthly,Index Numbers of Twenty Three Major Industry Groups of the Manufacturing Sector (Base_ 2022-23 = 100).xlsx,
industry,manufacturing,4. Textiles,2023-12-01,All India,114.0,index (base 2022-23=100),monthly,Index Numbers of Twenty Three Major Industry Groups of the Manufacturing Sector (Base_ 2022-23 = 100).xlsx,
industry,manufacturing,4. Textiles,2024-01-01,All India,113.4,index (base 2022-23=100),monthly,Index Numbers of Twenty Three Major Industry Groups of the Manufacturing Sector (Base_ 2022-23 = 100).xlsx,
industry,manufacturing,4. Textiles,2024-02-01,All India,114.5,index (base 2022-23=100),monthly,Index Numbers of Twenty Three Major Industry Groups of the Manufacturing Sector (Base_ 2022-23 = 100).xlsx,
industry,manufacturing,4. Textiles,2024-03-01,All India,117.9,index (base 2022-23=100),monthly,Index Numbers of Twenty Three Major Industry Groups of the Manufacturing Sector (Base_ 2022-23 = 100).xlsx,
industry,manufacturing,4. Textiles,2024-04-01,All India,110.6,index (base 2022-23=100),monthly,Index Numbers of Twenty Three Major Industry Groups of the Manufacturing Sector (Base_ 2022-23 = 100).xlsx,
industry,manufacturing,4. Textiles,2024-05-01,All India,113.9,index (base 2022-23=100),monthly,Index Numbers of Twenty Three Major Industry Groups of the Manufacturing Sector (Base_ 2022-23 = 100).xlsx,
industry,manufacturing,4. Textiles,2024-06-01,All India,115.6,index (base 2022-23=100),monthly,Index Numbers of Twenty Three Major Industry Groups of the Manufacturing Sector (Base_ 2022-23 = 100).xlsx,
industry,manufacturing,4. Textiles,2024-07-01,All India,116.8,index (base 2022-23=100),monthly,Index Numbers of Twenty Three Major Industry Groups of the Manufacturing Sector (Base_ 2022-23 = 100).xlsx,
industry,manufacturing,4. Textiles,2024-08-01,All India,116.4,index (base 2022-23=100),monthly,Index Numbers of Twenty Three Major Industry Groups of the Manufacturing Sector (Base_ 2022-23 = 100).xlsx,
industry,manufacturing,4. Textiles,2024-09-01,All India,120.6,index (base 2022-23=100),monthly,Index Numbers of Twenty Three Major Industry Groups of the Manufacturing Sector (Base_ 2022-23 = 100).xlsx,
industry,manufacturing,4. Textiles,2024-10-01,All India,119.4,index (base 2022-23=100),monthly,Index Numbers of Twenty Three Major Industry Groups of the Manufacturing Sector (Base_ 2022-23 = 100).xlsx,
industry,manufacturing,4. Textiles,2024-11-01,All India,110.1,index (base 2022-23=100),monthly,Index Numbers of Twenty Three Major Industry Groups of the Manufacturing Sector (Base_ 2022-23 = 100).xlsx,
industry,manufacturing,4. Textiles,2024-12-01,All India,123.8,index (base 2022-23=100),monthly,Index Numbers of Twenty Three Major Industry Groups of the Manufacturing Sector (Base_ 2022-23 = 100).xlsx,
industry,manufacturing,4. Textiles,2025-01-01,All India,121.6,index (base 2022-23=100),monthly,Index Numbers of Twenty Three Major Industry Groups of the Manufacturing Sector (Base_ 2022-23 = 100).xlsx,
industry,manufacturing,4. Textiles,2025-02-01,All India,116.8,index (base 2022-23=100),monthly,Index Numbers of Twenty Three Major Industry Groups of the Manufacturing Sector (Base_ 2022-23 = 100).xlsx,
industry,manufacturing,4. Textiles,2025-03-01,All India,123.5,index (base 2022-23=100),monthly,Index Numbers of Twenty Three Major Industry Groups of the Manufacturing Sector (Base_ 2022-23 = 100).xlsx,
industry,manufacturing,4. Textiles,2025-04-01,All India,116.8,index (base 2022-23=100),monthly,Index Numbers of Twenty Three Major Industry Groups of the Manufacturing Sector (Base_ 2022-23 = 100).xlsx,
industry,manufacturing,4. Textiles,2025-05-01,All India,120.9,index (base 2022-23=100),monthly,Index Numbers of Twenty Three Major Industry Groups of the Manufacturing Sector (Base_ 2022-23 = 100).xlsx,
industry,manufacturing,4. Textiles,2025-06-01,All India,120.0,index (base 2022-23=100),monthly,Index Numbers of Twenty Three Major Industry Groups of the Manufacturing Sector (Base_ 2022-23 = 100).xlsx,
industry,manufacturing,4. Textiles,2025-07-01,All India,130.4,index (base 2022-23=100),monthly,Index Numbers of Twenty Three Major Industry Groups of the Manufacturing Sector (Base_ 2022-23 = 100).xlsx,
industry,manufacturing,4. Textiles,2025-08-01,All India,121.0,index (base 2022-23=100),monthly,Index Numbers of Twenty Three Major Industry Groups of the Manufacturing Sector (Base_ 2022-23 = 100).xlsx,
industry,manufacturing,4. Textiles,2025-09-01,All India,123.7,index (base 2022-23=100),monthly,Index Numbers of Twenty Three Major Industry Groups of the Manufacturing Sector (Base_ 2022-23 = 100).xlsx,
industry,manufacturing,4. Textiles,2025-10-01,All India,114.2,index (base 2022-23=100),monthly,Index Numbers of Twenty Three Major Industry Groups of the Manufacturing Sector (Base_ 2022-23 = 100).xlsx,
industry,manufacturing,4. Textiles,2025-11-01,All India,122.0,index (base 2022-23=100),monthly,Index Numbers of Twenty Three Major Industry Groups of the Manufacturing Sector (Base_ 2022-23 = 100).xlsx,
industry,manufacturing,4. Textiles,2025-12-01,All India,128.7,index (base 2022-23=100),monthly,Index Numbers of Twenty Three Major Industry Groups of the Manufacturing Sector (Base_ 2022-23 = 100).xlsx,
industry,manufacturing,4. Textiles,2026-01-01,All India,121.4,index (base 2022-23=100),monthly,Index Numbers of Twenty Three Major Industry Groups of the Manufacturing Sector (Base_ 2022-23 = 100).xlsx,
industry,manufacturing,4. Textiles,2026-02-01,All India,92.0,index (base 2022-23=100),monthly,Index Numbers of Twenty Three Major Industry Groups of the Manufacturing Sector (Base_ 2022-23 = 100).xlsx,
industry,manufacturing,4. Textiles,2026-03-01,All India,136.6,index (base 2022-23=100),monthly,Index Numbers of Twenty Three Major Industry Groups of the Manufacturing Sector (Base_ 2022-23 = 100).xlsx,
industry,manufacturing,4. Textiles,2026-04-01,All India,135.7,index (base 2022-23=100),monthly,Index Numbers of Twenty Three Major Industry Groups of the Manufacturing Sector (Base_ 2022-23 = 100).xlsx,
industry,manufacturing,4. Textiles,2026-05-01,All India,136.2,index (base 2022-23=100),monthly,Index Numbers of Twenty Three Major Industry Groups of the Manufacturing Sector (Base_ 2022-23 = 100).xlsx,
industry,manufacturing,5. Wearing apparel,2023-04-01,All India,92.2,index (base 2022-23=100),monthly,Index Numbers of Twenty Three Major Industry Groups of the Manufacturing Sector (Base_ 2022-23 = 100).xlsx,
industry,manufacturing,5. Wearing apparel,2023-05-01,All India,94.8,index (base 2022-23=100),monthly,Index Numbers of Twenty Three Major Industry Groups of the Manufacturing Sector (Base_ 2022-23 = 100).xlsx,
industry,manufacturing,5. Wearing apparel,2023-06-01,All India,95.2,index (base 2022-23=100),monthly,Index Numbers of Twenty Three Major Industry Groups of the Manufacturing Sector (Base_ 2022-23 = 100).xlsx,
industry,manufacturing,5. Wearing apparel,2023-07-01,All India,88.3,index (base 2022-23=100),monthly,Index Numbers of Twenty Three Major Industry Groups of the Manufacturing Sector (Base_ 2022-23 = 100).xlsx,
industry,manufacturing,5. Wearing apparel,2023-08-01,All India,88.5,index (base 2022-23=100),monthly,Index Numbers of Twenty Three Major Industry Groups of the Manufacturing Sector (Base_ 2022-23 = 100).xlsx,
industry,manufacturing,5. Wearing apparel,2023-09-01,All India,85.7,index (base 2022-23=100),monthly,Index Numbers of Twenty Three Major Industry Groups of the Manufacturing Sector (Base_ 2022-23 = 100).xlsx,
industry,manufacturing,5. Wearing apparel,2023-10-01,All India,82.6,index (base 2022-23=100),monthly,Index Numbers of Twenty Three Major Industry Groups of the Manufacturing Sector (Base_ 2022-23 = 100).xlsx,
industry,manufacturing,5. Wearing apparel,2023-11-01,All India,86.5,index (base 2022-23=100),monthly,Index Numbers of Twenty Three Major Industry Groups of the Manufacturing Sector (Base_ 2022-23 = 100).xlsx,
industry,manufacturing,5. Wearing apparel,2023-12-01,All India,99.6,index (base 2022-23=100),monthly,Index Numbers of Twenty Three Major Industry Groups of the Manufacturing Sector (Base_ 2022-23 = 100).xlsx,
industry,manufacturing,5. Wearing apparel,2024-01-01,All India,100.6,index (base 2022-23=100),monthly,Index Numbers of Twenty Three Major Industry Groups of the Manufacturing Sector (Base_ 2022-23 = 100).xlsx,
industry,manufacturing,5. Wearing apparel,2024-02-01,All India,108.9,index (base 2022-23=100),monthly,Index Numbers of Twenty Three Major Industry Groups of the Manufacturing Sector (Base_ 2022-23 = 100).xlsx,
industry,manufacturing,5. Wearing apparel,2024-03-01,All India,109.9,index (base 2022-23=100),monthly,Index Numbers of Twenty Three Major Industry Groups of the Manufacturing Sector (Base_ 2022-23 = 100).xlsx,
industry,manufacturing,5. Wearing apparel,2024-04-01,All India,96.3,index (base 2022-23=100),monthly,Index Numbers of Twenty Three Major Industry Groups of the Manufacturing Sector (Base_ 2022-23 = 100).xlsx,
industry,manufacturing,5. Wearing apparel,2024-05-01,All India,102.0,index (base 2022-23=100),monthly,Index Numbers of Twenty Three Major Industry Groups of the Manufacturing Sector (Base_ 2022-23 = 100).xlsx,
industry,manufacturing,5. Wearing apparel,2024-06-01,All India,103.1,index (base 2022-23=100),monthly,Index Numbers of Twenty Three Major Industry Groups of the Manufacturing Sector (Base_ 2022-23 = 100).xlsx,
industry,manufacturing,5. Wearing apparel,2024-07-01,All India,98.8,index (base 2022-23=100),monthly,Index Numbers of Twenty Three Major Industry Groups of the Manufacturing Sector (Base_ 2022-23 = 100).xlsx,
industry,manufacturing,5. Wearing apparel,2024-08-01,All India,99.5,index (base 2022-23=100),monthly,Index Numbers of Twenty Three Major Industry Groups of the Manufacturing Sector (Base_ 2022-23 = 100).xlsx,
industry,manufacturing,5. Wearing apparel,2024-09-01,All India,97.6,index (base 2022-23=100),monthly,Index Numbers of Twenty Three Major Industry Groups of the Manufacturing Sector (Base_ 2022-23 = 100).xlsx,
industry,manufacturing,5. Wearing apparel,2024-10-01,All India,92.2,index (base 2022-23=100),monthly,Index Numbers of Twenty Three Major Industry Groups of the Manufacturing Sector (Base_ 2022-23 = 100).xlsx,
industry,manufacturing,5. Wearing apparel,2024-11-01,All India,93.0,index (base 2022-23=100),monthly,Index Numbers of Twenty Three Major Industry Groups of the Manufacturing Sector (Base_ 2022-23 = 100).xlsx,
industry,manufacturing,5. Wearing apparel,2024-12-01,All India,107.3,index (base 2022-23=100),monthly,Index Numbers of Twenty Three Major Industry Groups of the Manufacturing Sector (Base_ 2022-23 = 100).xlsx,
industry,manufacturing,5. Wearing apparel,2025-01-01,All India,109.0,index (base 2022-23=100),monthly,Index Numbers of Twenty Three Major Industry Groups of the Manufacturing Sector (Base_ 2022-23 = 100).xlsx,
industry,manufacturing,5. Wearing apparel,2025-02-01,All India,108.5,index (base 2022-23=100),monthly,Index Numbers of Twenty Three Major Industry Groups of the Manufacturing Sector (Base_ 2022-23 = 100).xlsx,
industry,manufacturing,5. Wearing apparel,2025-03-01,All India,111.2,index (base 2022-23=100),monthly,Index Numbers of Twenty Three Major Industry Groups of the Manufacturing Sector (Base_ 2022-23 = 100).xlsx,
industry,manufacturing,5. Wearing apparel,2025-04-01,All India,97.7,index (base 2022-23=100),monthly,Index Numbers of Twenty Three Major Industry Groups of the Manufacturing Sector (Base_ 2022-23 = 100).xlsx,
industry,manufacturing,5. Wearing apparel,2025-05-01,All India,103.6,index (base 2022-23=100),monthly,Index Numbers of Twenty Three Major Industry Groups of the Manufacturing Sector (Base_ 2022-23 = 100).xlsx,
industry,manufacturing,5. Wearing apparel,2025-06-01,All India,102.7,index (base 2022-23=100),monthly,Index Numbers of Twenty Three Major Industry Groups of the Manufacturing Sector (Base_ 2022-23 = 100).xlsx,
industry,manufacturing,5. Wearing apparel,2025-07-01,All India,96.5,index (base 2022-23=100),monthly,Index Numbers of Twenty Three Major Industry Groups of the Manufacturing Sector (Base_ 2022-23 = 100).xlsx,
industry,manufacturing,5. Wearing apparel,2025-08-01,All India,96.1,index (base 2022-23=100),monthly,Index Numbers of Twenty Three Major Industry Groups of the Manufacturing Sector (Base_ 2022-23 = 100).xlsx,
industry,manufacturing,5. Wearing apparel,2025-09-01,All India,94.0,index (base 2022-23=100),monthly,Index Numbers of Twenty Three Major Industry Groups of the Manufacturing Sector (Base_ 2022-23 = 100).xlsx,
industry,manufacturing,5. Wearing apparel,2025-10-01,All India,87.2,index (base 2022-23=100),monthly,Index Numbers of Twenty Three Major Industry Groups of the Manufacturing Sector (Base_ 2022-23 = 100).xlsx,
industry,manufacturing,5. Wearing apparel,2025-11-01,All India,93.0,index (base 2022-23=100),monthly,Index Numbers of Twenty Three Major Industry Groups of the Manufacturing Sector (Base_ 2022-23 = 100).xlsx,
industry,manufacturing,5. Wearing apparel,2025-12-01,All India,109.3,index (base 2022-23=100),monthly,Index Numbers of Twenty Three Major Industry Groups of the Manufacturing Sector (Base_ 2022-23 = 100).xlsx,
industry,manufacturing,5. Wearing apparel,2026-01-01,All India,99.9,index (base 2022-23=100),monthly,Index Numbers of Twenty Three Major Industry Groups of the Manufacturing Sector (Base_ 2022-23 = 100).xlsx,
industry,manufacturing,5. Wearing apparel,2026-02-01,All India,96.6,index (base 2022-23=100),monthly,Index Numbers of Twenty Three Major Industry Groups of the Manufacturing Sector (Base_ 2022-23 = 100).xlsx,
industry,manufacturing,5. Wearing apparel,2026-03-01,All India,101.2,index (base 2022-23=100),monthly,Index Numbers of Twenty Three Major Industry Groups of the Manufacturing Sector (Base_ 2022-23 = 100).xlsx,
industry,manufacturing,5. Wearing apparel,2026-04-01,All India,91.0,index (base 2022-23=100),monthly,Index Numbers of Twenty Three Major Industry Groups of the Manufacturing Sector (Base_ 2022-23 = 100).xlsx,
industry,manufacturing,5. Wearing apparel,2026-05-01,All India,94.5,index (base 2022-23=100),monthly,Index Numbers of Twenty Three Major Industry Groups of the Manufacturing Sector (Base_ 2022-23 = 100).xlsx,
industry,manufacturing,6. Leather and related products,2023-04-01,All India,87.3,index (base 2022-23=100),monthly,Index Numbers of Twenty Three Major Industry Groups of the Manufacturing Sector (Base_ 2022-23 = 100).xlsx,
industry,manufacturing,6. Leather and related products,2023-05-01,All India,103.1,index (base 2022-23=100),monthly,Index Numbers of Twenty Three Major Industry Groups of the Manufacturing Sector (Base_ 2022-23 = 100).xlsx,
industry,manufacturing,6. Leather and related products,2023-06-01,All India,95.5,index (base 2022-23=100),monthly,Index Numbers of Twenty Three Major Industry Groups of the Manufacturing Sector (Base_ 2022-23 = 100).xlsx,
industry,manufacturing,6. Leather and related products,2023-07-01,All India,89.8,index (base 2022-23=100),monthly,Index Numbers of Twenty Three Major Industry Groups of the Manufacturing Sector (Base_ 2022-23 = 100).xlsx,
industry,manufacturing,6. Leather and related products,2023-08-01,All India,91.3,index (base 2022-23=100),monthly,Index Numbers of Twenty Three Major Industry Groups of the Manufacturing Sector (Base_ 2022-23 = 100).xlsx,
industry,manufacturing,6. Leather and related products,2023-09-01,All India,88.3,index (base 2022-23=100),monthly,Index Numbers of Twenty Three Major Industry Groups of the Manufacturing Sector (Base_ 2022-23 = 100).xlsx,
industry,manufacturing,6. Leather and related products,2023-10-01,All India,88.9,index (base 2022-23=100),monthly,Index Numbers of Twenty Three Major Industry Groups of the Manufacturing Sector (Base_ 2022-23 = 100).xlsx,
industry,manufacturing,6. Leather and related products,2023-11-01,All India,84.6,index (base 2022-23=100),monthly,Index Numbers of Twenty Three Major Industry Groups of the Manufacturing Sector (Base_ 2022-23 = 100).xlsx,
industry,manufacturing,6. Leather and related products,2023-12-01,All India,95.4,index (base 2022-23=100),monthly,Index Numbers of Twenty Three Major Industry Groups of the Manufacturing Sector (Base_ 2022-23 = 100).xlsx,
industry,manufacturing,6. Leather and related products,2024-01-01,All India,96.7,index (base 2022-23=100),monthly,Index Numbers of Twenty Three Major Industry Groups of the Manufacturing Sector (Base_ 2022-23 = 100).xlsx,
industry,manufacturing,6. Leather and related products,2024-02-01,All India,91.0,index (base 2022-23=100),monthly,Index Numbers of Twenty Three Major Industry Groups of the Manufacturing Sector (Base_ 2022-23 = 100).xlsx,
industry,manufacturing,6. Leather and related products,2024-03-01,All India,93.0,index (base 2022-23=100),monthly,Index Numbers of Twenty Three Major Industry Groups of the Manufacturing Sector (Base_ 2022-23 = 100).xlsx,
industry,manufacturing,6. Leather and related products,2024-04-01,All India,91.2,index (base 2022-23=100),monthly,Index Numbers of Twenty Three Major Industry Groups of the Manufacturing Sector (Base_ 2022-23 = 100).xlsx,
industry,manufacturing,6. Leather and related products,2024-05-01,All India,102.7,index (base 2022-23=100),monthly,Index Numbers of Twenty Three Major Industry Groups of the Manufacturing Sector (Base_ 2022-23 = 100).xlsx,
industry,manufacturing,6. Leather and related products,2024-06-01,All India,106.1,index (base 2022-23=100),monthly,Index Numbers of Twenty Three Major Industry Groups of the Manufacturing Sector (Base_ 2022-23 = 100).xlsx,
industry,manufacturing,6. Leather and related products,2024-07-01,All India,108.7,index (base 2022-23=100),monthly,Index Numbers of Twenty Three Major Industry Groups of the Manufacturing Sector (Base_ 2022-23 = 100).xlsx,
industry,manufacturing,6. Leather and related products,2024-08-01,All India,103.8,index (base 2022-23=100),monthly,Index Numbers of Twenty Three Major Industry Groups of the Manufacturing Sector (Base_ 2022-23 = 100).xlsx,
industry,manufacturing,6. Leather and related products,2024-09-01,All India,96.4,index (base 2022-23=100),monthly,Index Numbers of Twenty Three Major Industry Groups of the Manufacturing Sector (Base_ 2022-23 = 100).xlsx,
industry,manufacturing,6. Leather and related products,2024-10-01,All India,99.2,index (base 2022-23=100),monthly,Index Numbers of Twenty Three Major Industry Groups of the Manufacturing Sector (Base_ 2022-23 = 100).xlsx,
industry,manufacturing,6. Leather and related products,2024-11-01,All India,96.7,index (base 2022-23=100),monthly,Index Numbers of Twenty Three Major Industry Groups of the Manufacturing Sector (Base_ 2022-23 = 100).xlsx,
industry,manufacturing,6. Leather and related products,2024-12-01,All India,106.0,index (base 2022-23=100),monthly,Index Numbers of Twenty Three Major Industry Groups of the Manufacturing Sector (Base_ 2022-23 = 100).xlsx,
industry,manufacturing,6. Leather and related products,2025-01-01,All India,109.6,index (base 2022-23=100),monthly,Index Numbers of Twenty Three Major Industry Groups of the Manufacturing Sector (Base_ 2022-23 = 100).xlsx,
industry,manufacturing,6. Leather and related products,2025-02-01,All India,96.4,index (base 2022-23=100),monthly,Index Numbers of Twenty Three Major Industry Groups of the Manufacturing Sector (Base_ 2022-23 = 100).xlsx,
industry,manufacturing,6. Leather and related products,2025-03-01,All India,100.8,index (base 2022-23=100),monthly,Index Numbers of Twenty Three Major Industry Groups of the Manufacturing Sector (Base_ 2022-23 = 100).xlsx,
industry,manufacturing,6. Leather and related products,2025-04-01,All India,98.5,index (base 2022-23=100),monthly,Index Numbers of Twenty Three Major Industry Groups of the Manufacturing Sector (Base_ 2022-23 = 100).xlsx,
industry,manufacturing,6. Leather and related products,2025-05-01,All India,108.2,index (base 2022-23=100),monthly,Index Numbers of Twenty Three Major Industry Groups of the Manufacturing Sector (Base_ 2022-23 = 100).xlsx,
industry,manufacturing,6. Leather and related products,2025-06-01,All India,100.1,index (base 2022-23=100),monthly,Index Numbers of Twenty Three Major Industry Groups of the Manufacturing Sector (Base_ 2022-23 = 100).xlsx,
industry,manufacturing,6. Leather and related products,2025-07-01,All India,112.3,index (base 2022-23=100),monthly,Index Numbers of Twenty Three Major Industry Groups of the Manufacturing Sector (Base_ 2022-23 = 100).xlsx,
industry,manufacturing,6. Leather and related products,2025-08-01,All India,101.5,index (base 2022-23=100),monthly,Index Numbers of Twenty Three Major Industry Groups of the Manufacturing Sector (Base_ 2022-23 = 100).xlsx,
industry,manufacturing,6. Leather and related products,2025-09-01,All India,98.3,index (base 2022-23=100),monthly,Index Numbers of Twenty Three Major Industry Groups of the Manufacturing Sector (Base_ 2022-23 = 100).xlsx,
industry,manufacturing,6. Leather and related products,2025-10-01,All India,90.7,index (base 2022-23=100),monthly,Index Numbers of Twenty Three Major Industry Groups of the Manufacturing Sector (Base_ 2022-23 = 100).xlsx,
industry,manufacturing,6. Leather and related products,2025-11-01,All India,99.5,index (base 2022-23=100),monthly,Index Numbers of Twenty Three Major Industry Groups of the Manufacturing Sector (Base_ 2022-23 = 100).xlsx,
industry,manufacturing,6. Leather and related products,2025-12-01,All India,108.3,index (base 2022-23=100),monthly,Index Numbers of Twenty Three Major Industry Groups of the Manufacturing Sector (Base_ 2022-23 = 100).xlsx,
industry,manufacturing,6. Leather and related products,2026-01-01,All India,103.5,index (base 2022-23=100),monthly,Index Numbers of Twenty Three Major Industry Groups of the Manufacturing Sector (Base_ 2022-23 = 100).xlsx,
industry,manufacturing,6. Leather and related products,2026-02-01,All India,100.0,index (base 2022-23=100),monthly,Index Numbers of Twenty Three Major Industry Groups of the Manufacturing Sector (Base_ 2022-23 = 100).xlsx,
industry,manufacturing,6. Leather and related products,2026-03-01,All India,96.4,index (base 2022-23=100),monthly,Index Numbers of Twenty Three Major Industry Groups of the Manufacturing Sector (Base_ 2022-23 = 100).xlsx,
industry,manufacturing,6. Leather and related products,2026-04-01,All India,99.8,index (base 2022-23=100),monthly,Index Numbers of Twenty Three Major Industry Groups of the Manufacturing Sector (Base_ 2022-23 = 100).xlsx,
industry,manufacturing,6. Leather and related products,2026-05-01,All India,103.8,index (base 2022-23=100),monthly,Index Numbers of Twenty Three Major Industry Groups of the Manufacturing Sector (Base_ 2022-23 = 100).xlsx,
industry,manufacturing,"7. Wood and products of wood and cork, except furniture; manufacture of articles of straw and plaiting materials",2023-04-01,All India,90.2,index (base 2022-23=100),monthly,Index Numbers of Twenty Three Major Industry Groups of the Manufacturing Sector (Base_ 2022-23 = 100).xlsx,
industry,manufacturing,"7. Wood and products of wood and cork, except furniture; manufacture of articles of straw and plaiting materials",2023-05-01,All India,104.0,index (base 2022-23=100),monthly,Index Numbers of Twenty Three Major Industry Groups of the Manufacturing Sector (Base_ 2022-23 = 100).xlsx,
industry,manufacturing,"7. Wood and products of wood and cork, except furniture; manufacture of articles of straw and plaiting materials",2023-06-01,All India,87.9,index (base 2022-23=100),monthly,Index Numbers of Twenty Three Major Industry Groups of the Manufacturing Sector (Base_ 2022-23 = 100).xlsx,
industry,manufacturing,"7. Wood and products of wood and cork, except furniture; manufacture of articles of straw and plaiting materials",2023-07-01,All India,94.4,index (base 2022-23=100),monthly,Index Numbers of Twenty Three Major Industry Groups of the Manufacturing Sector (Base_ 2022-23 = 100).xlsx,
industry,manufacturing,"7. Wood and products of wood and cork, except furniture; manufacture of articles of straw and plaiting materials",2023-08-01,All India,92.2,index (base 2022-23=100),monthly,Index Numbers of Twenty Three Major Industry Groups of the Manufacturing Sector (Base_ 2022-23 = 100).xlsx,
industry,manufacturing,"7. Wood and products of wood and cork, except furniture; manufacture of articles of straw and plaiting materials",2023-09-01,All India,93.4,index (base 2022-23=100),monthly,Index Numbers of Twenty Three Major Industry Groups of the Manufacturing Sector (Base_ 2022-23 = 100).xlsx,
industry,manufacturing,"7. Wood and products of wood and cork, except furniture; manufacture of articles of straw and plaiting materials",2023-10-01,All India,97.5,index (base 2022-23=100),monthly,Index Numbers of Twenty Three Major Industry Groups of the Manufacturing Sector (Base_ 2022-23 = 100).xlsx,
industry,manufacturing,"7. Wood and products of wood and cork, except furniture; manufacture of articles of straw and plaiting materials",2023-11-01,All India,89.2,index (base 2022-23=100),monthly,Index Numbers of Twenty Three Major Industry Groups of the Manufacturing Sector (Base_ 2022-23 = 100).xlsx,
industry,manufacturing,"7. Wood and products of wood and cork, except furniture; manufacture of articles of straw and plaiting materials",2023-12-01,All India,104.7,index (base 2022-23=100),monthly,Index Numbers of Twenty Three Major Industry Groups of the Manufacturing Sector (Base_ 2022-23 = 100).xlsx,
industry,manufacturing,"7. Wood and products of wood and cork, except furniture; manufacture of articles of straw and plaiting materials",2024-01-01,All India,99.8,index (base 2022-23=100),monthly,Index Numbers of Twenty Three Major Industry Groups of the Manufacturing Sector (Base_ 2022-23 = 100).xlsx,
industry,manufacturing,"7. Wood and products of wood and cork, except furniture; manufacture of articles of straw and plaiting materials",2024-02-01,All India,100.0,index (base 2022-23=100),monthly,Index Numbers of Twenty Three Major Industry Groups of the Manufacturing Sector (Base_ 2022-23 = 100).xlsx,
industry,manufacturing,"7. Wood and products of wood and cork, except furniture; manufacture of articles of straw and plaiting materials",2024-03-01,All India,116.9,index (base 2022-23=100),monthly,Index Numbers of Twenty Three Major Industry Groups of the Manufacturing Sector (Base_ 2022-23 = 100).xlsx,
industry,manufacturing,"7. Wood and products of wood and cork, except furniture; manufacture of articles of straw and plaiting materials",2024-04-01,All India,89.9,index (base 2022-23=100),monthly,Index Numbers of Twenty Three Major Industry Groups of the Manufacturing Sector (Base_ 2022-23 = 100).xlsx,
industry,manufacturing,"7. Wood and products of wood and cork, except furniture; manufacture of articles of straw and plaiting materials",2024-05-01,All India,102.5,index (base 2022-23=100),monthly,Index Numbers of Twenty Three Major Industry Groups of the Manufacturing Sector (Base_ 2022-23 = 100).xlsx,
industry,manufacturing,"7. Wood and products of wood and cork, except furniture; manufacture of articles of straw and plaiting materials",2024-06-01,All India,107.7,index (base 2022-23=100),monthly,Index Numbers of Twenty Three Major Industry Groups of the Manufacturing Sector (Base_ 2022-23 = 100).xlsx,
industry,manufacturing,"7. Wood and products of wood and cork, except furniture; manufacture of articles of straw and plaiting materials",2024-07-01,All India,111.8,index (base 2022-23=100),monthly,Index Numbers of Twenty Three Major Industry Groups of the Manufacturing Sector (Base_ 2022-23 = 100).xlsx,
industry,manufacturing,"7. Wood and products of wood and cork, except furniture; manufacture of articles of straw and plaiting materials",2024-08-01,All India,99.1,index (base 2022-23=100),monthly,Index Numbers of Twenty Three Major Industry Groups of the Manufacturing Sector (Base_ 2022-23 = 100).xlsx,
industry,manufacturing,"7. Wood and products of wood and cork, except furniture; manufacture of articles of straw and plaiting materials",2024-09-01,All India,96.9,index (base 2022-23=100),monthly,Index Numbers of Twenty Three Major Industry Groups of the Manufacturing Sector (Base_ 2022-23 = 100).xlsx,
industry,manufacturing,"7. Wood and products of wood and cork, except furniture; manufacture of articles of straw and plaiting materials",2024-10-01,All India,98.1,index (base 2022-23=100),monthly,Index Numbers of Twenty Three Major Industry Groups of the Manufacturing Sector (Base_ 2022-23 = 100).xlsx,
industry,manufacturing,"7. Wood and products of wood and cork, except furniture; manufacture of articles of straw and plaiting materials",2024-11-01,All India,95.2,index (base 2022-23=100),monthly,Index Numbers of Twenty Three Major Industry Groups of the Manufacturing Sector (Base_ 2022-23 = 100).xlsx,
industry,manufacturing,"7. Wood and products of wood and cork, except furniture; manufacture of articles of straw and plaiting materials",2024-12-01,All India,115.0,index (base 2022-23=100),monthly,Index Numbers of Twenty Three Major Industry Groups of the Manufacturing Sector (Base_ 2022-23 = 100).xlsx,
industry,manufacturing,"7. Wood and products of wood and cork, except furniture; manufacture of articles of straw and plaiting materials",2025-01-01,All India,121.7,index (base 2022-23=100),monthly,Index Numbers of Twenty Three Major Industry Groups of the Manufacturing Sector (Base_ 2022-23 = 100).xlsx,
industry,manufacturing,"7. Wood and products of wood and cork, except furniture; manufacture of articles of straw and plaiting materials",2025-02-01,All India,100.3,index (base 2022-23=100),monthly,Index Numbers of Twenty Three Major Industry Groups of the Manufacturing Sector (Base_ 2022-23 = 100).xlsx,
industry,manufacturing,"7. Wood and products of wood and cork, except furniture; manufacture of articles of straw and plaiting materials",2025-03-01,All India,121.3,index (base 2022-23=100),monthly,Index Numbers of Twenty Three Major Industry Groups of the Manufacturing Sector (Base_ 2022-23 = 100).xlsx,
industry,manufacturing,"7. Wood and products of wood and cork, except furniture; manufacture of articles of straw and plaiting materials",2025-04-01,All India,96.3,index (base 2022-23=100),monthly,Index Numbers of Twenty Three Major Industry Groups of the Manufacturing Sector (Base_ 2022-23 = 100).xlsx,
industry,manufacturing,"7. Wood and products of wood and cork, except furniture; manufacture of articles of straw and plaiting materials",2025-05-01,All India,99.6,index (base 2022-23=100),monthly,Index Numbers of Twenty Three Major Industry Groups of the Manufacturing Sector (Base_ 2022-23 = 100).xlsx,
industry,manufacturing,"7. Wood and products of wood and cork, except furniture; manufacture of articles of straw and plaiting materials",2025-06-01,All India,108.6,index (base 2022-23=100),monthly,Index Numbers of Twenty Three Major Industry Groups of the Manufacturing Sector (Base_ 2022-23 = 100).xlsx,
industry,manufacturing,"7. Wood and products of wood and cork, except furniture; manufacture of articles of straw and plaiting materials",2025-07-01,All India,105.0,index (base 2022-23=100),monthly,Index Numbers of Twenty Three Major Industry Groups of the Manufacturing Sector (Base_ 2022-23 = 100).xlsx,
industry,manufacturing,"7. Wood and products of wood and cork, except furniture; manufacture of articles of straw and plaiting materials",2025-08-01,All India,103.3,index (base 2022-23=100),monthly,Index Numbers of Twenty Three Major Industry Groups of the Manufacturing Sector (Base_ 2022-23 = 100).xlsx,
industry,manufacturing,"7. Wood and products of wood and cork, except furniture; manufacture of articles of straw and plaiting materials",2025-09-01,All India,116.6,index (base 2022-23=100),monthly,Index Numbers of Twenty Three Major Industry Groups of the Manufacturing Sector (Base_ 2022-23 = 100).xlsx,
industry,manufacturing,"7. Wood and products of wood and cork, except furniture; manufacture of articles of straw and plaiting materials",2025-10-01,All India,101.6,index (base 2022-23=100),monthly,Index Numbers of Twenty Three Major Industry Groups of the Manufacturing Sector (Base_ 2022-23 = 100).xlsx,
industry,manufacturing,"7. Wood and products of wood and cork, except furniture; manufacture of articles of straw and plaiting materials",2025-11-01,All India,110.0,index (base 2022-23=100),monthly,Index Numbers of Twenty Three Major Industry Groups of the Manufacturing Sector (Base_ 2022-23 = 100).xlsx,
industry,manufacturing,"7. Wood and products of wood and cork, except furniture; manufacture of articles of straw and plaiting materials",2025-12-01,All India,126.5,index (base 2022-23=100),monthly,Index Numbers of Twenty Three Major Industry Groups of the Manufacturing Sector (Base_ 2022-23 = 100).xlsx,
industry,manufacturing,"7. Wood and products of wood and cork, except furniture; manufacture of articles of straw and plaiting materials",2026-01-01,All India,119.8,index (base 2022-23=100),monthly,Index Numbers of Twenty Three Major Industry Groups of the Manufacturing Sector (Base_ 2022-23 = 100).xlsx,
industry,manufacturing,"7. Wood and products of wood and cork, except furniture; manufacture of articles of straw and plaiting materials",2026-02-01,All India,109.5,index (base 2022-23=100),monthly,Index Numbers of Twenty Three Major Industry Groups of the Manufacturing Sector (Base_ 2022-23 = 100).xlsx,
industry,manufacturing,"7. Wood and products of wood and cork, except furniture; manufacture of articles of straw and plaiting materials",2026-03-01,All India,108.5,index (base 2022-23=100),monthly,Index Numbers of Twenty Three Major Industry Groups of the Manufacturing Sector (Base_ 2022-23 = 100).xlsx,
industry,manufacturing,"7. Wood and products of wood and cork, except furniture; manufacture of articles of straw and plaiting materials",2026-04-01,All India,84.3,index (base 2022-23=100),monthly,Index Numbers of Twenty Three Major Industry Groups of the Manufacturing Sector (Base_ 2022-23 = 100).xlsx,
industry,manufacturing,"7. Wood and products of wood and cork, except furniture; manufacture of articles of straw and plaiting materials",2026-05-01,All India,95.5,index (base 2022-23=100),monthly,Index Numbers of Twenty Three Major Industry Groups of the Manufacturing Sector (Base_ 2022-23 = 100).xlsx,
industry,manufacturing,8. Paper and paper products,2023-04-01,All India,98.7,index (base 2022-23=100),monthly,Index Numbers of Twenty Three Major Industry Groups of the Manufacturing Sector (Base_ 2022-23 = 100).xlsx,
industry,manufacturing,8. Paper and paper products,2023-05-01,All India,95.4,index (base 2022-23=100),monthly,Index Numbers of Twenty Three Major Industry Groups of the Manufacturing Sector (Base_ 2022-23 = 100).xlsx,
industry,manufacturing,8. Paper and paper products,2023-06-01,All India,100.1,index (base 2022-23=100),monthly,Index Numbers of Twenty Three Major Industry Groups of the Manufacturing Sector (Base_ 2022-23 = 100).xlsx,
industry,manufacturing,8. Paper and paper products,2023-07-01,All India,104.3,index (base 2022-23=100),monthly,Index Numbers of Twenty Three Major Industry Groups of the Manufacturing Sector (Base_ 2022-23 = 100).xlsx,
industry,manufacturing,8. Paper and paper products,2023-08-01,All India,104.7,index (base 2022-23=100),monthly,Index Numbers of Twenty Three Major Industry Groups of the Manufacturing Sector (Base_ 2022-23 = 100).xlsx,
industry,manufacturing,8. Paper and paper products,2023-09-01,All India,100.3,index (base 2022-23=100),monthly,Index Numbers of Twenty Three Major Industry Groups of the Manufacturing Sector (Base_ 2022-23 = 100).xlsx,
industry,manufacturing,8. Paper and paper products,2023-10-01,All India,105.4,index (base 2022-23=100),monthly,Index Numbers of Twenty Three Major Industry Groups of the Manufacturing Sector (Base_ 2022-23 = 100).xlsx,
industry,manufacturing,8. Paper and paper products,2023-11-01,All India,91.6,index (base 2022-23=100),monthly,Index Numbers of Twenty Three Major Industry Groups of the Manufacturing Sector (Base_ 2022-23 = 100).xlsx,
industry,manufacturing,8. Paper and paper products,2023-12-01,All India,100.7,index (base 2022-23=100),monthly,Index Numbers of Twenty Three Major Industry Groups of the Manufacturing Sector (Base_ 2022-23 = 100).xlsx,
industry,manufacturing,8. Paper and paper products,2024-01-01,All India,100.2,index (base 2022-23=100),monthly,Index Numbers of Twenty Three Major Industry Groups of the Manufacturing Sector (Base_ 2022-23 = 100).xlsx,
industry,manufacturing,8. Paper and paper products,2024-02-01,All India,101.7,index (base 2022-23=100),monthly,Index Numbers of Twenty Three Major Industry Groups of the Manufacturing Sector (Base_ 2022-23 = 100).xlsx,
industry,manufacturing,8. Paper and paper products,2024-03-01,All India,106.7,index (base 2022-23=100),monthly,Index Numbers of Twenty Three Major Industry Groups of the Manufacturing Sector (Base_ 2022-23 = 100).xlsx,
industry,manufacturing,8. Paper and paper products,2024-04-01,All India,96.3,index (base 2022-23=100),monthly,Index Numbers of Twenty Three Major Industry Groups of the Manufacturing Sector (Base_ 2022-23 = 100).xlsx,
industry,manufacturing,8. Paper and paper products,2024-05-01,All India,106.5,index (base 2022-23=100),monthly,Index Numbers of Twenty Three Major Industry Groups of the Manufacturing Sector (Base_ 2022-23 = 100).xlsx,
industry,manufacturing,8. Paper and paper products,2024-06-01,All India,103.0,index (base 2022-23=100),monthly,Index Numbers of Twenty Three Major Industry Groups of the Manufacturing Sector (Base_ 2022-23 = 100).xlsx,
industry,manufacturing,8. Paper and paper products,2024-07-01,All India,107.2,index (base 2022-23=100),monthly,Index Numbers of Twenty Three Major Industry Groups of the Manufacturing Sector (Base_ 2022-23 = 100).xlsx,
industry,manufacturing,8. Paper and paper products,2024-08-01,All India,108.5,index (base 2022-23=100),monthly,Index Numbers of Twenty Three Major Industry Groups of the Manufacturing Sector (Base_ 2022-23 = 100).xlsx,
industry,manufacturing,8. Paper and paper products,2024-09-01,All India,106.5,index (base 2022-23=100),monthly,Index Numbers of Twenty Three Major Industry Groups of the Manufacturing Sector (Base_ 2022-23 = 100).xlsx,
industry,manufacturing,8. Paper and paper products,2024-10-01,All India,103.6,index (base 2022-23=100),monthly,Index Numbers of Twenty Three Major Industry Groups of the Manufacturing Sector (Base_ 2022-23 = 100).xlsx,
industry,manufacturing,8. Paper and paper products,2024-11-01,All India,99.1,index (base 2022-23=100),monthly,Index Numbers of Twenty Three Major Industry Groups of the Manufacturing Sector (Base_ 2022-23 = 100).xlsx,
industry,manufacturing,8. Paper and paper products,2024-12-01,All India,102.2,index (base 2022-23=100),monthly,Index Numbers of Twenty Three Major Industry Groups of the Manufacturing Sector (Base_ 2022-23 = 100).xlsx,
industry,manufacturing,8. Paper and paper products,2025-01-01,All India,103.9,index (base 2022-23=100),monthly,Index Numbers of Twenty Three Major Industry Groups of the Manufacturing Sector (Base_ 2022-23 = 100).xlsx,
industry,manufacturing,8. Paper and paper products,2025-02-01,All India,99.0,index (base 2022-23=100),monthly,Index Numbers of Twenty Three Major Industry Groups of the Manufacturing Sector (Base_ 2022-23 = 100).xlsx,
industry,manufacturing,8. Paper and paper products,2025-03-01,All India,106.2,index (base 2022-23=100),monthly,Index Numbers of Twenty Three Major Industry Groups of the Manufacturing Sector (Base_ 2022-23 = 100).xlsx,
industry,manufacturing,8. Paper and paper products,2025-04-01,All India,101.0,index (base 2022-23=100),monthly,Index Numbers of Twenty Three Major Industry Groups of the Manufacturing Sector (Base_ 2022-23 = 100).xlsx,
industry,manufacturing,8. Paper and paper products,2025-05-01,All India,107.3,index (base 2022-23=100),monthly,Index Numbers of Twenty Three Major Industry Groups of the Manufacturing Sector (Base_ 2022-23 = 100).xlsx,
industry,manufacturing,8. Paper and paper products,2025-06-01,All India,105.1,index (base 2022-23=100),monthly,Index Numbers of Twenty Three Major Industry Groups of the Manufacturing Sector (Base_ 2022-23 = 100).xlsx,
industry,manufacturing,8. Paper and paper products,2025-07-01,All India,109.4,index (base 2022-23=100),monthly,Index Numbers of Twenty Three Major Industry Groups of the Manufacturing Sector (Base_ 2022-23 = 100).xlsx,
industry,manufacturing,8. Paper and paper products,2025-08-01,All India,112.1,index (base 2022-23=100),monthly,Index Numbers of Twenty Three Major Industry Groups of the Manufacturing Sector (Base_ 2022-23 = 100).xlsx,
industry,manufacturing,8. Paper and paper products,2025-09-01,All India,107.1,index (base 2022-23=100),monthly,Index Numbers of Twenty Three Major Industry Groups of the Manufacturing Sector (Base_ 2022-23 = 100).xlsx,
industry,manufacturing,8. Paper and paper products,2025-10-01,All India,105.2,index (base 2022-23=100),monthly,Index Numbers of Twenty Three Major Industry Groups of the Manufacturing Sector (Base_ 2022-23 = 100).xlsx,
industry,manufacturing,8. Paper and paper products,2025-11-01,All India,109.2,index (base 2022-23=100),monthly,Index Numbers of Twenty Three Major Industry Groups of the Manufacturing Sector (Base_ 2022-23 = 100).xlsx,
industry,manufacturing,8. Paper and paper products,2025-12-01,All India,114.2,index (base 2022-23=100),monthly,Index Numbers of Twenty Three Major Industry Groups of the Manufacturing Sector (Base_ 2022-23 = 100).xlsx,
industry,manufacturing,8. Paper and paper products,2026-01-01,All India,111.3,index (base 2022-23=100),monthly,Index Numbers of Twenty Three Major Industry Groups of the Manufacturing Sector (Base_ 2022-23 = 100).xlsx,
industry,manufacturing,8. Paper and paper products,2026-02-01,All India,112.0,index (base 2022-23=100),monthly,Index Numbers of Twenty Three Major Industry Groups of the Manufacturing Sector (Base_ 2022-23 = 100).xlsx,
industry,manufacturing,8. Paper and paper products,2026-03-01,All India,118.9,index (base 2022-23=100),monthly,Index Numbers of Twenty Three Major Industry Groups of the Manufacturing Sector (Base_ 2022-23 = 100).xlsx,
industry,manufacturing,8. Paper and paper products,2026-04-01,All India,115.0,index (base 2022-23=100),monthly,Index Numbers of Twenty Three Major Industry Groups of the Manufacturing Sector (Base_ 2022-23 = 100).xlsx,
industry,manufacturing,8. Paper and paper products,2026-05-01,All India,118.1,index (base 2022-23=100),monthly,Index Numbers of Twenty Three Major Industry Groups of the Manufacturing Sector (Base_ 2022-23 = 100).xlsx,
industry,manufacturing,9. Printing and reproduction of recorded media,2023-04-01,All India,100.2,index (base 2022-23=100),monthly,Index Numbers of Twenty Three Major Industry Groups of the Manufacturing Sector (Base_ 2022-23 = 100).xlsx,
industry,manufacturing,9. Printing and reproduction of recorded media,2023-05-01,All India,97.3,index (base 2022-23=100),monthly,Index Numbers of Twenty Three Major Industry Groups of the Manufacturing Sector (Base_ 2022-23 = 100).xlsx,
industry,manufacturing,9. Printing and reproduction of recorded media,2023-06-01,All India,88.8,index (base 2022-23=100),monthly,Index Numbers of Twenty Three Major Industry Groups of the Manufacturing Sector (Base_ 2022-23 = 100).xlsx,
industry,manufacturing,9. Printing and reproduction of recorded media,2023-07-01,All India,95.8,index (base 2022-23=100),monthly,Index Numbers of Twenty Three Major Industry Groups of the Manufacturing Sector (Base_ 2022-23 = 100).xlsx,
industry,manufacturing,9. Printing and reproduction of recorded media,2023-08-01,All India,90.5,index (base 2022-23=100),monthly,Index Numbers of Twenty Three Major Industry Groups of the Manufacturing Sector (Base_ 2022-23 = 100).xlsx,
industry,manufacturing,9. Printing and reproduction of recorded media,2023-09-01,All India,90.5,index (base 2022-23=100),monthly,Index Numbers of Twenty Three Major Industry Groups of the Manufacturing Sector (Base_ 2022-23 = 100).xlsx,
industry,manufacturing,9. Printing and reproduction of recorded media,2023-10-01,All India,98.5,index (base 2022-23=100),monthly,Index Numbers of Twenty Three Major Industry Groups of the Manufacturing Sector (Base_ 2022-23 = 100).xlsx,
industry,manufacturing,9. Printing and reproduction of recorded media,2023-11-01,All India,95.1,index (base 2022-23=100),monthly,Index Numbers of Twenty Three Major Industry Groups of the Manufacturing Sector (Base_ 2022-23 = 100).xlsx,
industry,manufacturing,9. Printing and reproduction of recorded media,2023-12-01,All India,104.5,index (base 2022-23=100),monthly,Index Numbers of Twenty Three Major Industry Groups of the Manufacturing Sector (Base_ 2022-23 = 100).xlsx,
industry,manufacturing,9. Printing and reproduction of recorded media,2024-01-01,All India,108.2,index (base 2022-23=100),monthly,Index Numbers of Twenty Three Major Industry Groups of the Manufacturing Sector (Base_ 2022-23 = 100).xlsx,
industry,manufacturing,9. Printing and reproduction of recorded media,2024-02-01,All India,102.5,index (base 2022-23=100),monthly,Index Numbers of Twenty Three Major Industry Groups of the Manufacturing Sector (Base_ 2022-23 = 100).xlsx,
industry,manufacturing,9. Printing and reproduction of recorded media,2024-03-01,All India,108.3,index (base 2022-23=100),monthly,Index Numbers of Twenty Three Major Industry Groups of the Manufacturing Sector (Base_ 2022-23 = 100).xlsx,
industry,manufacturing,9. Printing and reproduction of recorded media,2024-04-01,All India,95.8,index (base 2022-23=100),monthly,Index Numbers of Twenty Three Major Industry Groups of the Manufacturing Sector (Base_ 2022-23 = 100).xlsx,
industry,manufacturing,9. Printing and reproduction of recorded media,2024-05-01,All India,101.7,index (base 2022-23=100),monthly,Index Numbers of Twenty Three Major Industry Groups of the Manufacturing Sector (Base_ 2022-23 = 100).xlsx,
industry,manufacturing,9. Printing and reproduction of recorded media,2024-06-01,All India,98.5,index (base 2022-23=100),monthly,Index Numbers of Twenty Three Major Industry Groups of the Manufacturing Sector (Base_ 2022-23 = 100).xlsx,
industry,manufacturing,9. Printing and reproduction of recorded media,2024-07-01,All India,100.8,index (base 2022-23=100),monthly,Index Numbers of Twenty Three Major Industry Groups of the Manufacturing Sector (Base_ 2022-23 = 100).xlsx,
industry,manufacturing,9. Printing and reproduction of recorded media,2024-08-01,All India,93.9,index (base 2022-23=100),monthly,Index Numbers of Twenty Three Major Industry Groups of the Manufacturing Sector (Base_ 2022-23 = 100).xlsx,
industry,manufacturing,9. Printing and reproduction of recorded media,2024-09-01,All India,92.3,index (base 2022-23=100),monthly,Index Numbers of Twenty Three Major Industry Groups of the Manufacturing Sector (Base_ 2022-23 = 100).xlsx,
industry,manufacturing,9. Printing and reproduction of recorded media,2024-10-01,All India,93.8,index (base 2022-23=100),monthly,Index Numbers of Twenty Three Major Industry Groups of the Manufacturing Sector (Base_ 2022-23 = 100).xlsx,
industry,manufacturing,9. Printing and reproduction of recorded media,2024-11-01,All India,97.2,index (base 2022-23=100),monthly,Index Numbers of Twenty Three Major Industry Groups of the Manufacturing Sector (Base_ 2022-23 = 100).xlsx,
industry,manufacturing,9. Printing and reproduction of recorded media,2024-12-01,All India,108.7,index (base 2022-23=100),monthly,Index Numbers of Twenty Three Major Industry Groups of the Manufacturing Sector (Base_ 2022-23 = 100).xlsx,
industry,manufacturing,9. Printing and reproduction of recorded media,2025-01-01,All India,112.0,index (base 2022-23=100),monthly,Index Numbers of Twenty Three Major Industry Groups of the Manufacturing Sector (Base_ 2022-23 = 100).xlsx,
industry,manufacturing,9. Printing and reproduction of recorded media,2025-02-01,All India,107.0,index (base 2022-23=100),monthly,Index Numbers of Twenty Three Major Industry Groups of the Manufacturing Sector (Base_ 2022-23 = 100).xlsx,
industry,manufacturing,9. Printing and reproduction of recorded media,2025-03-01,All India,111.9,index (base 2022-23=100),monthly,Index Numbers of Twenty Three Major Industry Groups of the Manufacturing Sector (Base_ 2022-23 = 100).xlsx,
industry,manufacturing,9. Printing and reproduction of recorded media,2025-04-01,All India,108.2,index (base 2022-23=100),monthly,Index Numbers of Twenty Three Major Industry Groups of the Manufacturing Sector (Base_ 2022-23 = 100).xlsx,
industry,manufacturing,9. Printing and reproduction of recorded media,2025-05-01,All India,106.3,index (base 2022-23=100),monthly,Index Numbers of Twenty Three Major Industry Groups of the Manufacturing Sector (Base_ 2022-23 = 100).xlsx,
industry,manufacturing,9. Printing and reproduction of recorded media,2025-06-01,All India,95.8,index (base 2022-23=100),monthly,Index Numbers of Twenty Three Major Industry Groups of the Manufacturing Sector (Base_ 2022-23 = 100).xlsx,
industry,manufacturing,9. Printing and reproduction of recorded media,2025-07-01,All India,96.6,index (base 2022-23=100),monthly,Index Numbers of Twenty Three Major Industry Groups of the Manufacturing Sector (Base_ 2022-23 = 100).xlsx,
industry,manufacturing,9. Printing and reproduction of recorded media,2025-08-01,All India,89.7,index (base 2022-23=100),monthly,Index Numbers of Twenty Three Major Industry Groups of the Manufacturing Sector (Base_ 2022-23 = 100).xlsx,
industry,manufacturing,9. Printing and reproduction of recorded media,2025-09-01,All India,99.5,index (base 2022-23=100),monthly,Index Numbers of Twenty Three Major Industry Groups of the Manufacturing Sector (Base_ 2022-23 = 100).xlsx,
industry,manufacturing,9. Printing and reproduction of recorded media,2025-10-01,All India,92.6,index (base 2022-23=100),monthly,Index Numbers of Twenty Three Major Industry Groups of the Manufacturing Sector (Base_ 2022-23 = 100).xlsx,
industry,manufacturing,9. Printing and reproduction of recorded media,2025-11-01,All India,102.9,index (base 2022-23=100),monthly,Index Numbers of Twenty Three Major Industry Groups of the Manufacturing Sector (Base_ 2022-23 = 100).xlsx,
industry,manufacturing,9. Printing and reproduction of recorded media,2025-12-01,All India,109.7,index (base 2022-23=100),monthly,Index Numbers of Twenty Three Major Industry Groups of the Manufacturing Sector (Base_ 2022-23 = 100).xlsx,
industry,manufacturing,9. Printing and reproduction of recorded media,2026-01-01,All India,105.9,index (base 2022-23=100),monthly,Index Numbers of Twenty Three Major Industry Groups of the Manufacturing Sector (Base_ 2022-23 = 100).xlsx,
industry,manufacturing,9. Printing and reproduction of recorded media,2026-02-01,All India,107.0,index (base 2022-23=100),monthly,Index Numbers of Twenty Three Major Industry Groups of the Manufacturing Sector (Base_ 2022-23 = 100).xlsx,
industry,manufacturing,9. Printing and reproduction of recorded media,2026-03-01,All India,115.1,index (base 2022-23=100),monthly,Index Numbers of Twenty Three Major Industry Groups of the Manufacturing Sector (Base_ 2022-23 = 100).xlsx,
industry,manufacturing,9. Printing and reproduction of recorded media,2026-04-01,All India,103.8,index (base 2022-23=100),monthly,Index Numbers of Twenty Three Major Industry Groups of the Manufacturing Sector (Base_ 2022-23 = 100).xlsx,
industry,manufacturing,9. Printing and reproduction of recorded media,2026-05-01,All India,95.3,index (base 2022-23=100),monthly,Index Numbers of Twenty Three Major Industry Groups of the Manufacturing Sector (Base_ 2022-23 = 100).xlsx,
