sector,subsector,indicator_name,date,region_state,value,unit,frequency,source,notes
industry,IIP use-based,Capital Goods,2013-04-01,All India,0.335195530726254,percent YoY growth,monthly,Index of Industrial Production (1).xlsx,
industry,IIP use-based,Capital Goods,2013-05-01,All India,0.911854103343456,percent YoY growth,monthly,Index of Industrial Production (1).xlsx,
industry,IIP use-based,Capital Goods,2013-06-01,All India,-9.8135426889107,percent YoY growth,monthly,Index of Industrial Production (1).xlsx,
industry,IIP use-based,Capital Goods,2013-07-01,All India,-4.12371134020619,percent YoY growth,monthly,Index of Industrial Production (1).xlsx,
industry,IIP use-based,Capital Goods,2013-08-01,All India,-6.86947988223749,percent YoY growth,monthly,Index of Industrial Production (1).xlsx,
industry,IIP use-based,Capital Goods,2013-09-01,All India,-5.93385214007782,percent YoY growth,monthly,Index of Industrial Production (1).xlsx,
industry,IIP use-based,Capital Goods,2013-10-01,All India,-1.46596858638744,percent YoY growth,monthly,Index of Industrial Production (1).xlsx,
industry,IIP use-based,Capital Goods,2013-11-01,All India,1.87018701870186,percent YoY growth,monthly,Index of Industrial Production (1).xlsx,
industry,IIP use-based,Capital Goods,2013-12-01,All India,-4.43349753694581,percent YoY growth,monthly,Index of Industrial Production (1).xlsx,
industry,IIP use-based,Capital Goods,2014-01-01,All India,-0.639658848614066,percent YoY growth,monthly,Index of Industrial Production (1).xlsx,
industry,IIP use-based,Capital Goods,2014-02-01,All India,-1.49700598802395,percent YoY growth,monthly,Index of Industrial Production (1).xlsx,
industry,IIP use-based,Capital Goods,2014-03-01,All India,-9.45426594926979,percent YoY growth,monthly,Index of Industrial Production (1).xlsx,
industry,IIP use-based,Capital Goods,2014-04-01,All India,-8.24053452115812,percent YoY growth,monthly,Index of Industrial Production (1).xlsx,
industry,IIP use-based,Capital Goods,2014-05-01,All India,-6.82730923694779,percent YoY growth,monthly,Index of Industrial Production (1).xlsx,
industry,IIP use-based,Capital Goods,2014-06-01,All India,9.68443960826985,percent YoY growth,monthly,Index of Industrial Production (1).xlsx,
industry,IIP use-based,Capital Goods,2014-07-01,All India,1.50537634408603,percent YoY growth,monthly,Index of Industrial Production (1).xlsx,
industry,IIP use-based,Capital Goods,2014-08-01,All India,-3.37197049525817,percent YoY growth,monthly,Index of Industrial Production (1).xlsx,
industry,IIP use-based,Capital Goods,2014-09-01,All India,8.06618407445708,percent YoY growth,monthly,Index of Industrial Production (1).xlsx,
industry,IIP use-based,Capital Goods,2014-10-01,All India,-12.6461211477152,percent YoY growth,monthly,Index of Industrial Production (1).xlsx,
industry,IIP use-based,Capital Goods,2014-11-01,All India,-4.85961123110151,percent YoY growth,monthly,Index of Industrial Production (1).xlsx,
industry,IIP use-based,Capital Goods,2014-12-01,All India,2.06185567010309,percent YoY growth,monthly,Index of Industrial Production (1).xlsx,
industry,IIP use-based,Capital Goods,2015-01-01,All India,-5.25751072961374,percent YoY growth,monthly,Index of Industrial Production (1).xlsx,
industry,IIP use-based,Capital Goods,2015-02-01,All India,1.41843971631205,percent YoY growth,monthly,Index of Industrial Production (1).xlsx,
industry,IIP use-based,Capital Goods,2015-03-01,All India,3.4804753820034,percent YoY growth,monthly,Index of Industrial Production (1).xlsx,
industry,IIP use-based,Capital Goods,2015-04-01,All India,3.76213592233009,percent YoY growth,monthly,Index of Industrial Production (1).xlsx,
industry,IIP use-based,Capital Goods,2015-05-01,All India,-4.84913793103448,percent YoY growth,monthly,Index of Industrial Production (1).xlsx,
industry,IIP use-based,Capital Goods,2015-06-01,All India,-8.13492063492064,percent YoY growth,monthly,Index of Industrial Production (1).xlsx,
industry,IIP use-based,Capital Goods,2015-07-01,All India,-4.97881355932204,percent YoY growth,monthly,Index of Industrial Production (1).xlsx,
industry,IIP use-based,Capital Goods,2015-08-01,All India,2.83533260632497,percent YoY growth,monthly,Index of Industrial Production (1).xlsx,
industry,IIP use-based,Capital Goods,2015-09-01,All India,2.39234449760766,percent YoY growth,monthly,Index of Industrial Production (1).xlsx,
industry,IIP use-based,Capital Goods,2015-10-01,All India,20.316301703163,percent YoY growth,monthly,Index of Industrial Production (1).xlsx,
industry,IIP use-based,Capital Goods,2015-11-01,All India,6.35641316685586,percent YoY growth,monthly,Index of Industrial Production (1).xlsx,
industry,IIP use-based,Capital Goods,2015-12-01,All India,4.74747474747475,percent YoY growth,monthly,Index of Industrial Production (1).xlsx,
industry,IIP use-based,Capital Goods,2016-01-01,All India,12.5707814269536,percent YoY growth,monthly,Index of Industrial Production (1).xlsx,
industry,IIP use-based,Capital Goods,2016-02-01,All India,4.29570429570431,percent YoY growth,monthly,Index of Industrial Production (1).xlsx,
industry,IIP use-based,Capital Goods,2016-03-01,All India,0.984413453650524,percent YoY growth,monthly,Index of Industrial Production (1).xlsx,
industry,IIP use-based,Capital Goods,2016-04-01,All India,9.23976608187135,percent YoY growth,monthly,Index of Industrial Production (1).xlsx,
industry,IIP use-based,Capital Goods,2016-05-01,All India,14.722536806342,percent YoY growth,monthly,Index of Industrial Production (1).xlsx,
industry,IIP use-based,Capital Goods,2016-06-01,All India,14.7948164146868,percent YoY growth,monthly,Index of Industrial Production (1).xlsx,
industry,IIP use-based,Capital Goods,2016-07-01,All India,8.80713489409141,percent YoY growth,monthly,Index of Industrial Production (1).xlsx,
industry,IIP use-based,Capital Goods,2016-08-01,All India,0.530222693531283,percent YoY growth,monthly,Index of Industrial Production (1).xlsx,
industry,IIP use-based,Capital Goods,2016-09-01,All India,-7.47663551401869,percent YoY growth,monthly,Index of Industrial Production (1).xlsx,
industry,IIP use-based,Capital Goods,2016-10-01,All India,-4.65116279069768,percent YoY growth,monthly,Index of Industrial Production (1).xlsx,
industry,IIP use-based,Capital Goods,2016-11-01,All India,5.33617929562433,percent YoY growth,monthly,Index of Industrial Production (1).xlsx,
industry,IIP use-based,Capital Goods,2016-12-01,All India,-6.17164898746384,percent YoY growth,monthly,Index of Industrial Production (1).xlsx,
industry,IIP use-based,Capital Goods,2017-01-01,All India,-0.603621730382302,percent YoY growth,monthly,Index of Industrial Production (1).xlsx,
industry,IIP use-based,Capital Goods,2017-02-01,All India,-2.39463601532567,percent YoY growth,monthly,Index of Industrial Production (1).xlsx,
industry,IIP use-based,Capital Goods,2017-03-01,All India,9.42323314378554,percent YoY growth,monthly,Index of Industrial Production (1).xlsx,
industry,IIP use-based,Capital Goods,2017-04-01,All India,-4.81798715203426,percent YoY growth,monthly,Index of Industrial Production (1).xlsx,
industry,IIP use-based,Capital Goods,2017-05-01,All India,-1.57946692991115,percent YoY growth,monthly,Index of Industrial Production (1).xlsx,
industry,IIP use-based,Capital Goods,2017-06-01,All India,-6.11476952022578,percent YoY growth,monthly,Index of Industrial Production (1).xlsx,
industry,IIP use-based,Capital Goods,2017-07-01,All India,-1.12704918032786,percent YoY growth,monthly,Index of Industrial Production (1).xlsx,
industry,IIP use-based,Capital Goods,2017-08-01,All India,7.27848101265824,percent YoY growth,monthly,Index of Industrial Production (1).xlsx,
industry,IIP use-based,Capital Goods,2017-09-01,All India,8.68686868686868,percent YoY growth,monthly,Index of Industrial Production (1).xlsx,
industry,IIP use-based,Capital Goods,2017-10-01,All India,3.49946977730647,percent YoY growth,monthly,Index of Industrial Production (1).xlsx,
industry,IIP use-based,Capital Goods,2017-11-01,All India,5.67375886524822,percent YoY growth,monthly,Index of Industrial Production (1).xlsx,
industry,IIP use-based,Capital Goods,2017-12-01,All India,13.1551901336074,percent YoY growth,monthly,Index of Industrial Production (1).xlsx,
industry,IIP use-based,Capital Goods,2018-01-01,All India,12.4493927125506,percent YoY growth,monthly,Index of Industrial Production (1).xlsx,
industry,IIP use-based,Capital Goods,2018-02-01,All India,16.5848871442591,percent YoY growth,monthly,Index of Industrial Production (1).xlsx,
industry,IIP use-based,Capital Goods,2018-03-01,All India,-3.11804008908685,percent YoY growth,monthly,Index of Industrial Production (1).xlsx,
industry,IIP use-based,Capital Goods,2018-04-01,All India,9.78627671541056,percent YoY growth,monthly,Index of Industrial Production (1).xlsx,
industry,IIP use-based,Capital Goods,2018-05-01,All India,6.41925777331995,percent YoY growth,monthly,Index of Industrial Production (1).xlsx,
industry,IIP use-based,Capital Goods,2018-06-01,All India,9.71943887775551,percent YoY growth,monthly,Index of Industrial Production (1).xlsx,
industry,IIP use-based,Capital Goods,2018-07-01,All India,2.27979274611399,percent YoY growth,monthly,Index of Industrial Production (1).xlsx,
industry,IIP use-based,Capital Goods,2018-08-01,All India,10.3244837758112,percent YoY growth,monthly,Index of Industrial Production (1).xlsx,
industry,IIP use-based,Capital Goods,2018-09-01,All India,6.87732342007435,percent YoY growth,monthly,Index of Industrial Production (1).xlsx,
industry,IIP use-based,Capital Goods,2018-10-01,All India,16.905737704918,percent YoY growth,monthly,Index of Industrial Production (1).xlsx,
industry,IIP use-based,Capital Goods,2018-11-01,All India,-4.12272291466922,percent YoY growth,monthly,Index of Industrial Production (1).xlsx,
industry,IIP use-based,Capital Goods,2018-12-01,All India,4.1780199818347,percent YoY growth,monthly,Index of Industrial Production (1).xlsx,
industry,IIP use-based,Capital Goods,2019-01-01,All India,-3.6003600360036,percent YoY growth,monthly,Index of Industrial Production (1).xlsx,
industry,IIP use-based,Capital Goods,2019-02-01,All India,-9.34343434343434,percent YoY growth,monthly,Index of Industrial Production (1).xlsx,
industry,IIP use-based,Capital Goods,2019-03-01,All India,-9.11877394636016,percent YoY growth,monthly,Index of Industrial Production (1).xlsx,
industry,IIP use-based,Capital Goods,2019-04-01,All India,-1.43442622950819,percent YoY growth,monthly,Index of Industrial Production (1).xlsx,
industry,IIP use-based,Capital Goods,2019-05-01,All India,-2.07351555136662,percent YoY growth,monthly,Index of Industrial Production (1).xlsx,
industry,IIP use-based,Capital Goods,2019-06-01,All India,-6.94063926940639,percent YoY growth,monthly,Index of Industrial Production (1).xlsx,
industry,IIP use-based,Capital Goods,2019-07-01,All India,-6.99088145896657,percent YoY growth,monthly,Index of Industrial Production (1).xlsx,
industry,IIP use-based,Capital Goods,2019-08-01,All India,-20.9447415329768,percent YoY growth,monthly,Index of Industrial Production (1).xlsx,
industry,IIP use-based,Capital Goods,2019-09-01,All India,-20.5217391304348,percent YoY growth,monthly,Index of Industrial Production (1).xlsx,
industry,IIP use-based,Capital Goods,2019-10-01,All India,-22.4364592462752,percent YoY growth,monthly,Index of Industrial Production (1).xlsx,
industry,IIP use-based,Capital Goods,2019-11-01,All India,-8.90000000000001,percent YoY growth,monthly,Index of Industrial Production (1).xlsx,
industry,IIP use-based,Capital Goods,2019-12-01,All India,-18.308631211857,percent YoY growth,monthly,Index of Industrial Production (1).xlsx,
industry,IIP use-based,Capital Goods,2020-01-01,All India,-4.38842203548085,percent YoY growth,monthly,Index of Industrial Production (1).xlsx,
industry,IIP use-based,Capital Goods,2020-02-01,All India,-9.5636025998143,percent YoY growth,monthly,Index of Industrial Production (1).xlsx,
industry,IIP use-based,Capital Goods,2020-03-01,All India,-38.7858347386172,percent YoY growth,monthly,Index of Industrial Production (1).xlsx,
industry,IIP use-based,Capital Goods,2020-04-01,All India,-92.7234927234927,percent YoY growth,monthly,Index of Industrial Production (1).xlsx,
industry,IIP use-based,Capital Goods,2020-05-01,All India,-65.9287776708373,percent YoY growth,monthly,Index of Industrial Production (1).xlsx,
industry,IIP use-based,Capital Goods,2020-06-01,All India,-37.3895976447498,percent YoY growth,monthly,Index of Industrial Production (1).xlsx,
industry,IIP use-based,Capital Goods,2020-07-01,All India,-22.7668845315904,percent YoY growth,monthly,Index of Industrial Production (1).xlsx,
industry,IIP use-based,Capital Goods,2020-08-01,All India,-14.4306651634724,percent YoY growth,monthly,Index of Industrial Production (1).xlsx,
industry,IIP use-based,Capital Goods,2020-09-01,All India,-1.20350109409191,percent YoY growth,monthly,Index of Industrial Production (1).xlsx,
industry,IIP use-based,Capital Goods,2020-10-01,All India,3.1638418079096,percent YoY growth,monthly,Index of Industrial Production (1).xlsx,
industry,IIP use-based,Capital Goods,2020-11-01,All India,-7.46432491767289,percent YoY growth,monthly,Index of Industrial Production (1).xlsx,
industry,IIP use-based,Capital Goods,2020-12-01,All India,2.24119530416221,percent YoY growth,monthly,Index of Industrial Production (1).xlsx,
industry,IIP use-based,Capital Goods,2021-01-01,All India,-8.984375,percent YoY growth,monthly,Index of Industrial Production (1).xlsx,
industry,IIP use-based,Capital Goods,2021-02-01,All India,-4.20944558521561,percent YoY growth,monthly,Index of Industrial Production (1).xlsx,
industry,IIP use-based,Capital Goods,2021-03-01,All India,50.4132231404959,percent YoY growth,monthly,Index of Industrial Production (1).xlsx,
industry,IIP use-based,Capital Goods,2021-05-01,All India,74.8587570621469,percent YoY growth,monthly,Index of Industrial Production (1).xlsx,
industry,IIP use-based,Capital Goods,2021-06-01,All India,27.2727272727273,percent YoY growth,monthly,Index of Industrial Production (1).xlsx,
industry,IIP use-based,Capital Goods,2021-07-01,All India,30.3244005641749,percent YoY growth,monthly,Index of Industrial Production (1).xlsx,
industry,IIP use-based,Capital Goods,2021-08-01,All India,20.0263504611331,percent YoY growth,monthly,Index of Industrial Production (1).xlsx,
industry,IIP use-based,Capital Goods,2021-09-01,All India,3.32225913621263,percent YoY growth,monthly,Index of Industrial Production (1).xlsx,
industry,IIP use-based,Capital Goods,2021-10-01,All India,-1.64293537787514,percent YoY growth,monthly,Index of Industrial Production (1).xlsx,
industry,IIP use-based,Capital Goods,2021-11-01,All India,-2.60972716488731,percent YoY growth,monthly,Index of Industrial Production (1).xlsx,
industry,IIP use-based,Capital Goods,2021-12-01,All India,-3.02713987473903,percent YoY growth,monthly,Index of Industrial Production (1).xlsx,
industry,IIP use-based,Capital Goods,2022-01-01,All India,1.82403433476395,percent YoY growth,monthly,Index of Industrial Production (1).xlsx,
industry,IIP use-based,Capital Goods,2022-02-01,All India,1.28617363344052,percent YoY growth,monthly,Index of Industrial Production (1).xlsx,
industry,IIP use-based,Capital Goods,2022-03-01,All India,2.38095238095238,percent YoY growth,monthly,Index of Industrial Production (1).xlsx,
industry,IIP use-based,Capital Goods,2022-04-01,All India,12.0253164556962,percent YoY growth,monthly,Index of Industrial Production (1).xlsx,
industry,IIP use-based,Capital Goods,2022-05-01,All India,53.3117932148627,percent YoY growth,monthly,Index of Industrial Production (1).xlsx,
industry,IIP use-based,Capital Goods,2022-06-01,All India,28.5714285714286,percent YoY growth,monthly,Index of Industrial Production (1).xlsx,
industry,IIP use-based,Capital Goods,2022-07-01,All India,5.08658008658007,percent YoY growth,monthly,Index of Industrial Production (1).xlsx,
industry,IIP use-based,Capital Goods,2022-08-01,All India,4.28100987925357,percent YoY growth,monthly,Index of Industrial Production (1).xlsx,
industry,IIP use-based,Capital Goods,2022-09-01,All India,11.3612004287246,percent YoY growth,monthly,Index of Industrial Production (1).xlsx,
industry,IIP use-based,Capital Goods,2022-10-01,All India,-2.89532293986636,percent YoY growth,monthly,Index of Industrial Production (1).xlsx,
industry,IIP use-based,Capital Goods,2022-11-01,All India,20.7064555420219,percent YoY growth,monthly,Index of Industrial Production (1).xlsx,
industry,IIP use-based,Capital Goods,2022-12-01,All India,7.75026910656619,percent YoY growth,monthly,Index of Industrial Production (1).xlsx,
industry,IIP use-based,Capital Goods,2023-01-01,All India,10.5374077976818,percent YoY growth,monthly,Index of Industrial Production (1).xlsx,
industry,IIP use-based,Capital Goods,2023-02-01,All India,11.005291005291,percent YoY growth,monthly,Index of Industrial Production (1).xlsx,
industry,IIP use-based,Capital Goods,2023-03-01,All India,10.0178890876565,percent YoY growth,monthly,Index of Industrial Production (1).xlsx,
industry,IIP use-based,Capital Goods,2023-04-01,All India,4.40677966101696,percent YoY growth,monthly,Index of Industrial Production (1).xlsx,
industry,IIP use-based,Capital Goods,2023-05-01,All India,8.11380400421495,percent YoY growth,monthly,Index of Industrial Production (1).xlsx,
industry,IIP use-based,Capital Goods,2023-06-01,All India,2.8735632183908,percent YoY growth,monthly,Index of Industrial Production (1).xlsx,
industry,IIP use-based,Capital Goods,2023-07-01,All India,5.14933058702369,percent YoY growth,monthly,Index of Industrial Production (1).xlsx,
industry,IIP use-based,Capital Goods,2023-08-01,All India,13.0526315789474,percent YoY growth,monthly,Index of Industrial Production (1).xlsx,
industry,IIP use-based,Capital Goods,2023-09-01,All India,8.37343599615013,percent YoY growth,monthly,Index of Industrial Production (1).xlsx,
industry,IIP use-based,Capital Goods,2023-10-01,All India,21.6743119266055,percent YoY growth,monthly,Index of Industrial Production (1).xlsx,
industry,IIP use-based,Capital Goods,2023-11-01,All India,-1.10998990918264,percent YoY growth,monthly,Index of Industrial Production (1).xlsx,
industry,IIP use-based,Capital Goods,2023-12-01,All India,3.6963036963037,percent YoY growth,monthly,Index of Industrial Production (1).xlsx,
industry,IIP use-based,Capital Goods,2024-01-01,All India,3.24118207816968,percent YoY growth,monthly,Index of Industrial Production (1).xlsx,
industry,IIP use-based,Capital Goods,2024-02-01,All India,1.71591992373689,percent YoY growth,monthly,Index of Industrial Production (1).xlsx,
industry,IIP use-based,Capital Goods,2024-03-01,All India,6.99186991869918,percent YoY growth,monthly,Index of Industrial Production (1).xlsx,
industry,IIP use-based,Capital Goods,2024-04-01,All India,2.81385281385281,percent YoY growth,monthly,Index of Industrial Production (1).xlsx,
industry,IIP use-based,Capital Goods,2024-05-01,All India,2.63157894736842,percent YoY growth,monthly,Index of Industrial Production (1).xlsx,
industry,IIP use-based,Capital Goods,2024-06-01,All India,3.63128491620111,percent YoY growth,monthly,Index of Industrial Production (1).xlsx,
industry,IIP use-based,Capital Goods,2024-07-01,All India,11.6552399608227,percent YoY growth,monthly,Index of Industrial Production (1).xlsx,
industry,IIP use-based,Capital Goods,2024-08-01,All India,0.0,percent YoY growth,monthly,Index of Industrial Production (1).xlsx,
industry,IIP use-based,Capital Goods,2024-09-01,All India,3.46358792184725,percent YoY growth,monthly,Index of Industrial Production (1).xlsx,
industry,IIP use-based,Capital Goods,2024-10-01,All India,2.92177191328936,percent YoY growth,monthly,Index of Industrial Production (1).xlsx,
industry,IIP use-based,Capital Goods,2024-11-01,All India,8.87755102040817,percent YoY growth,monthly,Index of Industrial Production (1).xlsx,
industry,IIP use-based,Capital Goods,2024-12-01,All India,10.5009633911368,percent YoY growth,monthly,Index of Industrial Production (1).xlsx,
industry,IIP use-based,Capital Goods,2025-01-01,All India,10.1569713758079,percent YoY growth,monthly,Index of Industrial Production (1).xlsx,
industry,IIP use-based,Capital Goods,2025-02-01,All India,8.15370196813496,percent YoY growth,monthly,Index of Industrial Production (1).xlsx,
industry,IIP use-based,Capital Goods,2025-03-01,All India,3.57142857142858,percent YoY growth,monthly,Index of Industrial Production (1).xlsx,
industry,IIP use-based,Capital Goods,2025-04-01,All India,14.0,percent YoY growth,monthly,Index of Industrial Production (1).xlsx,
industry,IIP use-based,Capital Goods,2025-05-01,All India,13.29534662868,percent YoY growth,monthly,Index of Industrial Production (1).xlsx,
industry,IIP use-based,Capital Goods,2025-06-01,All India,2.96495956873315,percent YoY growth,monthly,Index of Industrial Production (1).xlsx,
industry,IIP use-based,Capital Goods,2025-07-01,All India,6.75438596491228,percent YoY growth,monthly,Index of Industrial Production (1).xlsx,
industry,IIP use-based,Capital Goods,2025-08-01,All India,4.46927374301676,percent YoY growth,monthly,Index of Industrial Production (1).xlsx,
industry,IIP use-based,Capital Goods,2025-09-01,All India,5.40772532188841,percent YoY growth,monthly,Index of Industrial Production (1).xlsx,
industry,IIP use-based,Capital Goods,2025-10-01,All India,2.1062271062271,percent YoY growth,monthly,Index of Industrial Production (1).xlsx,
industry,IIP use-based,Capital Goods,2025-11-01,All India,10.1218369259606,percent YoY growth,monthly,Index of Industrial Production (1).xlsx,
industry,IIP use-based,Capital Goods,2025-12-01,All India,8.28247602441151,percent YoY growth,monthly,Index of Industrial Production (1).xlsx,
industry,IIP use-based,Capital Goods,2026-01-01,All India,4.1072925398156,percent YoY growth,monthly,Index of Industrial Production (1).xlsx,
industry,IIP use-based,Capital Goods,2026-02-01,All India,12.3916811091854,percent YoY growth,monthly,Index of Industrial Production (1).xlsx,
industry,IIP use-based,Capital Goods,2026-03-01,All India,14.6001467351431,percent YoY growth,monthly,Index of Industrial Production (1).xlsx,
industry,IIP use-based,Consumer Durables,2013-04-01,All India,4.01960784313725,percent YoY growth,monthly,Index of Industrial Production (1).xlsx,
industry,IIP use-based,Consumer Durables,2013-05-01,All India,-2.09324452901997,percent YoY growth,monthly,Index of Industrial Production (1).xlsx,
industry,IIP use-based,Consumer Durables,2013-06-01,All India,-0.28598665395616,percent YoY growth,monthly,Index of Industrial Production (1).xlsx,
industry,IIP use-based,Consumer Durables,2013-07-01,All India,4.69667318982387,percent YoY growth,monthly,Index of Industrial Production (1).xlsx,
industry,IIP use-based,Consumer Durables,2013-08-01,All India,3.95647873392681,percent YoY growth,monthly,Index of Industrial Production (1).xlsx,
industry,IIP use-based,Consumer Durables,2013-09-01,All India,8.67537313432836,percent YoY growth,monthly,Index of Industrial Production (1).xlsx,
industry,IIP use-based,Consumer Durables,2013-10-01,All India,8.16681146828845,percent YoY growth,monthly,Index of Industrial Production (1).xlsx,
industry,IIP use-based,Consumer Durables,2013-11-01,All India,12.4203821656051,percent YoY growth,monthly,Index of Industrial Production (1).xlsx,
industry,IIP use-based,Consumer Durables,2013-12-01,All India,5.98455598455599,percent YoY growth,monthly,Index of Industrial Production (1).xlsx,
industry,IIP use-based,Consumer Durables,2014-01-01,All India,7.11645101663586,percent YoY growth,monthly,Index of Industrial Production (1).xlsx,
industry,IIP use-based,Consumer Durables,2014-02-01,All India,7.26040658276864,percent YoY growth,monthly,Index of Industrial Production (1).xlsx,
industry,IIP use-based,Consumer Durables,2014-03-01,All India,7.86416443252904,percent YoY growth,monthly,Index of Industrial Production (1).xlsx,
industry,IIP use-based,Consumer Durables,2014-04-01,All India,2.16776625824695,percent YoY growth,monthly,Index of Industrial Production (1).xlsx,
industry,IIP use-based,Consumer Durables,2014-05-01,All India,11.175898931001,percent YoY growth,monthly,Index of Industrial Production (1).xlsx,
industry,IIP use-based,Consumer Durables,2014-06-01,All India,3.53728489483748,percent YoY growth,monthly,Index of Industrial Production (1).xlsx,
industry,IIP use-based,Consumer Durables,2014-07-01,All India,7.75700934579439,percent YoY growth,monthly,Index of Industrial Production (1).xlsx,
industry,IIP use-based,Consumer Durables,2014-08-01,All India,6.94576593720267,percent YoY growth,monthly,Index of Industrial Production (1).xlsx,
industry,IIP use-based,Consumer Durables,2014-09-01,All India,8.49785407725322,percent YoY growth,monthly,Index of Industrial Production (1).xlsx,
industry,IIP use-based,Consumer Durables,2014-10-01,All India,-12.1285140562249,percent YoY growth,monthly,Index of Industrial Production (1).xlsx,
industry,IIP use-based,Consumer Durables,2014-11-01,All India,9.53729933899905,percent YoY growth,monthly,Index of Industrial Production (1).xlsx,
industry,IIP use-based,Consumer Durables,2014-12-01,All India,6.46630236794172,percent YoY growth,monthly,Index of Industrial Production (1).xlsx,
industry,IIP use-based,Consumer Durables,2015-01-01,All India,-0.345125107851601,percent YoY growth,monthly,Index of Industrial Production (1).xlsx,
industry,IIP use-based,Consumer Durables,2015-02-01,All India,2.34657039711192,percent YoY growth,monthly,Index of Industrial Production (1).xlsx,
industry,IIP use-based,Consumer Durables,2015-03-01,All India,4.55675227837614,percent YoY growth,monthly,Index of Industrial Production (1).xlsx,
industry,IIP use-based,Consumer Durables,2015-04-01,All India,1.75276752767527,percent YoY growth,monthly,Index of Industrial Production (1).xlsx,
industry,IIP use-based,Consumer Durables,2015-05-01,All India,-1.13636363636365,percent YoY growth,monthly,Index of Industrial Production (1).xlsx,
industry,IIP use-based,Consumer Durables,2015-06-01,All India,7.66389658356417,percent YoY growth,monthly,Index of Industrial Production (1).xlsx,
industry,IIP use-based,Consumer Durables,2015-07-01,All India,3.81613183000868,percent YoY growth,monthly,Index of Industrial Production (1).xlsx,
industry,IIP use-based,Consumer Durables,2015-08-01,All India,1.77935943060498,percent YoY growth,monthly,Index of Industrial Production (1).xlsx,
industry,IIP use-based,Consumer Durables,2015-09-01,All India,-2.84810126582279,percent YoY growth,monthly,Index of Industrial Production (1).xlsx,
industry,IIP use-based,Consumer Durables,2015-10-01,All India,17.7330895795247,percent YoY growth,monthly,Index of Industrial Production (1).xlsx,
industry,IIP use-based,Consumer Durables,2015-11-01,All India,-4.48275862068966,percent YoY growth,monthly,Index of Industrial Production (1).xlsx,
industry,IIP use-based,Consumer Durables,2015-12-01,All India,5.21813515825491,percent YoY growth,monthly,Index of Industrial Production (1).xlsx,
industry,IIP use-based,Consumer Durables,2016-01-01,All India,3.11688311688311,percent YoY growth,monthly,Index of Industrial Production (1).xlsx,
industry,IIP use-based,Consumer Durables,2016-02-01,All India,6.70194003527336,percent YoY growth,monthly,Index of Industrial Production (1).xlsx,
industry,IIP use-based,Consumer Durables,2016-03-01,All India,2.21870047543581,percent YoY growth,monthly,Index of Industrial Production (1).xlsx,
industry,IIP use-based,Consumer Durables,2016-04-01,All India,9.33816863100634,percent YoY growth,monthly,Index of Industrial Production (1).xlsx,
industry,IIP use-based,Consumer Durables,2016-05-01,All India,9.9027409372237,percent YoY growth,monthly,Index of Industrial Production (1).xlsx,
industry,IIP use-based,Consumer Durables,2016-06-01,All India,4.54545454545456,percent YoY growth,monthly,Index of Industrial Production (1).xlsx,
industry,IIP use-based,Consumer Durables,2016-07-01,All India,0.167084377610696,percent YoY growth,monthly,Index of Industrial Production (1).xlsx,
industry,IIP use-based,Consumer Durables,2016-08-01,All India,7.34265734265734,percent YoY growth,monthly,Index of Industrial Production (1).xlsx,
industry,IIP use-based,Consumer Durables,2016-09-01,All India,10.2605863192182,percent YoY growth,monthly,Index of Industrial Production (1).xlsx,
industry,IIP use-based,Consumer Durables,2016-10-01,All India,1.47515527950309,percent YoY growth,monthly,Index of Industrial Production (1).xlsx,
industry,IIP use-based,Consumer Durables,2016-11-01,All India,6.76895306859206,percent YoY growth,monthly,Index of Industrial Production (1).xlsx,
industry,IIP use-based,Consumer Durables,2016-12-01,All India,-5.04065040650407,percent YoY growth,monthly,Index of Industrial Production (1).xlsx,
industry,IIP use-based,Consumer Durables,2017-01-01,All India,-2.01511335012594,percent YoY growth,monthly,Index of Industrial Production (1).xlsx,
industry,IIP use-based,Consumer Durables,2017-02-01,All India,-4.62809917355371,percent YoY growth,monthly,Index of Industrial Production (1).xlsx,
industry,IIP use-based,Consumer Durables,2017-03-01,All India,-0.620155038759699,percent YoY growth,monthly,Index of Industrial Production (1).xlsx,
industry,IIP use-based,Consumer Durables,2017-04-01,All India,-0.746268656716411,percent YoY growth,monthly,Index of Industrial Production (1).xlsx,
industry,IIP use-based,Consumer Durables,2017-05-01,All India,0.64360418342719,percent YoY growth,monthly,Index of Industrial Production (1).xlsx,
industry,IIP use-based,Consumer Durables,2017-06-01,All India,-3.52748154224775,percent YoY growth,monthly,Index of Industrial Production (1).xlsx,
industry,IIP use-based,Consumer Durables,2017-07-01,All India,-2.418682235196,percent YoY growth,monthly,Index of Industrial Production (1).xlsx,
industry,IIP use-based,Consumer Durables,2017-08-01,All India,4.31596091205212,percent YoY growth,monthly,Index of Industrial Production (1).xlsx,
industry,IIP use-based,Consumer Durables,2017-09-01,All India,-4.06203840472674,percent YoY growth,monthly,Index of Industrial Production (1).xlsx,
industry,IIP use-based,Consumer Durables,2017-10-01,All India,-8.95179801071155,percent YoY growth,monthly,Index of Industrial Production (1).xlsx,
industry,IIP use-based,Consumer Durables,2017-11-01,All India,3.12764158918005,percent YoY growth,monthly,Index of Industrial Production (1).xlsx,
industry,IIP use-based,Consumer Durables,2017-12-01,All India,2.14041095890411,percent YoY growth,monthly,Index of Industrial Production (1).xlsx,
industry,IIP use-based,Consumer Durables,2018-01-01,All India,7.62639245929734,percent YoY growth,monthly,Index of Industrial Production (1).xlsx,
industry,IIP use-based,Consumer Durables,2018-02-01,All India,7.45233968804159,percent YoY growth,monthly,Index of Industrial Production (1).xlsx,
industry,IIP use-based,Consumer Durables,2018-03-01,All India,6.1622464898596,percent YoY growth,monthly,Index of Industrial Production (1).xlsx,
industry,IIP use-based,Consumer Durables,2018-04-01,All India,3.9264828738513,percent YoY growth,monthly,Index of Industrial Production (1).xlsx,
industry,IIP use-based,Consumer Durables,2018-05-01,All India,6.71462829736212,percent YoY growth,monthly,Index of Industrial Production (1).xlsx,
industry,IIP use-based,Consumer Durables,2018-06-01,All India,13.6054421768708,percent YoY growth,monthly,Index of Industrial Production (1).xlsx,
industry,IIP use-based,Consumer Durables,2018-07-01,All India,14.1025641025641,percent YoY growth,monthly,Index of Industrial Production (1).xlsx,
industry,IIP use-based,Consumer Durables,2018-08-01,All India,5.46448087431694,percent YoY growth,monthly,Index of Industrial Production (1).xlsx,
industry,IIP use-based,Consumer Durables,2018-09-01,All India,5.38876058506543,percent YoY growth,monthly,Index of Industrial Production (1).xlsx,
industry,IIP use-based,Consumer Durables,2018-10-01,All India,17.3949579831933,percent YoY growth,monthly,Index of Industrial Production (1).xlsx,
industry,IIP use-based,Consumer Durables,2018-11-01,All India,-3.0327868852459,percent YoY growth,monthly,Index of Industrial Production (1).xlsx,
industry,IIP use-based,Consumer Durables,2018-12-01,All India,4.1072925398156,percent YoY growth,monthly,Index of Industrial Production (1).xlsx,
industry,IIP use-based,Consumer Durables,2019-01-01,All India,2.46815286624203,percent YoY growth,monthly,Index of Industrial Production (1).xlsx,
industry,IIP use-based,Consumer Durables,2019-02-01,All India,0.887096774193544,percent YoY growth,monthly,Index of Industrial Production (1).xlsx,
industry,IIP use-based,Consumer Durables,2019-03-01,All India,-3.23291697281411,percent YoY growth,monthly,Index of Industrial Production (1).xlsx,
industry,IIP use-based,Consumer Durables,2019-04-01,All India,2.17041800643086,percent YoY growth,monthly,Index of Industrial Production (1).xlsx,
industry,IIP use-based,Consumer Durables,2019-05-01,All India,0.224719101123604,percent YoY growth,monthly,Index of Industrial Production (1).xlsx,
industry,IIP use-based,Consumer Durables,2019-06-01,All India,-10.1796407185629,percent YoY growth,monthly,Index of Industrial Production (1).xlsx,
industry,IIP use-based,Consumer Durables,2019-07-01,All India,-2.39700374531834,percent YoY growth,monthly,Index of Industrial Production (1).xlsx,
industry,IIP use-based,Consumer Durables,2019-08-01,All India,-9.69652109548482,percent YoY growth,monthly,Index of Industrial Production (1).xlsx,
industry,IIP use-based,Consumer Durables,2019-09-01,All India,-10.518626734843,percent YoY growth,monthly,Index of Industrial Production (1).xlsx,
industry,IIP use-based,Consumer Durables,2019-10-01,All India,-18.8976377952756,percent YoY growth,monthly,Index of Industrial Production (1).xlsx,
industry,IIP use-based,Consumer Durables,2019-11-01,All India,-1.35249366018596,percent YoY growth,monthly,Index of Industrial Production (1).xlsx,
industry,IIP use-based,Consumer Durables,2019-12-01,All India,-5.55555555555556,percent YoY growth,monthly,Index of Industrial Production (1).xlsx,
industry,IIP use-based,Consumer Durables,2020-01-01,All India,-3.65190365190364,percent YoY growth,monthly,Index of Industrial Production (1).xlsx,
industry,IIP use-based,Consumer Durables,2020-02-01,All India,-6.23501199040767,percent YoY growth,monthly,Index of Industrial Production (1).xlsx,
industry,IIP use-based,Consumer Durables,2020-03-01,All India,-36.8261199696279,percent YoY growth,monthly,Index of Industrial Production (1).xlsx,
industry,IIP use-based,Consumer Durables,2020-04-01,All India,-95.6726986624705,percent YoY growth,monthly,Index of Industrial Production (1).xlsx,
industry,IIP use-based,Consumer Durables,2020-05-01,All India,-70.3288490284006,percent YoY growth,monthly,Index of Industrial Production (1).xlsx,
industry,IIP use-based,Consumer Durables,2020-06-01,All India,-34.8333333333333,percent YoY growth,monthly,Index of Industrial Production (1).xlsx,
industry,IIP use-based,Consumer Durables,2020-07-01,All India,-23.7145049884881,percent YoY growth,monthly,Index of Industrial Production (1).xlsx,
industry,IIP use-based,Consumer Durables,2020-08-01,All India,-10.2459016393443,percent YoY growth,monthly,Index of Industrial Production (1).xlsx,
industry,IIP use-based,Consumer Durables,2020-09-01,All India,5.30612244897959,percent YoY growth,monthly,Index of Industrial Production (1).xlsx,
industry,IIP use-based,Consumer Durables,2020-10-01,All India,18.0935569285084,percent YoY growth,monthly,Index of Industrial Production (1).xlsx,
industry,IIP use-based,Consumer Durables,2020-11-01,All India,-3.17052270779777,percent YoY growth,monthly,Index of Industrial Production (1).xlsx,
industry,IIP use-based,Consumer Durables,2020-12-01,All India,6.47911338448424,percent YoY growth,monthly,Index of Industrial Production (1).xlsx,
industry,IIP use-based,Consumer Durables,2021-01-01,All India,-0.080645161290318,percent YoY growth,monthly,Index of Industrial Production (1).xlsx,
industry,IIP use-based,Consumer Durables,2021-02-01,All India,6.56436487638534,percent YoY growth,monthly,Index of Industrial Production (1).xlsx,
industry,IIP use-based,Consumer Durables,2021-03-01,All India,59.8557692307692,percent YoY growth,monthly,Index of Industrial Production (1).xlsx,
industry,IIP use-based,Consumer Durables,2021-05-01,All India,80.352644836272,percent YoY growth,monthly,Index of Industrial Production (1).xlsx,
industry,IIP use-based,Consumer Durables,2021-06-01,All India,28.0051150895141,percent YoY growth,monthly,Index of Industrial Production (1).xlsx,
industry,IIP use-based,Consumer Durables,2021-07-01,All India,19.4164989939638,percent YoY growth,monthly,Index of Industrial Production (1).xlsx,
industry,IIP use-based,Consumer Durables,2021-08-01,All India,11.0502283105023,percent YoY growth,monthly,Index of Industrial Production (1).xlsx,
industry,IIP use-based,Consumer Durables,2021-09-01,All India,1.55038759689922,percent YoY growth,monthly,Index of Industrial Production (1).xlsx,
industry,IIP use-based,Consumer Durables,2021-10-01,All India,-3.2137518684604,percent YoY growth,monthly,Index of Industrial Production (1).xlsx,
industry,IIP use-based,Consumer Durables,2021-11-01,All India,-5.6637168141593,percent YoY growth,monthly,Index of Industrial Production (1).xlsx,
industry,IIP use-based,Consumer Durables,2021-12-01,All India,-1.92153722978383,percent YoY growth,monthly,Index of Industrial Production (1).xlsx,
industry,IIP use-based,Consumer Durables,2022-01-01,All India,-4.35835351089589,percent YoY growth,monthly,Index of Industrial Production (1).xlsx,
industry,IIP use-based,Consumer Durables,2022-02-01,All India,-9.68,percent YoY growth,monthly,Index of Industrial Production (1).xlsx,
industry,IIP use-based,Consumer Durables,2022-03-01,All India,-3.08270676691729,percent YoY growth,monthly,Index of Industrial Production (1).xlsx,
industry,IIP use-based,Consumer Durables,2022-04-01,All India,7.16360116166506,percent YoY growth,monthly,Index of Industrial Production (1).xlsx,
industry,IIP use-based,Consumer Durables,2022-05-01,All India,59.0782122905028,percent YoY growth,monthly,Index of Industrial Production (1).xlsx,
industry,IIP use-based,Consumer Durables,2022-06-01,All India,25.1748251748252,percent YoY growth,monthly,Index of Industrial Production (1).xlsx,
industry,IIP use-based,Consumer Durables,2022-07-01,All India,2.27464195450716,percent YoY growth,monthly,Index of Industrial Production (1).xlsx,
industry,IIP use-based,Consumer Durables,2022-08-01,All India,-4.4407894736842,percent YoY growth,monthly,Index of Industrial Production (1).xlsx,
industry,IIP use-based,Consumer Durables,2022-09-01,All India,-5.49618320610687,percent YoY growth,monthly,Index of Industrial Production (1).xlsx,
industry,IIP use-based,Consumer Durables,2022-10-01,All India,-18.0694980694981,percent YoY growth,monthly,Index of Industrial Production (1).xlsx,
industry,IIP use-based,Consumer Durables,2022-11-01,All India,4.97185741088181,percent YoY growth,monthly,Index of Industrial Production (1).xlsx,
industry,IIP use-based,Consumer Durables,2022-12-01,All India,-11.1836734693878,percent YoY growth,monthly,Index of Industrial Production (1).xlsx,
industry,IIP use-based,Consumer Durables,2023-01-01,All India,-8.18565400843882,percent YoY growth,monthly,Index of Industrial Production (1).xlsx,
industry,IIP use-based,Consumer Durables,2023-02-01,All India,-4.07440212577503,percent YoY growth,monthly,Index of Industrial Production (1).xlsx,
industry,IIP use-based,Consumer Durables,2023-03-01,All India,-7.99069045771917,percent YoY growth,monthly,Index of Industrial Production (1).xlsx,
industry,IIP use-based,Consumer Durables,2023-04-01,All India,-2.34869015356821,percent YoY growth,monthly,Index of Industrial Production (1).xlsx,
industry,IIP use-based,Consumer Durables,2023-05-01,All India,1.49253731343283,percent YoY growth,monthly,Index of Industrial Production (1).xlsx,
industry,IIP use-based,Consumer Durables,2023-06-01,All India,-6.78371907422187,percent YoY growth,monthly,Index of Industrial Production (1).xlsx,
industry,IIP use-based,Consumer Durables,2023-07-01,All India,-3.62438220757826,percent YoY growth,monthly,Index of Industrial Production (1).xlsx,
industry,IIP use-based,Consumer Durables,2023-08-01,All India,6.02409638554217,percent YoY growth,monthly,Index of Industrial Production (1).xlsx,
industry,IIP use-based,Consumer Durables,2023-09-01,All India,0.969305331179324,percent YoY growth,monthly,Index of Industrial Production (1).xlsx,
industry,IIP use-based,Consumer Durables,2023-10-01,All India,15.928369462771,percent YoY growth,monthly,Index of Industrial Production (1).xlsx,
industry,IIP use-based,Consumer Durables,2023-11-01,All India,-4.82573726541555,percent YoY growth,monthly,Index of Industrial Production (1).xlsx,
industry,IIP use-based,Consumer Durables,2023-12-01,All India,5.2389705882353,percent YoY growth,monthly,Index of Industrial Production (1).xlsx,
industry,IIP use-based,Consumer Durables,2024-01-01,All India,11.5808823529412,percent YoY growth,monthly,Index of Industrial Production (1).xlsx,
industry,IIP use-based,Consumer Durables,2024-02-01,All India,12.5577100646353,percent YoY growth,monthly,Index of Industrial Production (1).xlsx,
industry,IIP use-based,Consumer Durables,2024-03-01,All India,9.52782462057337,percent YoY growth,monthly,Index of Industrial Production (1).xlsx,
industry,IIP use-based,Consumer Durables,2024-04-01,All India,10.5457909343201,percent YoY growth,monthly,Index of Industrial Production (1).xlsx,
industry,IIP use-based,Consumer Durables,2024-05-01,All India,12.6297577854671,percent YoY growth,monthly,Index of Industrial Production (1).xlsx,
industry,IIP use-based,Consumer Durables,2024-06-01,All India,8.81849315068493,percent YoY growth,monthly,Index of Industrial Production (1).xlsx,
industry,IIP use-based,Consumer Durables,2024-07-01,All India,8.2051282051282,percent YoY growth,monthly,Index of Industrial Production (1).xlsx,
industry,IIP use-based,Consumer Durables,2024-08-01,All India,5.35714285714286,percent YoY growth,monthly,Index of Industrial Production (1).xlsx,
industry,IIP use-based,Consumer Durables,2024-09-01,All India,6.32000000000001,percent YoY growth,monthly,Index of Industrial Production (1).xlsx,
industry,IIP use-based,Consumer Durables,2024-10-01,All India,5.52845528455286,percent YoY growth,monthly,Index of Industrial Production (1).xlsx,
industry,IIP use-based,Consumer Durables,2024-11-01,All India,14.0845070422535,percent YoY growth,monthly,Index of Industrial Production (1).xlsx,
industry,IIP use-based,Consumer Durables,2024-12-01,All India,8.12227074235808,percent YoY growth,monthly,Index of Industrial Production (1).xlsx,
industry,IIP use-based,Consumer Durables,2025-01-01,All India,7.08401976935749,percent YoY growth,monthly,Index of Industrial Production (1).xlsx,
industry,IIP use-based,Consumer Durables,2025-02-01,All India,3.6915504511895,percent YoY growth,monthly,Index of Industrial Production (1).xlsx,
industry,IIP use-based,Consumer Durables,2025-03-01,All India,6.85142417244034,percent YoY growth,monthly,Index of Industrial Production (1).xlsx,
industry,IIP use-based,Consumer Durables,2025-04-01,All India,6.19246861924687,percent YoY growth,monthly,Index of Industrial Production (1).xlsx,
industry,IIP use-based,Consumer Durables,2025-05-01,All India,-0.921658986175107,percent YoY growth,monthly,Index of Industrial Production (1).xlsx,
industry,IIP use-based,Consumer Durables,2025-06-01,All India,2.8324154209284,percent YoY growth,monthly,Index of Industrial Production (1).xlsx,
industry,IIP use-based,Consumer Durables,2025-07-01,All India,7.26698262243287,percent YoY growth,monthly,Index of Industrial Production (1).xlsx,
industry,IIP use-based,Consumer Durables,2025-08-01,All India,3.46687211093991,percent YoY growth,monthly,Index of Industrial Production (1).xlsx,
industry,IIP use-based,Consumer Durables,2025-09-01,All India,10.007524454477,percent YoY growth,monthly,Index of Industrial Production (1).xlsx,
industry,IIP use-based,Consumer Durables,2025-10-01,All India,-1.30970724191064,percent YoY growth,monthly,Index of Industrial Production (1).xlsx,
industry,IIP use-based,Consumer Durables,2025-11-01,All India,11.1934156378601,percent YoY growth,monthly,Index of Industrial Production (1).xlsx,
industry,IIP use-based,Consumer Durables,2025-12-01,All India,12.4394184168013,percent YoY growth,monthly,Index of Industrial Production (1).xlsx,
industry,IIP use-based,Consumer Durables,2026-01-01,All India,7.23076923076924,percent YoY growth,monthly,Index of Industrial Production (1).xlsx,
industry,IIP use-based,Consumer Durables,2026-02-01,All India,7.12025316455696,percent YoY growth,monthly,Index of Industrial Production (1).xlsx,
industry,IIP use-based,Consumer Durables,2026-03-01,All India,5.33141210374638,percent YoY growth,monthly,Index of Industrial Production (1).xlsx,
industry,IIP use-based,Consumer Non-Durables,2013-04-01,All India,8.35051546391752,percent YoY growth,monthly,Index of Industrial Production (1).xlsx,
industry,IIP use-based,Consumer Non-Durables,2013-05-01,All India,9.01803607214429,percent YoY growth,monthly,Index of Industrial Production (1).xlsx,
industry,IIP use-based,Consumer Non-Durables,2013-06-01,All India,0.857959961868438,percent YoY growth,monthly,Index of Industrial Production (1).xlsx,
industry,IIP use-based,Consumer Non-Durables,2013-07-01,All India,4.05014464802315,percent YoY growth,monthly,Index of Industrial Production (1).xlsx,
industry,IIP use-based,Consumer Non-Durables,2013-08-01,All India,2.98651252408479,percent YoY growth,monthly,Index of Industrial Production (1).xlsx,
industry,IIP use-based,Consumer Non-Durables,2013-09-01,All India,8.14663951120163,percent YoY growth,monthly,Index of Industrial Production (1).xlsx,
industry,IIP use-based,Consumer Non-Durables,2013-10-01,All India,3.90625,percent YoY growth,monthly,Index of Industrial Production (1).xlsx,
industry,IIP use-based,Consumer Non-Durables,2013-11-01,All India,-0.194931773879131,percent YoY growth,monthly,Index of Industrial Production (1).xlsx,
industry,IIP use-based,Consumer Non-Durables,2013-12-01,All India,1.70212765957447,percent YoY growth,monthly,Index of Industrial Production (1).xlsx,
industry,IIP use-based,Consumer Non-Durables,2014-01-01,All India,4.24028268551237,percent YoY growth,monthly,Index of Industrial Production (1).xlsx,
industry,IIP use-based,Consumer Non-Durables,2014-02-01,All India,1.36736554238833,percent YoY growth,monthly,Index of Industrial Production (1).xlsx,
industry,IIP use-based,Consumer Non-Durables,2014-03-01,All India,0.997506234413968,percent YoY growth,monthly,Index of Industrial Production (1).xlsx,
industry,IIP use-based,Consumer Non-Durables,2014-04-01,All India,1.99809705042817,percent YoY growth,monthly,Index of Industrial Production (1).xlsx,
industry,IIP use-based,Consumer Non-Durables,2014-05-01,All India,1.83823529411765,percent YoY growth,monthly,Index of Industrial Production (1).xlsx,
industry,IIP use-based,Consumer Non-Durables,2014-06-01,All India,3.87523629489604,percent YoY growth,monthly,Index of Industrial Production (1).xlsx,
industry,IIP use-based,Consumer Non-Durables,2014-07-01,All India,6.85820203892492,percent YoY growth,monthly,Index of Industrial Production (1).xlsx,
industry,IIP use-based,Consumer Non-Durables,2014-08-01,All India,1.59027128157155,percent YoY growth,monthly,Index of Industrial Production (1).xlsx,
industry,IIP use-based,Consumer Non-Durables,2014-09-01,All India,1.88323917137476,percent YoY growth,monthly,Index of Industrial Production (1).xlsx,
industry,IIP use-based,Consumer Non-Durables,2014-10-01,All India,-5.73308270676693,percent YoY growth,monthly,Index of Industrial Production (1).xlsx,
industry,IIP use-based,Consumer Non-Durables,2014-11-01,All India,8.20312499999999,percent YoY growth,monthly,Index of Industrial Production (1).xlsx,
industry,IIP use-based,Consumer Non-Durables,2014-12-01,All India,4.51882845188285,percent YoY growth,monthly,Index of Industrial Production (1).xlsx,
industry,IIP use-based,Consumer Non-Durables,2015-01-01,All India,3.47457627118644,percent YoY growth,monthly,Index of Industrial Production (1).xlsx,
industry,IIP use-based,Consumer Non-Durables,2015-02-01,All India,9.62230215827338,percent YoY growth,monthly,Index of Industrial Production (1).xlsx,
industry,IIP use-based,Consumer Non-Durables,2015-03-01,All India,7.57201646090534,percent YoY growth,monthly,Index of Industrial Production (1).xlsx,
industry,IIP use-based,Consumer Non-Durables,2015-04-01,All India,5.69029850746268,percent YoY growth,monthly,Index of Industrial Production (1).xlsx,
industry,IIP use-based,Consumer Non-Durables,2015-05-01,All India,4.15162454873647,percent YoY growth,monthly,Index of Industrial Production (1).xlsx,
industry,IIP use-based,Consumer Non-Durables,2015-06-01,All India,-0.0909918107370414,percent YoY growth,monthly,Index of Industrial Production (1).xlsx,
industry,IIP use-based,Consumer Non-Durables,2015-07-01,All India,-6.59150043365134,percent YoY growth,monthly,Index of Industrial Production (1).xlsx,
industry,IIP use-based,Consumer Non-Durables,2015-08-01,All India,1.47329650092082,percent YoY growth,monthly,Index of Industrial Production (1).xlsx,
industry,IIP use-based,Consumer Non-Durables,2015-09-01,All India,1.57116451016636,percent YoY growth,monthly,Index of Industrial Production (1).xlsx,
industry,IIP use-based,Consumer Non-Durables,2015-10-01,All India,15.2542372881356,percent YoY growth,monthly,Index of Industrial Production (1).xlsx,
industry,IIP use-based,Consumer Non-Durables,2015-11-01,All India,5.32490974729242,percent YoY growth,monthly,Index of Industrial Production (1).xlsx,
industry,IIP use-based,Consumer Non-Durables,2015-12-01,All India,5.36429143314651,percent YoY growth,monthly,Index of Industrial Production (1).xlsx,
industry,IIP use-based,Consumer Non-Durables,2016-01-01,All India,3.52170352170353,percent YoY growth,monthly,Index of Industrial Production (1).xlsx,
industry,IIP use-based,Consumer Non-Durables,2016-02-01,All India,1.39458572600491,percent YoY growth,monthly,Index of Industrial Production (1).xlsx,
industry,IIP use-based,Consumer Non-Durables,2016-03-01,All India,-3.67253251721498,percent YoY growth,monthly,Index of Industrial Production (1).xlsx,
industry,IIP use-based,Consumer Non-Durables,2016-04-01,All India,0.176522506619597,percent YoY growth,monthly,Index of Industrial Production (1).xlsx,
industry,IIP use-based,Consumer Non-Durables,2016-05-01,All India,11.265164644714,percent YoY growth,monthly,Index of Industrial Production (1).xlsx,
industry,IIP use-based,Consumer Non-Durables,2016-06-01,All India,11.384335154827,percent YoY growth,monthly,Index of Industrial Production (1).xlsx,
industry,IIP use-based,Consumer Non-Durables,2016-07-01,All India,14.4846796657382,percent YoY growth,monthly,Index of Industrial Production (1).xlsx,
industry,IIP use-based,Consumer Non-Durables,2016-08-01,All India,11.2522686025408,percent YoY growth,monthly,Index of Industrial Production (1).xlsx,
industry,IIP use-based,Consumer Non-Durables,2016-09-01,All India,12.7388535031847,percent YoY growth,monthly,Index of Industrial Production (1).xlsx,
industry,IIP use-based,Consumer Non-Durables,2016-10-01,All India,5.62283737024221,percent YoY growth,monthly,Index of Industrial Production (1).xlsx,
industry,IIP use-based,Consumer Non-Durables,2016-11-01,All India,3.25621251071122,percent YoY growth,monthly,Index of Industrial Production (1).xlsx,
industry,IIP use-based,Consumer Non-Durables,2016-12-01,All India,-0.227963525835853,percent YoY growth,monthly,Index of Industrial Production (1).xlsx,
industry,IIP use-based,Consumer Non-Durables,2017-01-01,All India,9.57278481012658,percent YoY growth,monthly,Index of Industrial Production (1).xlsx,
industry,IIP use-based,Consumer Non-Durables,2017-02-01,All India,10.4368932038835,percent YoY growth,monthly,Index of Industrial Production (1).xlsx,
industry,IIP use-based,Consumer Non-Durables,2017-03-01,All India,7.54567116759333,percent YoY growth,monthly,Index of Industrial Production (1).xlsx,
industry,IIP use-based,Consumer Non-Durables,2017-04-01,All India,8.81057268722467,percent YoY growth,monthly,Index of Industrial Production (1).xlsx,
industry,IIP use-based,Consumer Non-Durables,2017-05-01,All India,9.73520249221184,percent YoY growth,monthly,Index of Industrial Production (1).xlsx,
industry,IIP use-based,Consumer Non-Durables,2017-06-01,All India,4.82420278004905,percent YoY growth,monthly,Index of Industrial Production (1).xlsx,
industry,IIP use-based,Consumer Non-Durables,2017-07-01,All India,4.05515004055151,percent YoY growth,monthly,Index of Industrial Production (1).xlsx,
industry,IIP use-based,Consumer Non-Durables,2017-08-01,All India,7.17781402936379,percent YoY growth,monthly,Index of Industrial Production (1).xlsx,
industry,IIP use-based,Consumer Non-Durables,2017-09-01,All India,10.4923325262308,percent YoY growth,monthly,Index of Industrial Production (1).xlsx,
industry,IIP use-based,Consumer Non-Durables,2017-10-01,All India,8.19000819000819,percent YoY growth,monthly,Index of Industrial Production (1).xlsx,
industry,IIP use-based,Consumer Non-Durables,2017-11-01,All India,23.7344398340249,percent YoY growth,monthly,Index of Industrial Production (1).xlsx,
industry,IIP use-based,Consumer Non-Durables,2017-12-01,All India,16.8316831683168,percent YoY growth,monthly,Index of Industrial Production (1).xlsx,
industry,IIP use-based,Consumer Non-Durables,2018-01-01,All India,10.6859205776173,percent YoY growth,monthly,Index of Industrial Production (1).xlsx,
industry,IIP use-based,Consumer Non-Durables,2018-02-01,All India,7.3992673992674,percent YoY growth,monthly,Index of Industrial Production (1).xlsx,
industry,IIP use-based,Consumer Non-Durables,2018-03-01,All India,14.1063515509601,percent YoY growth,monthly,Index of Industrial Production (1).xlsx,
industry,IIP use-based,Consumer Non-Durables,2018-04-01,All India,7.53036437246965,percent YoY growth,monthly,Index of Industrial Production (1).xlsx,
industry,IIP use-based,Consumer Non-Durables,2018-05-01,All India,-1.63236337828248,percent YoY growth,monthly,Index of Industrial Production (1).xlsx,
industry,IIP use-based,Consumer Non-Durables,2018-06-01,All India,0.234009360374424,percent YoY growth,monthly,Index of Industrial Production (1).xlsx,
industry,IIP use-based,Consumer Non-Durables,2018-07-01,All India,5.30007794232267,percent YoY growth,monthly,Index of Industrial Production (1).xlsx,
industry,IIP use-based,Consumer Non-Durables,2018-08-01,All India,6.54490106544901,percent YoY growth,monthly,Index of Industrial Production (1).xlsx,
industry,IIP use-based,Consumer Non-Durables,2018-09-01,All India,6.35500365230094,percent YoY growth,monthly,Index of Industrial Production (1).xlsx,
industry,IIP use-based,Consumer Non-Durables,2018-10-01,All India,8.554125662377,percent YoY growth,monthly,Index of Industrial Production (1).xlsx,
industry,IIP use-based,Consumer Non-Durables,2018-11-01,All India,-0.335345405767941,percent YoY growth,monthly,Index of Industrial Production (1).xlsx,
industry,IIP use-based,Consumer Non-Durables,2018-12-01,All India,6.51890482398957,percent YoY growth,monthly,Index of Industrial Production (1).xlsx,
industry,IIP use-based,Consumer Non-Durables,2019-01-01,All India,3.84866275277233,percent YoY growth,monthly,Index of Industrial Production (1).xlsx,
industry,IIP use-based,Consumer Non-Durables,2019-02-01,All India,4.97953615279673,percent YoY growth,monthly,Index of Industrial Production (1).xlsx,
industry,IIP use-based,Consumer Non-Durables,2019-03-01,All India,1.35922330097087,percent YoY growth,monthly,Index of Industrial Production (1).xlsx,
industry,IIP use-based,Consumer Non-Durables,2019-04-01,All India,5.42168674698794,percent YoY growth,monthly,Index of Industrial Production (1).xlsx,
industry,IIP use-based,Consumer Non-Durables,2019-05-01,All India,8.08080808080809,percent YoY growth,monthly,Index of Industrial Production (1).xlsx,
industry,IIP use-based,Consumer Non-Durables,2019-06-01,All India,7.39299610894942,percent YoY growth,monthly,Index of Industrial Production (1).xlsx,
industry,IIP use-based,Consumer Non-Durables,2019-07-01,All India,8.51221317542561,percent YoY growth,monthly,Index of Industrial Production (1).xlsx,
industry,IIP use-based,Consumer Non-Durables,2019-08-01,All India,3.14285714285715,percent YoY growth,monthly,Index of Industrial Production (1).xlsx,
industry,IIP use-based,Consumer Non-Durables,2019-09-01,All India,-1.0989010989011,percent YoY growth,monthly,Index of Industrial Production (1).xlsx,
industry,IIP use-based,Consumer Non-Durables,2019-10-01,All India,-3.34728033472804,percent YoY growth,monthly,Index of Industrial Production (1).xlsx,
industry,IIP use-based,Consumer Non-Durables,2019-11-01,All India,1.07671601615074,percent YoY growth,monthly,Index of Industrial Production (1).xlsx,
industry,IIP use-based,Consumer Non-Durables,2019-12-01,All India,-3.2435740514076,percent YoY growth,monthly,Index of Industrial Production (1).xlsx,
industry,IIP use-based,Consumer Non-Durables,2020-01-01,All India,-0.565326633165815,percent YoY growth,monthly,Index of Industrial Production (1).xlsx,
industry,IIP use-based,Consumer Non-Durables,2020-02-01,All India,-0.324886289798571,percent YoY growth,monthly,Index of Industrial Production (1).xlsx,
industry,IIP use-based,Consumer Non-Durables,2020-03-01,All India,-22.2860791826309,percent YoY growth,monthly,Index of Industrial Production (1).xlsx,
industry,IIP use-based,Consumer Non-Durables,2020-04-01,All India,-48.0714285714286,percent YoY growth,monthly,Index of Industrial Production (1).xlsx,
industry,IIP use-based,Consumer Non-Durables,2020-05-01,All India,-9.67957276368491,percent YoY growth,monthly,Index of Industrial Production (1).xlsx,
industry,IIP use-based,Consumer Non-Durables,2020-06-01,All India,6.88405797101449,percent YoY growth,monthly,Index of Industrial Production (1).xlsx,
industry,IIP use-based,Consumer Non-Durables,2020-07-01,All India,1.84174624829469,percent YoY growth,monthly,Index of Industrial Production (1).xlsx,
industry,IIP use-based,Consumer Non-Durables,2020-08-01,All India,-3.04709141274239,percent YoY growth,monthly,Index of Industrial Production (1).xlsx,
industry,IIP use-based,Consumer Non-Durables,2020-09-01,All India,2.36111111111112,percent YoY growth,monthly,Index of Industrial Production (1).xlsx,
industry,IIP use-based,Consumer Non-Durables,2020-10-01,All India,7.28715728715728,percent YoY growth,monthly,Index of Industrial Production (1).xlsx,
industry,IIP use-based,Consumer Non-Durables,2020-11-01,All India,-0.732356857523299,percent YoY growth,monthly,Index of Industrial Production (1).xlsx,
industry,IIP use-based,Consumer Non-Durables,2020-12-01,All India,1.89753320683112,percent YoY growth,monthly,Index of Industrial Production (1).xlsx,
industry,IIP use-based,Consumer Non-Durables,2021-01-01,All India,-5.36955148452306,percent YoY growth,monthly,Index of Industrial Production (1).xlsx,
industry,IIP use-based,Consumer Non-Durables,2021-02-01,All India,-3.78096479791396,percent YoY growth,monthly,Index of Industrial Production (1).xlsx,
industry,IIP use-based,Consumer Non-Durables,2021-03-01,All India,29.1700903861956,percent YoY growth,monthly,Index of Industrial Production (1).xlsx,
industry,IIP use-based,Consumer Non-Durables,2021-05-01,All India,0.22172949002216,percent YoY growth,monthly,Index of Industrial Production (1).xlsx,
industry,IIP use-based,Consumer Non-Durables,2021-06-01,All India,-3.86440677966101,percent YoY growth,monthly,Index of Industrial Production (1).xlsx,
industry,IIP use-based,Consumer Non-Durables,2021-07-01,All India,-2.27729403884796,percent YoY growth,monthly,Index of Industrial Production (1).xlsx,
industry,IIP use-based,Consumer Non-Durables,2021-08-01,All India,5.92857142857144,percent YoY growth,monthly,Index of Industrial Production (1).xlsx,
industry,IIP use-based,Consumer Non-Durables,2021-09-01,All India,-0.0678426051560341,percent YoY growth,monthly,Index of Industrial Production (1).xlsx,
industry,IIP use-based,Consumer Non-Durables,2021-10-01,All India,0.672494956287828,percent YoY growth,monthly,Index of Industrial Production (1).xlsx,
industry,IIP use-based,Consumer Non-Durables,2021-11-01,All India,-0.804828973843051,percent YoY growth,monthly,Index of Industrial Production (1).xlsx,
industry,IIP use-based,Consumer Non-Durables,2021-12-01,All India,0.310366232153942,percent YoY growth,monthly,Index of Industrial Production (1).xlsx,
industry,IIP use-based,Consumer Non-Durables,2022-01-01,All India,3.07076101468624,percent YoY growth,monthly,Index of Industrial Production (1).xlsx,
industry,IIP use-based,Consumer Non-Durables,2022-02-01,All India,-6.77506775067751,percent YoY growth,monthly,Index of Industrial Production (1).xlsx,
industry,IIP use-based,Consumer Non-Durables,2022-03-01,All India,-4.38931297709922,percent YoY growth,monthly,Index of Industrial Production (1).xlsx,
industry,IIP use-based,Consumer Non-Durables,2022-04-01,All India,-0.785714285714282,percent YoY growth,monthly,Index of Industrial Production (1).xlsx,
industry,IIP use-based,Consumer Non-Durables,2022-05-01,All India,1.40117994100295,percent YoY growth,monthly,Index of Industrial Production (1).xlsx,
industry,IIP use-based,Consumer Non-Durables,2022-06-01,All India,2.89139633286318,percent YoY growth,monthly,Index of Industrial Production (1).xlsx,
industry,IIP use-based,Consumer Non-Durables,2022-07-01,All India,-2.87868403015765,percent YoY growth,monthly,Index of Industrial Production (1).xlsx,
industry,IIP use-based,Consumer Non-Durables,2022-08-01,All India,-9.03573836817263,percent YoY growth,monthly,Index of Industrial Production (1).xlsx,
industry,IIP use-based,Consumer Non-Durables,2022-09-01,All India,-5.70264765784114,percent YoY growth,monthly,Index of Industrial Production (1).xlsx,
industry,IIP use-based,Consumer Non-Durables,2022-10-01,All India,-12.9592518370073,percent YoY growth,monthly,Index of Industrial Production (1).xlsx,
industry,IIP use-based,Consumer Non-Durables,2022-11-01,All India,10.0067613252197,percent YoY growth,monthly,Index of Industrial Production (1).xlsx,
industry,IIP use-based,Consumer Non-Durables,2022-12-01,All India,7.92079207920793,percent YoY growth,monthly,Index of Industrial Production (1).xlsx,
industry,IIP use-based,Consumer Non-Durables,2023-01-01,All India,6.47668393782383,percent YoY growth,monthly,Index of Industrial Production (1).xlsx,
industry,IIP use-based,Consumer Non-Durables,2023-02-01,All India,12.5,percent YoY growth,monthly,Index of Industrial Production (1).xlsx,
industry,IIP use-based,Consumer Non-Durables,2023-03-01,All India,-1.86294078509648,percent YoY growth,monthly,Index of Industrial Production (1).xlsx,
industry,IIP use-based,Consumer Non-Durables,2023-04-01,All India,11.3750899928006,percent YoY growth,monthly,Index of Industrial Production (1).xlsx,
industry,IIP use-based,Consumer Non-Durables,2023-05-01,All India,8.94545454545455,percent YoY growth,monthly,Index of Industrial Production (1).xlsx,
industry,IIP use-based,Consumer Non-Durables,2023-06-01,All India,0.548320767649063,percent YoY growth,monthly,Index of Industrial Production (1).xlsx,
industry,IIP use-based,Consumer Non-Durables,2023-07-01,All India,8.32745236414962,percent YoY growth,monthly,Index of Industrial Production (1).xlsx,
industry,IIP use-based,Consumer Non-Durables,2023-08-01,All India,9.93328391401038,percent YoY growth,monthly,Index of Industrial Production (1).xlsx,
industry,IIP use-based,Consumer Non-Durables,2023-09-01,All India,2.66378689704823,percent YoY growth,monthly,Index of Industrial Production (1).xlsx,
industry,IIP use-based,Consumer Non-Durables,2023-10-01,All India,9.28626247122025,percent YoY growth,monthly,Index of Industrial Production (1).xlsx,
industry,IIP use-based,Consumer Non-Durables,2023-11-01,All India,-3.38045482483098,percent YoY growth,monthly,Index of Industrial Production (1).xlsx,
industry,IIP use-based,Consumer Non-Durables,2023-12-01,All India,3.03899082568806,percent YoY growth,monthly,Index of Industrial Production (1).xlsx,
industry,IIP use-based,Consumer Non-Durables,2024-01-01,All India,0.304136253041363,percent YoY growth,monthly,Index of Industrial Production (1).xlsx,
industry,IIP use-based,Consumer Non-Durables,2024-02-01,All India,-3.16537467700259,percent YoY growth,monthly,Index of Industrial Production (1).xlsx,
industry,IIP use-based,Consumer Non-Durables,2024-03-01,All India,5.22033898305084,percent YoY growth,monthly,Index of Industrial Production (1).xlsx,
industry,IIP use-based,Consumer Non-Durables,2024-04-01,All India,-2.4563671622495,percent YoY growth,monthly,Index of Industrial Production (1).xlsx,
industry,IIP use-based,Consumer Non-Durables,2024-05-01,All India,2.803738317757,percent YoY growth,monthly,Index of Industrial Production (1).xlsx,
industry,IIP use-based,Consumer Non-Durables,2024-06-01,All India,-1.02249488752556,percent YoY growth,monthly,Index of Industrial Production (1).xlsx,
industry,IIP use-based,Consumer Non-Durables,2024-07-01,All India,-4.16938110749186,percent YoY growth,monthly,Index of Industrial Production (1).xlsx,
industry,IIP use-based,Consumer Non-Durables,2024-08-01,All India,-4.38300741739717,percent YoY growth,monthly,Index of Industrial Production (1).xlsx,
industry,IIP use-based,Consumer Non-Durables,2024-09-01,All India,2.17391304347826,percent YoY growth,monthly,Index of Industrial Production (1).xlsx,
industry,IIP use-based,Consumer Non-Durables,2024-10-01,All India,2.80898876404494,percent YoY growth,monthly,Index of Industrial Production (1).xlsx,
industry,IIP use-based,Consumer Non-Durables,2024-11-01,All India,0.572519083969469,percent YoY growth,monthly,Index of Industrial Production (1).xlsx,
industry,IIP use-based,Consumer Non-Durables,2024-12-01,All India,-7.12298274902615,percent YoY growth,monthly,Index of Industrial Production (1).xlsx,
industry,IIP use-based,Consumer Non-Durables,2025-01-01,All India,0.121285627653116,percent YoY growth,monthly,Index of Industrial Production (1).xlsx,
industry,IIP use-based,Consumer Non-Durables,2025-02-01,All India,-2.13475650433624,percent YoY growth,monthly,Index of Industrial Production (1).xlsx,
industry,IIP use-based,Consumer Non-Durables,2025-03-01,All India,-3.99484536082474,percent YoY growth,monthly,Index of Industrial Production (1).xlsx,
industry,IIP use-based,Consumer Non-Durables,2025-04-01,All India,-2.65076209410205,percent YoY growth,monthly,Index of Industrial Production (1).xlsx,
industry,IIP use-based,Consumer Non-Durables,2025-05-01,All India,-0.974025974025974,percent YoY growth,monthly,Index of Industrial Production (1).xlsx,
industry,IIP use-based,Consumer Non-Durables,2025-06-01,All India,-0.895316804407702,percent YoY growth,monthly,Index of Industrial Production (1).xlsx,
industry,IIP use-based,Consumer Non-Durables,2025-07-01,All India,0.543847722637669,percent YoY growth,monthly,Index of Industrial Production (1).xlsx,
industry,IIP use-based,Consumer Non-Durables,2025-08-01,All India,-6.41748942172075,percent YoY growth,monthly,Index of Industrial Production (1).xlsx,
industry,IIP use-based,Consumer Non-Durables,2025-09-01,All India,-0.343170899107756,percent YoY growth,monthly,Index of Industrial Production (1).xlsx,
industry,IIP use-based,Consumer Non-Durables,2025-10-01,All India,-5.19125683060109,percent YoY growth,monthly,Index of Industrial Production (1).xlsx,
industry,IIP use-based,Consumer Non-Durables,2025-11-01,All India,8.03289057558508,percent YoY growth,monthly,Index of Industrial Production (1).xlsx,
industry,IIP use-based,Consumer Non-Durables,2025-12-01,All India,8.5080886758538,percent YoY growth,monthly,Index of Industrial Production (1).xlsx,
industry,IIP use-based,Consumer Non-Durables,2026-01-01,All India,-2.3016353725015,percent YoY growth,monthly,Index of Industrial Production (1).xlsx,
industry,IIP use-based,Consumer Non-Durables,2026-02-01,All India,-0.477164280845255,percent YoY growth,monthly,Index of Industrial Production (1).xlsx,
industry,IIP use-based,Consumer Non-Durables,2026-03-01,All India,1.0738255033557,percent YoY growth,monthly,Index of Industrial Production (1).xlsx,
industry,IIP use-based,Electricity,2013-04-01,All India,3.49514563106796,percent YoY growth,monthly,Index of Industrial Production (1).xlsx,
industry,IIP use-based,Electricity,2013-05-01,All India,6.16375344986201,percent YoY growth,monthly,Index of Industrial Production (1).xlsx,
industry,IIP use-based,Electricity,2013-06-01,All India,0.0,percent YoY growth,monthly,Index of Industrial Production (1).xlsx,
industry,IIP use-based,Electricity,2013-07-01,All India,5.25812619502868,percent YoY growth,monthly,Index of Industrial Production (1).xlsx,
industry,IIP use-based,Electricity,2013-08-01,All India,7.16388616290481,percent YoY growth,monthly,Index of Industrial Production (1).xlsx,
industry,IIP use-based,Electricity,2013-09-01,All India,12.7617148554337,percent YoY growth,monthly,Index of Industrial Production (1).xlsx,
industry,IIP use-based,Electricity,2013-10-01,All India,1.30232558139535,percent YoY growth,monthly,Index of Industrial Production (1).xlsx,
industry,IIP use-based,Electricity,2013-11-01,All India,6.312625250501,percent YoY growth,monthly,Index of Industrial Production (1).xlsx,
industry,IIP use-based,Electricity,2013-12-01,All India,7.67772511848341,percent YoY growth,monthly,Index of Industrial Production (1).xlsx,
industry,IIP use-based,Electricity,2014-01-01,All India,6.50557620817844,percent YoY growth,monthly,Index of Industrial Production (1).xlsx,
industry,IIP use-based,Electricity,2014-02-01,All India,11.4771519659936,percent YoY growth,monthly,Index of Industrial Production (1).xlsx,
industry,IIP use-based,Electricity,2014-03-01,All India,5.36851683348498,percent YoY growth,monthly,Index of Industrial Production (1).xlsx,
industry,IIP use-based,Electricity,2014-04-01,All India,16.6041275797373,percent YoY growth,monthly,Index of Industrial Production (1).xlsx,
industry,IIP use-based,Electricity,2014-05-01,All India,11.4384748700173,percent YoY growth,monthly,Index of Industrial Production (1).xlsx,
industry,IIP use-based,Electricity,2014-06-01,All India,24.2626070409134,percent YoY growth,monthly,Index of Industrial Production (1).xlsx,
industry,IIP use-based,Electricity,2014-07-01,All India,21.7983651226158,percent YoY growth,monthly,Index of Industrial Production (1).xlsx,
industry,IIP use-based,Electricity,2014-08-01,All India,21.8864468864469,percent YoY growth,monthly,Index of Industrial Production (1).xlsx,
industry,IIP use-based,Electricity,2014-09-01,All India,10.8753315649867,percent YoY growth,monthly,Index of Industrial Production (1).xlsx,
industry,IIP use-based,Electricity,2014-10-01,All India,19.4674012855831,percent YoY growth,monthly,Index of Industrial Production (1).xlsx,
industry,IIP use-based,Electricity,2014-11-01,All India,14.8916116870877,percent YoY growth,monthly,Index of Industrial Production (1).xlsx,
industry,IIP use-based,Electricity,2014-12-01,All India,10.2112676056338,percent YoY growth,monthly,Index of Industrial Production (1).xlsx,
industry,IIP use-based,Electricity,2015-01-01,All India,8.55148342059338,percent YoY growth,monthly,Index of Industrial Production (1).xlsx,
industry,IIP use-based,Electricity,2015-02-01,All India,11.9161105815062,percent YoY growth,monthly,Index of Industrial Production (1).xlsx,
industry,IIP use-based,Electricity,2015-03-01,All India,7.51295336787565,percent YoY growth,monthly,Index of Industrial Production (1).xlsx,
industry,IIP use-based,Electricity,2015-04-01,All India,0.482703137570401,percent YoY growth,monthly,Index of Industrial Production (1).xlsx,
industry,IIP use-based,Electricity,2015-05-01,All India,6.99844479004666,percent YoY growth,monthly,Index of Industrial Production (1).xlsx,
industry,IIP use-based,Electricity,2015-06-01,All India,0.612557427258814,percent YoY growth,monthly,Index of Industrial Production (1).xlsx,
industry,IIP use-based,Electricity,2015-07-01,All India,4.10141685309471,percent YoY growth,monthly,Index of Industrial Production (1).xlsx,
industry,IIP use-based,Electricity,2015-08-01,All India,5.55972952667168,percent YoY growth,monthly,Index of Industrial Production (1).xlsx,
industry,IIP use-based,Electricity,2015-09-01,All India,10.4465709728868,percent YoY growth,monthly,Index of Industrial Production (1).xlsx,
industry,IIP use-based,Electricity,2015-10-01,All India,8.30130668716373,percent YoY growth,monthly,Index of Industrial Production (1).xlsx,
industry,IIP use-based,Electricity,2015-11-01,All India,1.06644790812141,percent YoY growth,monthly,Index of Industrial Production (1).xlsx,
industry,IIP use-based,Electricity,2015-12-01,All India,3.43450479233227,percent YoY growth,monthly,Index of Industrial Production (1).xlsx,
industry,IIP use-based,Electricity,2016-01-01,All India,6.18971061093247,percent YoY growth,monthly,Index of Industrial Production (1).xlsx,
industry,IIP use-based,Electricity,2016-02-01,All India,9.54003407155025,percent YoY growth,monthly,Index of Industrial Production (1).xlsx,
industry,IIP use-based,Electricity,2016-03-01,All India,11.8875502008032,percent YoY growth,monthly,Index of Industrial Production (1).xlsx,
industry,IIP use-based,Electricity,2016-04-01,All India,14.4115292233787,percent YoY growth,monthly,Index of Industrial Production (1).xlsx,
industry,IIP use-based,Electricity,2016-05-01,All India,6.1046511627907,percent YoY growth,monthly,Index of Industrial Production (1).xlsx,
industry,IIP use-based,Electricity,2016-06-01,All India,9.81735159817352,percent YoY growth,monthly,Index of Industrial Production (1).xlsx,
industry,IIP use-based,Electricity,2016-07-01,All India,2.07736389684814,percent YoY growth,monthly,Index of Industrial Production (1).xlsx,
industry,IIP use-based,Electricity,2016-08-01,All India,2.13523131672598,percent YoY growth,monthly,Index of Industrial Production (1).xlsx,
industry,IIP use-based,Electricity,2016-09-01,All India,5.12635379061371,percent YoY growth,monthly,Index of Industrial Production (1).xlsx,
industry,IIP use-based,Electricity,2016-10-01,All India,2.98083747338537,percent YoY growth,monthly,Index of Industrial Production (1).xlsx,
industry,IIP use-based,Electricity,2016-11-01,All India,9.49675324675325,percent YoY growth,monthly,Index of Industrial Production (1).xlsx,
industry,IIP use-based,Electricity,2016-12-01,All India,6.40926640926642,percent YoY growth,monthly,Index of Industrial Production (1).xlsx,
industry,IIP use-based,Electricity,2017-01-01,All India,5.14761544284634,percent YoY growth,monthly,Index of Industrial Production (1).xlsx,
industry,IIP use-based,Electricity,2017-02-01,All India,1.24416796267496,percent YoY growth,monthly,Index of Industrial Production (1).xlsx,
industry,IIP use-based,Electricity,2017-03-01,All India,6.17372577171572,percent YoY growth,monthly,Index of Industrial Production (1).xlsx,
industry,IIP use-based,Electricity,2017-04-01,All India,5.38838348495451,percent YoY growth,monthly,Index of Industrial Production (1).xlsx,
industry,IIP use-based,Electricity,2017-05-01,All India,8.28767123287671,percent YoY growth,monthly,Index of Industrial Production (1).xlsx,
industry,IIP use-based,Electricity,2017-06-01,All India,2.14830214830214,percent YoY growth,monthly,Index of Industrial Production (1).xlsx,
industry,IIP use-based,Electricity,2017-07-01,All India,6.59649122807018,percent YoY growth,monthly,Index of Industrial Production (1).xlsx,
industry,IIP use-based,Electricity,2017-08-01,All India,8.29268292682927,percent YoY growth,monthly,Index of Industrial Production (1).xlsx,
industry,IIP use-based,Electricity,2017-09-01,All India,3.36538461538462,percent YoY growth,monthly,Index of Industrial Production (1).xlsx,
industry,IIP use-based,Electricity,2017-10-01,All India,3.23914541695384,percent YoY growth,monthly,Index of Industrial Production (1).xlsx,
industry,IIP use-based,Electricity,2017-11-01,All India,3.85470719051148,percent YoY growth,monthly,Index of Industrial Production (1).xlsx,
industry,IIP use-based,Electricity,2017-12-01,All India,4.42670537010159,percent YoY growth,monthly,Index of Industrial Production (1).xlsx,
industry,IIP use-based,Electricity,2018-01-01,All India,7.63138948884089,percent YoY growth,monthly,Index of Industrial Production (1).xlsx,
industry,IIP use-based,Electricity,2018-02-01,All India,4.53149001536099,percent YoY growth,monthly,Index of Industrial Production (1).xlsx,
industry,IIP use-based,Electricity,2018-03-01,All India,5.94996619337389,percent YoY growth,monthly,Index of Industrial Production (1).xlsx,
industry,IIP use-based,Electricity,2018-04-01,All India,2.05843293492696,percent YoY growth,monthly,Index of Industrial Production (1).xlsx,
industry,IIP use-based,Electricity,2018-05-01,All India,4.17457305502846,percent YoY growth,monthly,Index of Industrial Production (1).xlsx,
industry,IIP use-based,Electricity,2018-06-01,All India,8.48032564450475,percent YoY growth,monthly,Index of Industrial Production (1).xlsx,
industry,IIP use-based,Electricity,2018-07-01,All India,6.64911125740619,percent YoY growth,monthly,Index of Industrial Production (1).xlsx,
industry,IIP use-based,Electricity,2018-08-01,All India,7.59330759330758,percent YoY growth,monthly,Index of Industrial Production (1).xlsx,
industry,IIP use-based,Electricity,2018-09-01,All India,8.23920265780731,percent YoY growth,monthly,Index of Industrial Production (1).xlsx,
industry,IIP use-based,Electricity,2018-10-01,All India,10.8144192256342,percent YoY growth,monthly,Index of Industrial Production (1).xlsx,
industry,IIP use-based,Electricity,2018-11-01,All India,5.13918629550322,percent YoY growth,monthly,Index of Industrial Production (1).xlsx,
industry,IIP use-based,Electricity,2018-12-01,All India,4.51702571230021,percent YoY growth,monthly,Index of Industrial Production (1).xlsx,
industry,IIP use-based,Electricity,2019-01-01,All India,0.936454849498332,percent YoY growth,monthly,Index of Industrial Production (1).xlsx,
industry,IIP use-based,Electricity,2019-02-01,All India,1.32255694342396,percent YoY growth,monthly,Index of Industrial Production (1).xlsx,
industry,IIP use-based,Electricity,2019-03-01,All India,2.16975111678367,percent YoY growth,monthly,Index of Industrial Production (1).xlsx,
industry,IIP use-based,Electricity,2019-04-01,All India,5.98568640208199,percent YoY growth,monthly,Index of Industrial Production (1).xlsx,
industry,IIP use-based,Electricity,2019-05-01,All India,7.40740740740742,percent YoY growth,monthly,Index of Industrial Production (1).xlsx,
industry,IIP use-based,Electricity,2019-06-01,All India,8.56785490931832,percent YoY growth,monthly,Index of Industrial Production (1).xlsx,
industry,IIP use-based,Electricity,2019-07-01,All India,5.24691358024691,percent YoY growth,monthly,Index of Industrial Production (1).xlsx,
industry,IIP use-based,Electricity,2019-08-01,All India,-0.897129186602871,percent YoY growth,monthly,Index of Industrial Production (1).xlsx,
industry,IIP use-based,Electricity,2019-09-01,All India,-2.57826887661143,percent YoY growth,monthly,Index of Industrial Production (1).xlsx,
industry,IIP use-based,Electricity,2019-10-01,All India,-12.1686746987952,percent YoY growth,monthly,Index of Industrial Production (1).xlsx,
industry,IIP use-based,Electricity,2019-11-01,All India,-5.02376103190767,percent YoY growth,monthly,Index of Industrial Production (1).xlsx,
industry,IIP use-based,Electricity,2019-12-01,All India,-0.0664893617021239,percent YoY growth,monthly,Index of Industrial Production (1).xlsx,
industry,IIP use-based,Electricity,2020-01-01,All India,3.11464546056991,percent YoY growth,monthly,Index of Industrial Production (1).xlsx,
industry,IIP use-based,Electricity,2020-02-01,All India,11.4575779550399,percent YoY growth,monthly,Index of Industrial Production (1).xlsx,
industry,IIP use-based,Electricity,2020-03-01,All India,-8.24484697064334,percent YoY growth,monthly,Index of Industrial Production (1).xlsx,
industry,IIP use-based,Electricity,2020-04-01,All India,-22.8974831184776,percent YoY growth,monthly,Index of Industrial Production (1).xlsx,
industry,IIP use-based,Electricity,2020-05-01,All India,-14.8671565856416,percent YoY growth,monthly,Index of Industrial Production (1).xlsx,
industry,IIP use-based,Electricity,2020-06-01,All India,-10.0230414746544,percent YoY growth,monthly,Index of Industrial Production (1).xlsx,
industry,IIP use-based,Electricity,2020-07-01,All India,-2.46334310850439,percent YoY growth,monthly,Index of Industrial Production (1).xlsx,
industry,IIP use-based,Electricity,2020-08-01,All India,-1.81050090525045,percent YoY growth,monthly,Index of Industrial Production (1).xlsx,
industry,IIP use-based,Electricity,2020-09-01,All India,4.85192186515439,percent YoY growth,monthly,Index of Industrial Production (1).xlsx,
industry,IIP use-based,Electricity,2020-10-01,All India,11.2482853223594,percent YoY growth,monthly,Index of Industrial Production (1).xlsx,
industry,IIP use-based,Electricity,2020-11-01,All India,3.50250178699071,percent YoY growth,monthly,Index of Industrial Production (1).xlsx,
industry,IIP use-based,Electricity,2020-12-01,All India,5.12308715901529,percent YoY growth,monthly,Index of Industrial Production (1).xlsx,
industry,IIP use-based,Electricity,2021-01-01,All India,5.52699228791773,percent YoY growth,monthly,Index of Industrial Production (1).xlsx,
industry,IIP use-based,Electricity,2021-02-01,All India,0.130123617436576,percent YoY growth,monthly,Index of Industrial Production (1).xlsx,
industry,IIP use-based,Electricity,2021-03-01,All India,22.5323349217154,percent YoY growth,monthly,Index of Industrial Production (1).xlsx,
industry,IIP use-based,Electricity,2021-05-01,All India,7.50332005312086,percent YoY growth,monthly,Index of Industrial Production (1).xlsx,
industry,IIP use-based,Electricity,2021-06-01,All India,8.25864276568502,percent YoY growth,monthly,Index of Industrial Production (1).xlsx,
industry,IIP use-based,Electricity,2021-07-01,All India,11.0643415514131,percent YoY growth,monthly,Index of Industrial Production (1).xlsx,
industry,IIP use-based,Electricity,2021-08-01,All India,15.980331899201,percent YoY growth,monthly,Index of Industrial Production (1).xlsx,
industry,IIP use-based,Electricity,2021-09-01,All India,0.901442307692308,percent YoY growth,monthly,Index of Industrial Production (1).xlsx,
industry,IIP use-based,Electricity,2021-10-01,All India,3.14426633785452,percent YoY growth,monthly,Index of Industrial Production (1).xlsx,
industry,IIP use-based,Electricity,2021-11-01,All India,2.14088397790055,percent YoY growth,monthly,Index of Industrial Production (1).xlsx,
industry,IIP use-based,Electricity,2021-12-01,All India,2.84810126582279,percent YoY growth,monthly,Index of Industrial Production (1).xlsx,
industry,IIP use-based,Electricity,2022-01-01,All India,0.852618757612671,percent YoY growth,monthly,Index of Industrial Production (1).xlsx,
industry,IIP use-based,Electricity,2022-02-01,All India,4.48343079922028,percent YoY growth,monthly,Index of Industrial Production (1).xlsx,
industry,IIP use-based,Electricity,2022-03-01,All India,6.11111111111111,percent YoY growth,monthly,Index of Industrial Production (1).xlsx,
industry,IIP use-based,Electricity,2022-04-01,All India,11.7816091954023,percent YoY growth,monthly,Index of Industrial Production (1).xlsx,
industry,IIP use-based,Electricity,2022-05-01,All India,23.4712785670167,percent YoY growth,monthly,Index of Industrial Production (1).xlsx,
industry,IIP use-based,Electricity,2022-06-01,All India,16.4399763453578,percent YoY growth,monthly,Index of Industrial Production (1).xlsx,
industry,IIP use-based,Electricity,2022-07-01,All India,2.27395776935572,percent YoY growth,monthly,Index of Industrial Production (1).xlsx,
industry,IIP use-based,Electricity,2022-08-01,All India,1.37784843667198,percent YoY growth,monthly,Index of Industrial Production (1).xlsx,
industry,IIP use-based,Electricity,2022-09-01,All India,11.6140559857058,percent YoY growth,monthly,Index of Industrial Production (1).xlsx,
industry,IIP use-based,Electricity,2022-10-01,All India,1.19545726240287,percent YoY growth,monthly,Index of Industrial Production (1).xlsx,
industry,IIP use-based,Electricity,2022-11-01,All India,12.711291413117,percent YoY growth,monthly,Index of Industrial Production (1).xlsx,
industry,IIP use-based,Electricity,2022-12-01,All India,10.4,percent YoY growth,monthly,Index of Industrial Production (1).xlsx,
industry,IIP use-based,Electricity,2023-01-01,All India,12.6811594202899,percent YoY growth,monthly,Index of Industrial Production (1).xlsx,
industry,IIP use-based,Electricity,2023-02-01,All India,8.20895522388059,percent YoY growth,monthly,Index of Industrial Production (1).xlsx,
industry,IIP use-based,Electricity,2023-03-01,All India,-1.57068062827225,percent YoY growth,monthly,Index of Industrial Production (1).xlsx,
industry,IIP use-based,Electricity,2023-04-01,All India,-1.13110539845758,percent YoY growth,monthly,Index of Industrial Production (1).xlsx,
industry,IIP use-based,Electricity,2023-05-01,All India,0.850425212606297,percent YoY growth,monthly,Index of Industrial Production (1).xlsx,
industry,IIP use-based,Electricity,2023-06-01,All India,4.2153377348908,percent YoY growth,monthly,Index of Industrial Production (1).xlsx,
industry,IIP use-based,Electricity,2023-07-01,All India,7.99364743250397,percent YoY growth,monthly,Index of Industrial Production (1).xlsx,
industry,IIP use-based,Electricity,2023-08-01,All India,15.2639832723471,percent YoY growth,monthly,Index of Industrial Production (1).xlsx,
industry,IIP use-based,Electricity,2023-09-01,All India,9.87193169690502,percent YoY growth,monthly,Index of Industrial Production (1).xlsx,
industry,IIP use-based,Electricity,2023-10-01,All India,20.3780271707029,percent YoY growth,monthly,Index of Industrial Production (1).xlsx,
industry,IIP use-based,Electricity,2023-11-01,All India,5.75884823035394,percent YoY growth,monthly,Index of Industrial Production (1).xlsx,
industry,IIP use-based,Electricity,2023-12-01,All India,1.22630992196209,percent YoY growth,monthly,Index of Industrial Production (1).xlsx,
industry,IIP use-based,Electricity,2024-01-01,All India,5.62700964630225,percent YoY growth,monthly,Index of Industrial Production (1).xlsx,
industry,IIP use-based,Electricity,2024-02-01,All India,7.58620689655172,percent YoY growth,monthly,Index of Industrial Production (1).xlsx,
industry,IIP use-based,Electricity,2024-03-01,All India,8.61702127659574,percent YoY growth,monthly,Index of Industrial Production (1).xlsx,
industry,IIP use-based,Electricity,2024-04-01,All India,10.244409776391,percent YoY growth,monthly,Index of Industrial Production (1).xlsx,
industry,IIP use-based,Electricity,2024-05-01,All India,13.7400793650794,percent YoY growth,monthly,Index of Industrial Production (1).xlsx,
industry,IIP use-based,Electricity,2024-06-01,All India,8.57699805068227,percent YoY growth,monthly,Index of Industrial Production (1).xlsx,
industry,IIP use-based,Electricity,2024-07-01,All India,7.94117647058823,percent YoY growth,monthly,Index of Industrial Production (1).xlsx,
industry,IIP use-based,Electricity,2024-08-01,All India,-3.718820861678,percent YoY growth,monthly,Index of Industrial Production (1).xlsx,
industry,IIP use-based,Electricity,2024-09-01,All India,0.485672656629432,percent YoY growth,monthly,Index of Industrial Production (1).xlsx,
industry,IIP use-based,Electricity,2024-10-01,All India,1.96270853778214,percent YoY growth,monthly,Index of Industrial Production (1).xlsx,
industry,IIP use-based,Electricity,2024-11-01,All India,4.42427680090753,percent YoY growth,monthly,Index of Industrial Production (1).xlsx,
industry,IIP use-based,Electricity,2024-12-01,All India,6.16740088105728,percent YoY growth,monthly,Index of Industrial Production (1).xlsx,
industry,IIP use-based,Electricity,2025-01-01,All India,2.43531202435313,percent YoY growth,monthly,Index of Industrial Production (1).xlsx,
industry,IIP use-based,Electricity,2025-02-01,All India,3.63247863247864,percent YoY growth,monthly,Index of Industrial Production (1).xlsx,
industry,IIP use-based,Electricity,2025-03-01,All India,7.4926542605289,percent YoY growth,monthly,Index of Industrial Production (1).xlsx,
industry,IIP use-based,Electricity,2025-04-01,All India,1.74528301886792,percent YoY growth,monthly,Index of Industrial Production (1).xlsx,
industry,IIP use-based,Electricity,2025-05-01,All India,-4.70998691670301,percent YoY growth,monthly,Index of Industrial Production (1).xlsx,
industry,IIP use-based,Electricity,2025-06-01,All India,-1.21184919210055,percent YoY growth,monthly,Index of Industrial Production (1).xlsx,
industry,IIP use-based,Electricity,2025-07-01,All India,3.72388737511354,percent YoY growth,monthly,Index of Industrial Production (1).xlsx,
industry,IIP use-based,Electricity,2025-08-01,All India,4.14507772020725,percent YoY growth,monthly,Index of Industrial Production (1).xlsx,
industry,IIP use-based,Electricity,2025-09-01,All India,3.14161430642823,percent YoY growth,monthly,Index of Industrial Production (1).xlsx,
industry,IIP use-based,Electricity,2025-10-01,All India,-6.92974013474495,percent YoY growth,monthly,Index of Industrial Production (1).xlsx,
industry,IIP use-based,Electricity,2025-11-01,All India,-1.52091254752851,percent YoY growth,monthly,Index of Industrial Production (1).xlsx,
industry,IIP use-based,Electricity,2025-12-01,All India,6.2759336099585,percent YoY growth,monthly,Index of Industrial Production (1).xlsx,
industry,IIP use-based,Electricity,2026-01-01,All India,5.0520059435364,percent YoY growth,monthly,Index of Industrial Production (1).xlsx,
industry,IIP use-based,Electricity,2026-02-01,All India,2.26804123711341,percent YoY growth,monthly,Index of Industrial Production (1).xlsx,
industry,IIP use-based,Electricity,2026-03-01,All India,0.820045558086565,percent YoY growth,monthly,Index of Industrial Production (1).xlsx,
industry,IIP use-based,General Index,2013-04-01,All India,3.32326283987915,percent YoY growth,monthly,Index of Industrial Production (1).xlsx,
industry,IIP use-based,General Index,2013-05-01,All India,0.952380952380953,percent YoY growth,monthly,Index of Industrial Production (1).xlsx,
industry,IIP use-based,General Index,2013-06-01,All India,-0.977517106549365,percent YoY growth,monthly,Index of Industrial Production (1).xlsx,
industry,IIP use-based,General Index,2013-07-01,All India,3.15270935960591,percent YoY growth,monthly,Index of Industrial Production (1).xlsx,
industry,IIP use-based,General Index,2013-08-01,All India,4.4044044044044,percent YoY growth,monthly,Index of Industrial Production (1).xlsx,
industry,IIP use-based,General Index,2013-09-01,All India,6.76767676767677,percent YoY growth,monthly,Index of Industrial Production (1).xlsx,
industry,IIP use-based,General Index,2013-10-01,All India,1.92864030858245,percent YoY growth,monthly,Index of Industrial Production (1).xlsx,
industry,IIP use-based,General Index,2013-11-01,All India,3.66225839267549,percent YoY growth,monthly,Index of Industrial Production (1).xlsx,
industry,IIP use-based,General Index,2013-12-01,All India,3.54808590102709,percent YoY growth,monthly,Index of Industrial Production (1).xlsx,
industry,IIP use-based,General Index,2014-01-01,All India,4.75746268656716,percent YoY growth,monthly,Index of Industrial Production (1).xlsx,
industry,IIP use-based,General Index,2014-02-01,All India,5.22682445759369,percent YoY growth,monthly,Index of Industrial Production (1).xlsx,
industry,IIP use-based,General Index,2014-03-01,All India,2.86458333333333,percent YoY growth,monthly,Index of Industrial Production (1).xlsx,
industry,IIP use-based,General Index,2014-04-01,All India,3.89863547758285,percent YoY growth,monthly,Index of Industrial Production (1).xlsx,
industry,IIP use-based,General Index,2014-05-01,All India,4.71698113207547,percent YoY growth,monthly,Index of Industrial Production (1).xlsx,
industry,IIP use-based,General Index,2014-06-01,All India,8.29220138203357,percent YoY growth,monthly,Index of Industrial Production (1).xlsx,
industry,IIP use-based,General Index,2014-07-01,All India,5.44412607449857,percent YoY growth,monthly,Index of Industrial Production (1).xlsx,
industry,IIP use-based,General Index,2014-08-01,All India,3.54745925215724,percent YoY growth,monthly,Index of Industrial Production (1).xlsx,
industry,IIP use-based,General Index,2014-09-01,All India,4.25733207190161,percent YoY growth,monthly,Index of Industrial Production (1).xlsx,
industry,IIP use-based,General Index,2014-10-01,All India,0.283822138126771,percent YoY growth,monthly,Index of Industrial Production (1).xlsx,
industry,IIP use-based,General Index,2014-11-01,All India,7.36015701668302,percent YoY growth,monthly,Index of Industrial Production (1).xlsx,
industry,IIP use-based,General Index,2014-12-01,All India,3.96753832281334,percent YoY growth,monthly,Index of Industrial Production (1).xlsx,
industry,IIP use-based,General Index,2015-01-01,All India,1.78094390026714,percent YoY growth,monthly,Index of Industrial Production (1).xlsx,
industry,IIP use-based,General Index,2015-02-01,All India,2.99906279287723,percent YoY growth,monthly,Index of Industrial Production (1).xlsx,
industry,IIP use-based,General Index,2015-03-01,All India,2.36286919831223,percent YoY growth,monthly,Index of Industrial Production (1).xlsx,
industry,IIP use-based,General Index,2015-04-01,All India,0.656660412757977,percent YoY growth,monthly,Index of Industrial Production (1).xlsx,
industry,IIP use-based,General Index,2015-05-01,All India,1.8018018018018,percent YoY growth,monthly,Index of Industrial Production (1).xlsx,
industry,IIP use-based,General Index,2015-06-01,All India,1.00273473108477,percent YoY growth,monthly,Index of Industrial Production (1).xlsx,
industry,IIP use-based,General Index,2015-07-01,All India,1.26811594202898,percent YoY growth,monthly,Index of Industrial Production (1).xlsx,
industry,IIP use-based,General Index,2015-08-01,All India,3.7037037037037,percent YoY growth,monthly,Index of Industrial Production (1).xlsx,
industry,IIP use-based,General Index,2015-09-01,All India,2.17785843920144,percent YoY growth,monthly,Index of Industrial Production (1).xlsx,
industry,IIP use-based,General Index,2015-10-01,All India,8.9622641509434,percent YoY growth,monthly,Index of Industrial Production (1).xlsx,
industry,IIP use-based,General Index,2015-11-01,All India,0.822669104204745,percent YoY growth,monthly,Index of Industrial Production (1).xlsx,
industry,IIP use-based,General Index,2015-12-01,All India,3.12228967909801,percent YoY growth,monthly,Index of Industrial Production (1).xlsx,
industry,IIP use-based,General Index,2016-01-01,All India,4.02449693788277,percent YoY growth,monthly,Index of Industrial Production (1).xlsx,
industry,IIP use-based,General Index,2016-02-01,All India,7.18835304822565,percent YoY growth,monthly,Index of Industrial Production (1).xlsx,
industry,IIP use-based,General Index,2016-03-01,All India,5.19373454245672,percent YoY growth,monthly,Index of Industrial Production (1).xlsx,
industry,IIP use-based,General Index,2016-04-01,All India,5.96458527493011,percent YoY growth,monthly,Index of Industrial Production (1).xlsx,
industry,IIP use-based,General Index,2016-05-01,All India,7.34513274336283,percent YoY growth,monthly,Index of Industrial Production (1).xlsx,
industry,IIP use-based,General Index,2016-06-01,All India,8.03249097472925,percent YoY growth,monthly,Index of Industrial Production (1).xlsx,
industry,IIP use-based,General Index,2016-07-01,All India,4.47227191413238,percent YoY growth,monthly,Index of Industrial Production (1).xlsx,
industry,IIP use-based,General Index,2016-08-01,All India,4.01785714285714,percent YoY growth,monthly,Index of Industrial Production (1).xlsx,
industry,IIP use-based,General Index,2016-09-01,All India,4.9733570159858,percent YoY growth,monthly,Index of Industrial Production (1).xlsx,
industry,IIP use-based,General Index,2016-10-01,All India,4.15584415584415,percent YoY growth,monthly,Index of Industrial Production (1).xlsx,
industry,IIP use-based,General Index,2016-11-01,All India,5.07706255666365,percent YoY growth,monthly,Index of Industrial Production (1).xlsx,
industry,IIP use-based,General Index,2016-12-01,All India,2.35492010092514,percent YoY growth,monthly,Index of Industrial Production (1).xlsx,
industry,IIP use-based,General Index,2017-01-01,All India,3.53238015138771,percent YoY growth,monthly,Index of Industrial Production (1).xlsx,
industry,IIP use-based,General Index,2017-02-01,All India,1.18845500848897,percent YoY growth,monthly,Index of Industrial Production (1).xlsx,
industry,IIP use-based,General Index,2017-03-01,All India,4.38871473354232,percent YoY growth,monthly,Index of Industrial Production (1).xlsx,
industry,IIP use-based,General Index,2017-04-01,All India,3.16622691292875,percent YoY growth,monthly,Index of Industrial Production (1).xlsx,
industry,IIP use-based,General Index,2017-05-01,All India,2.88540807914262,percent YoY growth,monthly,Index of Industrial Production (1).xlsx,
industry,IIP use-based,General Index,2017-06-01,All India,-0.334168755221392,percent YoY growth,monthly,Index of Industrial Production (1).xlsx,
industry,IIP use-based,General Index,2017-07-01,All India,1.02739726027398,percent YoY growth,monthly,Index of Industrial Production (1).xlsx,
industry,IIP use-based,General Index,2017-08-01,All India,4.80686695278969,percent YoY growth,monthly,Index of Industrial Production (1).xlsx,
industry,IIP use-based,General Index,2017-09-01,All India,4.14551607445008,percent YoY growth,monthly,Index of Industrial Production (1).xlsx,
industry,IIP use-based,General Index,2017-10-01,All India,1.82876142975894,percent YoY growth,monthly,Index of Industrial Production (1).xlsx,
industry,IIP use-based,General Index,2017-11-01,All India,8.541846419327,percent YoY growth,monthly,Index of Industrial Production (1).xlsx,
industry,IIP use-based,General Index,2017-12-01,All India,7.31306491372226,percent YoY growth,monthly,Index of Industrial Production (1).xlsx,
industry,IIP use-based,General Index,2018-01-01,All India,7.47359870024372,percent YoY growth,monthly,Index of Industrial Production (1).xlsx,
industry,IIP use-based,General Index,2018-02-01,All India,6.87919463087249,percent YoY growth,monthly,Index of Industrial Production (1).xlsx,
industry,IIP use-based,General Index,2018-03-01,All India,5.33033033033035,percent YoY growth,monthly,Index of Industrial Production (1).xlsx,
industry,IIP use-based,General Index,2018-04-01,All India,4.51832907075874,percent YoY growth,monthly,Index of Industrial Production (1).xlsx,
industry,IIP use-based,General Index,2018-05-01,All India,3.84615384615384,percent YoY growth,monthly,Index of Industrial Production (1).xlsx,
industry,IIP use-based,General Index,2018-06-01,All India,7.04107292539816,percent YoY growth,monthly,Index of Industrial Production (1).xlsx,
industry,IIP use-based,General Index,2018-07-01,All India,6.52542372881356,percent YoY growth,monthly,Index of Industrial Production (1).xlsx,
industry,IIP use-based,General Index,2018-08-01,All India,4.83210483210484,percent YoY growth,monthly,Index of Industrial Production (1).xlsx,
industry,IIP use-based,General Index,2018-09-01,All India,4.63038180341187,percent YoY growth,monthly,Index of Industrial Production (1).xlsx,
industry,IIP use-based,General Index,2018-10-01,All India,8.40816326530613,percent YoY growth,monthly,Index of Industrial Production (1).xlsx,
industry,IIP use-based,General Index,2018-11-01,All India,0.23847376788553,percent YoY growth,monthly,Index of Industrial Production (1).xlsx,
industry,IIP use-based,General Index,2018-12-01,All India,2.52679938744258,percent YoY growth,monthly,Index of Industrial Production (1).xlsx,
industry,IIP use-based,General Index,2019-01-01,All India,1.58730158730158,percent YoY growth,monthly,Index of Industrial Production (1).xlsx,
industry,IIP use-based,General Index,2019-02-01,All India,0.156985871271577,percent YoY growth,monthly,Index of Industrial Production (1).xlsx,
industry,IIP use-based,General Index,2019-03-01,All India,2.70848182466143,percent YoY growth,monthly,Index of Industrial Production (1).xlsx,
industry,IIP use-based,General Index,2019-04-01,All India,3.18107667210441,percent YoY growth,monthly,Index of Industrial Production (1).xlsx,
industry,IIP use-based,General Index,2019-05-01,All India,4.47530864197532,percent YoY growth,monthly,Index of Industrial Production (1).xlsx,
industry,IIP use-based,General Index,2019-06-01,All India,1.25293657008615,percent YoY growth,monthly,Index of Industrial Production (1).xlsx,
industry,IIP use-based,General Index,2019-07-01,All India,4.85282418456643,percent YoY growth,monthly,Index of Industrial Production (1).xlsx,
industry,IIP use-based,General Index,2019-08-01,All India,-1.40625,percent YoY growth,monthly,Index of Industrial Production (1).xlsx,
industry,IIP use-based,General Index,2019-09-01,All India,-4.58074534161491,percent YoY growth,monthly,Index of Industrial Production (1).xlsx,
industry,IIP use-based,General Index,2019-10-01,All India,-6.62650602409639,percent YoY growth,monthly,Index of Industrial Production (1).xlsx,
industry,IIP use-based,General Index,2019-11-01,All India,2.14115781126092,percent YoY growth,monthly,Index of Industrial Production (1).xlsx,
industry,IIP use-based,General Index,2019-12-01,All India,0.448095593726657,percent YoY growth,monthly,Index of Industrial Production (1).xlsx,
industry,IIP use-based,General Index,2020-01-01,All India,2.23214285714286,percent YoY growth,monthly,Index of Industrial Production (1).xlsx,
industry,IIP use-based,General Index,2020-02-01,All India,5.17241379310344,percent YoY growth,monthly,Index of Industrial Production (1).xlsx,
industry,IIP use-based,General Index,2020-03-01,All India,-18.6675919500347,percent YoY growth,monthly,Index of Industrial Production (1).xlsx,
industry,IIP use-based,General Index,2020-04-01,All India,-57.3122529644269,percent YoY growth,monthly,Index of Industrial Production (1).xlsx,
industry,IIP use-based,General Index,2020-05-01,All India,-33.3825701624815,percent YoY growth,monthly,Index of Industrial Production (1).xlsx,
industry,IIP use-based,General Index,2020-06-01,All India,-16.5506573859242,percent YoY growth,monthly,Index of Industrial Production (1).xlsx,
industry,IIP use-based,General Index,2020-07-01,All India,-10.546282245827,percent YoY growth,monthly,Index of Industrial Production (1).xlsx,
industry,IIP use-based,General Index,2020-08-01,All India,-7.13153724247227,percent YoY growth,monthly,Index of Industrial Production (1).xlsx,
industry,IIP use-based,General Index,2020-09-01,All India,0.976403580146451,percent YoY growth,monthly,Index of Industrial Production (1).xlsx,
industry,IIP use-based,General Index,2020-10-01,All India,4.51612903225806,percent YoY growth,monthly,Index of Industrial Production (1).xlsx,
industry,IIP use-based,General Index,2020-11-01,All India,-1.6304347826087,percent YoY growth,monthly,Index of Industrial Production (1).xlsx,
industry,IIP use-based,General Index,2020-12-01,All India,2.15613382899629,percent YoY growth,monthly,Index of Industrial Production (1).xlsx,
industry,IIP use-based,General Index,2021-01-01,All India,-0.582241630276573,percent YoY growth,monthly,Index of Industrial Production (1).xlsx,
industry,IIP use-based,General Index,2021-02-01,All India,-3.20417287630401,percent YoY growth,monthly,Index of Industrial Production (1).xlsx,
industry,IIP use-based,General Index,2021-03-01,All India,24.2320819112628,percent YoY growth,monthly,Index of Industrial Production (1).xlsx,
industry,IIP use-based,General Index,2021-05-01,All India,27.6053215077605,percent YoY growth,monthly,Index of Industrial Production (1).xlsx,
industry,IIP use-based,General Index,2021-06-01,All India,13.8090824837813,percent YoY growth,monthly,Index of Industrial Production (1).xlsx,
industry,IIP use-based,General Index,2021-07-01,All India,11.5351993214589,percent YoY growth,monthly,Index of Industrial Production (1).xlsx,
industry,IIP use-based,General Index,2021-08-01,All India,12.9692832764505,percent YoY growth,monthly,Index of Industrial Production (1).xlsx,
industry,IIP use-based,General Index,2021-09-01,All India,4.35132957292507,percent YoY growth,monthly,Index of Industrial Production (1).xlsx,
industry,IIP use-based,General Index,2021-10-01,All India,4.16666666666667,percent YoY growth,monthly,Index of Industrial Production (1).xlsx,
industry,IIP use-based,General Index,2021-11-01,All India,1.02604577742699,percent YoY growth,monthly,Index of Industrial Production (1).xlsx,
industry,IIP use-based,General Index,2021-12-01,All India,1.01892285298399,percent YoY growth,monthly,Index of Industrial Production (1).xlsx,
industry,IIP use-based,General Index,2022-01-01,All India,1.9765739385066,percent YoY growth,monthly,Index of Industrial Production (1).xlsx,
industry,IIP use-based,General Index,2022-02-01,All India,1.15473441108545,percent YoY growth,monthly,Index of Industrial Production (1).xlsx,
industry,IIP use-based,General Index,2022-03-01,All India,2.19780219780221,percent YoY growth,monthly,Index of Industrial Production (1).xlsx,
industry,IIP use-based,General Index,2022-04-01,All India,6.66137985725615,percent YoY growth,monthly,Index of Industrial Production (1).xlsx,
industry,IIP use-based,General Index,2022-05-01,All India,19.7219808861859,percent YoY growth,monthly,Index of Industrial Production (1).xlsx,
industry,IIP use-based,General Index,2022-06-01,All India,12.6221498371336,percent YoY growth,monthly,Index of Industrial Production (1).xlsx,
industry,IIP use-based,General Index,2022-07-01,All India,2.20532319391635,percent YoY growth,monthly,Index of Industrial Production (1).xlsx,
industry,IIP use-based,General Index,2022-08-01,All India,-0.679758308157104,percent YoY growth,monthly,Index of Industrial Production (1).xlsx,
industry,IIP use-based,General Index,2022-09-01,All India,3.32046332046333,percent YoY growth,monthly,Index of Industrial Production (1).xlsx,
industry,IIP use-based,General Index,2022-10-01,All India,-4.07407407407407,percent YoY growth,monthly,Index of Industrial Production (1).xlsx,
industry,IIP use-based,General Index,2022-11-01,All India,7.57812499999999,percent YoY growth,monthly,Index of Industrial Production (1).xlsx,
industry,IIP use-based,General Index,2022-12-01,All India,5.11527377521613,percent YoY growth,monthly,Index of Industrial Production (1).xlsx,
industry,IIP use-based,General Index,2023-01-01,All India,5.81478822684852,percent YoY growth,monthly,Index of Industrial Production (1).xlsx,
industry,IIP use-based,General Index,2023-02-01,All India,6.01217656012177,percent YoY growth,monthly,Index of Industrial Production (1).xlsx,
industry,IIP use-based,General Index,2023-03-01,All India,1.94892473118278,percent YoY growth,monthly,Index of Industrial Production (1).xlsx,
industry,IIP use-based,General Index,2023-04-01,All India,4.60966542750929,percent YoY growth,monthly,Index of Industrial Production (1).xlsx,
industry,IIP use-based,General Index,2023-05-01,All India,5.66037735849055,percent YoY growth,monthly,Index of Industrial Production (1).xlsx,
industry,IIP use-based,General Index,2023-06-01,All India,4.04916847433116,percent YoY growth,monthly,Index of Industrial Production (1).xlsx,
industry,IIP use-based,General Index,2023-07-01,All India,6.17559523809523,percent YoY growth,monthly,Index of Industrial Production (1).xlsx,
industry,IIP use-based,General Index,2023-08-01,All India,10.8745247148289,percent YoY growth,monthly,Index of Industrial Production (1).xlsx,
industry,IIP use-based,General Index,2023-09-01,All India,6.35276532137519,percent YoY growth,monthly,Index of Industrial Production (1).xlsx,
industry,IIP use-based,General Index,2023-10-01,All India,11.8918918918919,percent YoY growth,monthly,Index of Industrial Production (1).xlsx,
industry,IIP use-based,General Index,2023-11-01,All India,2.46913580246914,percent YoY growth,monthly,Index of Industrial Production (1).xlsx,
industry,IIP use-based,General Index,2023-12-01,All India,4.3865661411926,percent YoY growth,monthly,Index of Industrial Production (1).xlsx,
industry,IIP use-based,General Index,2024-01-01,All India,4.20624151967435,percent YoY growth,monthly,Index of Industrial Production (1).xlsx,
industry,IIP use-based,General Index,2024-02-01,All India,5.5994256999282,percent YoY growth,monthly,Index of Industrial Production (1).xlsx,
industry,IIP use-based,General Index,2024-03-01,All India,5.47132498352011,percent YoY growth,monthly,Index of Industrial Production (1).xlsx,
industry,IIP use-based,General Index,2024-04-01,All India,5.18834399431415,percent YoY growth,monthly,Index of Industrial Production (1).xlsx,
industry,IIP use-based,General Index,2024-05-01,All India,6.25,percent YoY growth,monthly,Index of Industrial Production (1).xlsx,
industry,IIP use-based,General Index,2024-06-01,All India,4.93398193189715,percent YoY growth,monthly,Index of Industrial Production (1).xlsx,
industry,IIP use-based,General Index,2024-07-01,All India,4.97547302032237,percent YoY growth,monthly,Index of Industrial Production (1).xlsx,
industry,IIP use-based,General Index,2024-08-01,All India,0.0,percent YoY growth,monthly,Index of Industrial Production (1).xlsx,
industry,IIP use-based,General Index,2024-09-01,All India,3.23260716795502,percent YoY growth,monthly,Index of Industrial Production (1).xlsx,
industry,IIP use-based,General Index,2024-10-01,All India,3.72670807453417,percent YoY growth,monthly,Index of Industrial Production (1).xlsx,
industry,IIP use-based,General Index,2024-11-01,All India,4.96102055279943,percent YoY growth,monthly,Index of Industrial Production (1).xlsx,
industry,IIP use-based,General Index,2024-12-01,All India,3.74261326329612,percent YoY growth,monthly,Index of Industrial Production (1).xlsx,
industry,IIP use-based,General Index,2025-01-01,All India,5.20833333333333,percent YoY growth,monthly,Index of Industrial Production (1).xlsx,
industry,IIP use-based,General Index,2025-02-01,All India,2.71923861318831,percent YoY growth,monthly,Index of Industrial Production (1).xlsx,
industry,IIP use-based,General Index,2025-03-01,All India,3.93750000000001,percent YoY growth,monthly,Index of Industrial Production (1).xlsx,
industry,IIP use-based,General Index,2025-04-01,All India,2.56756756756758,percent YoY growth,monthly,Index of Industrial Production (1).xlsx,
industry,IIP use-based,General Index,2025-05-01,All India,1.87459599224305,percent YoY growth,monthly,Index of Industrial Production (1).xlsx,
industry,IIP use-based,General Index,2025-06-01,All India,1.52317880794703,percent YoY growth,monthly,Index of Industrial Production (1).xlsx,
industry,IIP use-based,General Index,2025-07-01,All India,4.27236315086781,percent YoY growth,monthly,Index of Industrial Production (1).xlsx,
industry,IIP use-based,General Index,2025-08-01,All India,4.11522633744856,percent YoY growth,monthly,Index of Industrial Production (1).xlsx,
industry,IIP use-based,General Index,2025-09-01,All India,4.62899931926479,percent YoY growth,monthly,Index of Industrial Production (1).xlsx,
industry,IIP use-based,General Index,2025-10-01,All India,0.532268795741838,percent YoY growth,monthly,Index of Industrial Production (1).xlsx,
industry,IIP use-based,General Index,2025-11-01,All India,7.15732613099257,percent YoY growth,monthly,Index of Industrial Production (1).xlsx,
industry,IIP use-based,General Index,2025-12-01,All India,8.0379746835443,percent YoY growth,monthly,Index of Industrial Production (1).xlsx,
industry,IIP use-based,General Index,2026-01-01,All India,5.13613861386139,percent YoY growth,monthly,Index of Industrial Production (1).xlsx,
industry,IIP use-based,General Index,2026-02-01,All India,5.09596293845137,percent YoY growth,monthly,Index of Industrial Production (1).xlsx,
industry,IIP use-based,General Index,2026-03-01,All India,4.1491280817799,percent YoY growth,monthly,Index of Industrial Production (1).xlsx,
industry,IIP use-based,Infrastructure/ Construction Goods,2013-04-01,All India,10.8632395732299,percent YoY growth,monthly,Index of Industrial Production (1).xlsx,
industry,IIP use-based,Infrastructure/ Construction Goods,2013-05-01,All India,-1.19250425894379,percent YoY growth,monthly,Index of Industrial Production (1).xlsx,
industry,IIP use-based,Infrastructure/ Construction Goods,2013-06-01,All India,1.76125244618395,percent YoY growth,monthly,Index of Industrial Production (1).xlsx,
industry,IIP use-based,Infrastructure/ Construction Goods,2013-07-01,All India,3.77358490566038,percent YoY growth,monthly,Index of Industrial Production (1).xlsx,
industry,IIP use-based,Infrastructure/ Construction Goods,2013-08-01,All India,11.6255144032922,percent YoY growth,monthly,Index of Industrial Production (1).xlsx,
industry,IIP use-based,Infrastructure/ Construction Goods,2013-09-01,All India,9.41295546558704,percent YoY growth,monthly,Index of Industrial Production (1).xlsx,
industry,IIP use-based,Infrastructure/ Construction Goods,2013-10-01,All India,4.35643564356436,percent YoY growth,monthly,Index of Industrial Production (1).xlsx,
industry,IIP use-based,Infrastructure/ Construction Goods,2013-11-01,All India,5.43259557344063,percent YoY growth,monthly,Index of Industrial Production (1).xlsx,
industry,IIP use-based,Infrastructure/ Construction Goods,2013-12-01,All India,3.34572490706321,percent YoY growth,monthly,Index of Industrial Production (1).xlsx,
industry,IIP use-based,Infrastructure/ Construction Goods,2014-01-01,All India,9.54545454545455,percent YoY growth,monthly,Index of Industrial Production (1).xlsx,
industry,IIP use-based,Infrastructure/ Construction Goods,2014-02-01,All India,9.70220941402499,percent YoY growth,monthly,Index of Industrial Production (1).xlsx,
industry,IIP use-based,Infrastructure/ Construction Goods,2014-03-01,All India,1.69779286926995,percent YoY growth,monthly,Index of Industrial Production (1).xlsx,
industry,IIP use-based,Infrastructure/ Construction Goods,2014-04-01,All India,-0.262467191601047,percent YoY growth,monthly,Index of Industrial Production (1).xlsx,
industry,IIP use-based,Infrastructure/ Construction Goods,2014-05-01,All India,5.0,percent YoY growth,monthly,Index of Industrial Production (1).xlsx,
industry,IIP use-based,Infrastructure/ Construction Goods,2014-06-01,All India,13.3653846153846,percent YoY growth,monthly,Index of Industrial Production (1).xlsx,
industry,IIP use-based,Infrastructure/ Construction Goods,2014-07-01,All India,8.27272727272727,percent YoY growth,monthly,Index of Industrial Production (1).xlsx,
industry,IIP use-based,Infrastructure/ Construction Goods,2014-08-01,All India,3.41013824884793,percent YoY growth,monthly,Index of Industrial Production (1).xlsx,
industry,IIP use-based,Infrastructure/ Construction Goods,2014-09-01,All India,4.44033302497688,percent YoY growth,monthly,Index of Industrial Production (1).xlsx,
industry,IIP use-based,Infrastructure/ Construction Goods,2014-10-01,All India,9.10815939278937,percent YoY growth,monthly,Index of Industrial Production (1).xlsx,
industry,IIP use-based,Infrastructure/ Construction Goods,2014-11-01,All India,10.2099236641221,percent YoY growth,monthly,Index of Industrial Production (1).xlsx,
industry,IIP use-based,Infrastructure/ Construction Goods,2014-12-01,All India,7.2841726618705,percent YoY growth,monthly,Index of Industrial Production (1).xlsx,
industry,IIP use-based,Infrastructure/ Construction Goods,2015-01-01,All India,1.82572614107884,percent YoY growth,monthly,Index of Industrial Production (1).xlsx,
industry,IIP use-based,Infrastructure/ Construction Goods,2015-02-01,All India,-1.48861646234676,percent YoY growth,monthly,Index of Industrial Production (1).xlsx,
industry,IIP use-based,Infrastructure/ Construction Goods,2015-03-01,All India,0.584307178631054,percent YoY growth,monthly,Index of Industrial Production (1).xlsx,
industry,IIP use-based,Infrastructure/ Construction Goods,2015-04-01,All India,4.03508771929824,percent YoY growth,monthly,Index of Industrial Production (1).xlsx,
industry,IIP use-based,Infrastructure/ Construction Goods,2015-05-01,All India,0.0821018062397443,percent YoY growth,monthly,Index of Industrial Production (1).xlsx,
industry,IIP use-based,Infrastructure/ Construction Goods,2015-06-01,All India,2.54452926208651,percent YoY growth,monthly,Index of Industrial Production (1).xlsx,
industry,IIP use-based,Infrastructure/ Construction Goods,2015-07-01,All India,1.25944584382872,percent YoY growth,monthly,Index of Industrial Production (1).xlsx,
industry,IIP use-based,Infrastructure/ Construction Goods,2015-08-01,All India,4.54545454545454,percent YoY growth,monthly,Index of Industrial Production (1).xlsx,
industry,IIP use-based,Infrastructure/ Construction Goods,2015-09-01,All India,1.59433126660761,percent YoY growth,monthly,Index of Industrial Production (1).xlsx,
industry,IIP use-based,Infrastructure/ Construction Goods,2015-10-01,All India,1.04347826086957,percent YoY growth,monthly,Index of Industrial Production (1).xlsx,
industry,IIP use-based,Infrastructure/ Construction Goods,2015-11-01,All India,-5.28138528138528,percent YoY growth,monthly,Index of Industrial Production (1).xlsx,
industry,IIP use-based,Infrastructure/ Construction Goods,2015-12-01,All India,-0.0838222967309257,percent YoY growth,monthly,Index of Industrial Production (1).xlsx,
industry,IIP use-based,Infrastructure/ Construction Goods,2016-01-01,All India,2.20048899755501,percent YoY growth,monthly,Index of Industrial Production (1).xlsx,
industry,IIP use-based,Infrastructure/ Construction Goods,2016-02-01,All India,11.1111111111111,percent YoY growth,monthly,Index of Industrial Production (1).xlsx,
industry,IIP use-based,Infrastructure/ Construction Goods,2016-03-01,All India,11.2863070539419,percent YoY growth,monthly,Index of Industrial Production (1).xlsx,
industry,IIP use-based,Infrastructure/ Construction Goods,2016-04-01,All India,0.843170320404722,percent YoY growth,monthly,Index of Industrial Production (1).xlsx,
industry,IIP use-based,Infrastructure/ Construction Goods,2016-05-01,All India,7.383100902379,percent YoY growth,monthly,Index of Industrial Production (1).xlsx,
industry,IIP use-based,Infrastructure/ Construction Goods,2016-06-01,All India,6.61703887510339,percent YoY growth,monthly,Index of Industrial Production (1).xlsx,
industry,IIP use-based,Infrastructure/ Construction Goods,2016-07-01,All India,-0.912106135986728,percent YoY growth,monthly,Index of Industrial Production (1).xlsx,
industry,IIP use-based,Infrastructure/ Construction Goods,2016-08-01,All India,6.47911338448424,percent YoY growth,monthly,Index of Industrial Production (1).xlsx,
industry,IIP use-based,Infrastructure/ Construction Goods,2016-09-01,All India,8.71839581517001,percent YoY growth,monthly,Index of Industrial Production (1).xlsx,
industry,IIP use-based,Infrastructure/ Construction Goods,2016-10-01,All India,7.40103270223752,percent YoY growth,monthly,Index of Industrial Production (1).xlsx,
industry,IIP use-based,Infrastructure/ Construction Goods,2016-11-01,All India,3.93053016453382,percent YoY growth,monthly,Index of Industrial Production (1).xlsx,
industry,IIP use-based,Infrastructure/ Construction Goods,2016-12-01,All India,5.53691275167785,percent YoY growth,monthly,Index of Industrial Production (1).xlsx,
industry,IIP use-based,Infrastructure/ Construction Goods,2017-01-01,All India,2.63157894736841,percent YoY growth,monthly,Index of Industrial Production (1).xlsx,
industry,IIP use-based,Infrastructure/ Construction Goods,2017-02-01,All India,-1.92,percent YoY growth,monthly,Index of Industrial Production (1).xlsx,
industry,IIP use-based,Infrastructure/ Construction Goods,2017-03-01,All India,1.11856823266219,percent YoY growth,monthly,Index of Industrial Production (1).xlsx,
industry,IIP use-based,Infrastructure/ Construction Goods,2017-04-01,All India,4.68227424749165,percent YoY growth,monthly,Index of Industrial Production (1).xlsx,
industry,IIP use-based,Infrastructure/ Construction Goods,2017-05-01,All India,-0.0763941940412485,percent YoY growth,monthly,Index of Industrial Production (1).xlsx,
industry,IIP use-based,Infrastructure/ Construction Goods,2017-06-01,All India,1.00853374709075,percent YoY growth,monthly,Index of Industrial Production (1).xlsx,
industry,IIP use-based,Infrastructure/ Construction Goods,2017-07-01,All India,4.26778242677824,percent YoY growth,monthly,Index of Industrial Production (1).xlsx,
industry,IIP use-based,Infrastructure/ Construction Goods,2017-08-01,All India,2.72217774219376,percent YoY growth,monthly,Index of Industrial Production (1).xlsx,
industry,IIP use-based,Infrastructure/ Construction Goods,2017-09-01,All India,0.481154771451479,percent YoY growth,monthly,Index of Industrial Production (1).xlsx,
industry,IIP use-based,Infrastructure/ Construction Goods,2017-10-01,All India,5.76923076923077,percent YoY growth,monthly,Index of Industrial Production (1).xlsx,
industry,IIP use-based,Infrastructure/ Construction Goods,2017-11-01,All India,13.7203166226913,percent YoY growth,monthly,Index of Industrial Production (1).xlsx,
industry,IIP use-based,Infrastructure/ Construction Goods,2017-12-01,All India,6.51828298887123,percent YoY growth,monthly,Index of Industrial Production (1).xlsx,
industry,IIP use-based,Infrastructure/ Construction Goods,2018-01-01,All India,7.45920745920748,percent YoY growth,monthly,Index of Industrial Production (1).xlsx,
industry,IIP use-based,Infrastructure/ Construction Goods,2018-02-01,All India,12.9690048939641,percent YoY growth,monthly,Index of Industrial Production (1).xlsx,
industry,IIP use-based,Infrastructure/ Construction Goods,2018-03-01,All India,9.070796460177,percent YoY growth,monthly,Index of Industrial Production (1).xlsx,
industry,IIP use-based,Infrastructure/ Construction Goods,2018-04-01,All India,8.54632587859425,percent YoY growth,monthly,Index of Industrial Production (1).xlsx,
industry,IIP use-based,Infrastructure/ Construction Goods,2018-05-01,All India,7.64525993883792,percent YoY growth,monthly,Index of Industrial Production (1).xlsx,
industry,IIP use-based,Infrastructure/ Construction Goods,2018-06-01,All India,9.37019969278035,percent YoY growth,monthly,Index of Industrial Production (1).xlsx,
industry,IIP use-based,Infrastructure/ Construction Goods,2018-07-01,All India,9.22953451043339,percent YoY growth,monthly,Index of Industrial Production (1).xlsx,
industry,IIP use-based,Infrastructure/ Construction Goods,2018-08-01,All India,8.02805923616522,percent YoY growth,monthly,Index of Industrial Production (1).xlsx,
industry,IIP use-based,Infrastructure/ Construction Goods,2018-09-01,All India,9.49720670391061,percent YoY growth,monthly,Index of Industrial Production (1).xlsx,
industry,IIP use-based,Infrastructure/ Construction Goods,2018-10-01,All India,9.01515151515152,percent YoY growth,monthly,Index of Industrial Production (1).xlsx,
industry,IIP use-based,Infrastructure/ Construction Goods,2018-11-01,All India,4.79505027068831,percent YoY growth,monthly,Index of Industrial Production (1).xlsx,
industry,IIP use-based,Infrastructure/ Construction Goods,2018-12-01,All India,9.02985074626865,percent YoY growth,monthly,Index of Industrial Production (1).xlsx,
industry,IIP use-based,Infrastructure/ Construction Goods,2019-01-01,All India,6.43528561099058,percent YoY growth,monthly,Index of Industrial Production (1).xlsx,
industry,IIP use-based,Infrastructure/ Construction Goods,2019-02-01,All India,1.87725631768953,percent YoY growth,monthly,Index of Industrial Production (1).xlsx,
industry,IIP use-based,Infrastructure/ Construction Goods,2019-03-01,All India,5.0709939148073,percent YoY growth,monthly,Index of Industrial Production (1).xlsx,
industry,IIP use-based,Infrastructure/ Construction Goods,2019-04-01,All India,-0.662251655629143,percent YoY growth,monthly,Index of Industrial Production (1).xlsx,
industry,IIP use-based,Infrastructure/ Construction Goods,2019-05-01,All India,2.98295454545454,percent YoY growth,monthly,Index of Industrial Production (1).xlsx,
industry,IIP use-based,Infrastructure/ Construction Goods,2019-06-01,All India,-1.26404494382023,percent YoY growth,monthly,Index of Industrial Production (1).xlsx,
industry,IIP use-based,Infrastructure/ Construction Goods,2019-07-01,All India,2.93901542983101,percent YoY growth,monthly,Index of Industrial Production (1).xlsx,
industry,IIP use-based,Infrastructure/ Construction Goods,2019-08-01,All India,-5.6998556998557,percent YoY growth,monthly,Index of Industrial Production (1).xlsx,
industry,IIP use-based,Infrastructure/ Construction Goods,2019-09-01,All India,-6.99708454810495,percent YoY growth,monthly,Index of Industrial Production (1).xlsx,
industry,IIP use-based,Infrastructure/ Construction Goods,2019-10-01,All India,-9.72897845726199,percent YoY growth,monthly,Index of Industrial Production (1).xlsx,
industry,IIP use-based,Infrastructure/ Construction Goods,2019-11-01,All India,-0.738007380073801,percent YoY growth,monthly,Index of Industrial Production (1).xlsx,
industry,IIP use-based,Infrastructure/ Construction Goods,2019-12-01,All India,0.205338809034915,percent YoY growth,monthly,Index of Industrial Production (1).xlsx,
industry,IIP use-based,Infrastructure/ Construction Goods,2020-01-01,All India,-0.339673913043478,percent YoY growth,monthly,Index of Industrial Production (1).xlsx,
industry,IIP use-based,Infrastructure/ Construction Goods,2020-02-01,All India,2.76399716513112,percent YoY growth,monthly,Index of Industrial Production (1).xlsx,
industry,IIP use-based,Infrastructure/ Construction Goods,2020-03-01,All India,-24.3243243243243,percent YoY growth,monthly,Index of Industrial Production (1).xlsx,
industry,IIP use-based,Infrastructure/ Construction Goods,2020-04-01,All India,-84.962962962963,percent YoY growth,monthly,Index of Industrial Production (1).xlsx,
industry,IIP use-based,Infrastructure/ Construction Goods,2020-05-01,All India,-39.0344827586207,percent YoY growth,monthly,Index of Industrial Production (1).xlsx,
industry,IIP use-based,Infrastructure/ Construction Goods,2020-06-01,All India,-18.2788051209104,percent YoY growth,monthly,Index of Industrial Production (1).xlsx,
industry,IIP use-based,Infrastructure/ Construction Goods,2020-07-01,All India,-8.20842255531763,percent YoY growth,monthly,Index of Industrial Production (1).xlsx,
industry,IIP use-based,Infrastructure/ Construction Goods,2020-08-01,All India,0.0,percent YoY growth,monthly,Index of Industrial Production (1).xlsx,
industry,IIP use-based,Infrastructure/ Construction Goods,2020-09-01,All India,3.99686520376175,percent YoY growth,monthly,Index of Industrial Production (1).xlsx,
industry,IIP use-based,Infrastructure/ Construction Goods,2020-10-01,All India,10.9314857582756,percent YoY growth,monthly,Index of Industrial Production (1).xlsx,
industry,IIP use-based,Infrastructure/ Construction Goods,2020-11-01,All India,2.08178438661711,percent YoY growth,monthly,Index of Industrial Production (1).xlsx,
industry,IIP use-based,Infrastructure/ Construction Goods,2020-12-01,All India,3.14207650273224,percent YoY growth,monthly,Index of Industrial Production (1).xlsx,
industry,IIP use-based,Infrastructure/ Construction Goods,2021-01-01,All India,2.31765507839128,percent YoY growth,monthly,Index of Industrial Production (1).xlsx,
industry,IIP use-based,Infrastructure/ Construction Goods,2021-02-01,All India,-3.51724137931034,percent YoY growth,monthly,Index of Industrial Production (1).xlsx,
industry,IIP use-based,Infrastructure/ Construction Goods,2021-03-01,All India,35.1190476190476,percent YoY growth,monthly,Index of Industrial Production (1).xlsx,
industry,IIP use-based,Infrastructure/ Construction Goods,2021-05-01,All India,46.4932126696833,percent YoY growth,monthly,Index of Industrial Production (1).xlsx,
industry,IIP use-based,Infrastructure/ Construction Goods,2021-06-01,All India,20.0174064403829,percent YoY growth,monthly,Index of Industrial Production (1).xlsx,
industry,IIP use-based,Infrastructure/ Construction Goods,2021-07-01,All India,12.2861586314153,percent YoY growth,monthly,Index of Industrial Production (1).xlsx,
industry,IIP use-based,Infrastructure/ Construction Goods,2021-08-01,All India,13.4659525631217,percent YoY growth,monthly,Index of Industrial Production (1).xlsx,
industry,IIP use-based,Infrastructure/ Construction Goods,2021-09-01,All India,9.26902788244161,percent YoY growth,monthly,Index of Industrial Production (1).xlsx,
industry,IIP use-based,Infrastructure/ Construction Goods,2021-10-01,All India,6.59264399722415,percent YoY growth,monthly,Index of Industrial Production (1).xlsx,
industry,IIP use-based,Infrastructure/ Construction Goods,2021-11-01,All India,3.05899490167516,percent YoY growth,monthly,Index of Industrial Production (1).xlsx,
industry,IIP use-based,Infrastructure/ Construction Goods,2021-12-01,All India,1.98675496688742,percent YoY growth,monthly,Index of Industrial Production (1).xlsx,
industry,IIP use-based,Infrastructure/ Construction Goods,2022-01-01,All India,5.86275816122586,percent YoY growth,monthly,Index of Industrial Production (1).xlsx,
industry,IIP use-based,Infrastructure/ Construction Goods,2022-02-01,All India,8.64903502501786,percent YoY growth,monthly,Index of Industrial Production (1).xlsx,
industry,IIP use-based,Infrastructure/ Construction Goods,2022-03-01,All India,6.6708621774701,percent YoY growth,monthly,Index of Industrial Production (1).xlsx,
industry,IIP use-based,Infrastructure/ Construction Goods,2022-04-01,All India,3.95833333333333,percent YoY growth,monthly,Index of Industrial Production (1).xlsx,
industry,IIP use-based,Infrastructure/ Construction Goods,2022-05-01,All India,18.3783783783784,percent YoY growth,monthly,Index of Industrial Production (1).xlsx,
industry,IIP use-based,Infrastructure/ Construction Goods,2022-06-01,All India,9.35460478607687,percent YoY growth,monthly,Index of Industrial Production (1).xlsx,
industry,IIP use-based,Infrastructure/ Construction Goods,2022-07-01,All India,4.77839335180056,percent YoY growth,monthly,Index of Industrial Production (1).xlsx,
industry,IIP use-based,Infrastructure/ Construction Goods,2022-08-01,All India,3.03438975050573,percent YoY growth,monthly,Index of Industrial Production (1).xlsx,
industry,IIP use-based,Infrastructure/ Construction Goods,2022-09-01,All India,8.20689655172414,percent YoY growth,monthly,Index of Industrial Production (1).xlsx,
industry,IIP use-based,Infrastructure/ Construction Goods,2022-10-01,All India,1.69270833333333,percent YoY growth,monthly,Index of Industrial Production (1).xlsx,
industry,IIP use-based,Infrastructure/ Construction Goods,2022-11-01,All India,14.2756183745583,percent YoY growth,monthly,Index of Industrial Production (1).xlsx,
industry,IIP use-based,Infrastructure/ Construction Goods,2022-12-01,All India,10.974025974026,percent YoY growth,monthly,Index of Industrial Production (1).xlsx,
industry,IIP use-based,Infrastructure/ Construction Goods,2023-01-01,All India,11.3278791692889,percent YoY growth,monthly,Index of Industrial Production (1).xlsx,
industry,IIP use-based,Infrastructure/ Construction Goods,2023-02-01,All India,9.01315789473683,percent YoY growth,monthly,Index of Industrial Production (1).xlsx,
industry,IIP use-based,Infrastructure/ Construction Goods,2023-03-01,All India,7.19764011799409,percent YoY growth,monthly,Index of Industrial Production (1).xlsx,
industry,IIP use-based,Infrastructure/ Construction Goods,2023-04-01,All India,13.4268537074148,percent YoY growth,monthly,Index of Industrial Production (1).xlsx,
industry,IIP use-based,Infrastructure/ Construction Goods,2023-05-01,All India,12.9810828440965,percent YoY growth,monthly,Index of Industrial Production (1).xlsx,
industry,IIP use-based,Infrastructure/ Construction Goods,2023-06-01,All India,13.3289124668435,percent YoY growth,monthly,Index of Industrial Production (1).xlsx,
industry,IIP use-based,Infrastructure/ Construction Goods,2023-07-01,All India,12.5578321216127,percent YoY growth,monthly,Index of Industrial Production (1).xlsx,
industry,IIP use-based,Infrastructure/ Construction Goods,2023-08-01,All India,15.7068062827225,percent YoY growth,monthly,Index of Industrial Production (1).xlsx,
industry,IIP use-based,Infrastructure/ Construction Goods,2023-09-01,All India,10.1338432122371,percent YoY growth,monthly,Index of Industrial Production (1).xlsx,
industry,IIP use-based,Infrastructure/ Construction Goods,2023-10-01,All India,12.6120358514725,percent YoY growth,monthly,Index of Industrial Production (1).xlsx,
industry,IIP use-based,Infrastructure/ Construction Goods,2023-11-01,All India,1.5460729746444,percent YoY growth,monthly,Index of Industrial Production (1).xlsx,
industry,IIP use-based,Infrastructure/ Construction Goods,2023-12-01,All India,5.50029256875366,percent YoY growth,monthly,Index of Industrial Production (1).xlsx,
industry,IIP use-based,Infrastructure/ Construction Goods,2024-01-01,All India,5.48332391181458,percent YoY growth,monthly,Index of Industrial Production (1).xlsx,
industry,IIP use-based,Infrastructure/ Construction Goods,2024-02-01,All India,8.32830416415209,percent YoY growth,monthly,Index of Industrial Production (1).xlsx,
industry,IIP use-based,Infrastructure/ Construction Goods,2024-03-01,All India,7.42982938910292,percent YoY growth,monthly,Index of Industrial Production (1).xlsx,
industry,IIP use-based,Infrastructure/ Construction Goods,2024-04-01,All India,8.48056537102472,percent YoY growth,monthly,Index of Industrial Production (1).xlsx,
industry,IIP use-based,Infrastructure/ Construction Goods,2024-05-01,All India,7.56351039260971,percent YoY growth,monthly,Index of Industrial Production (1).xlsx,
industry,IIP use-based,Infrastructure/ Construction Goods,2024-06-01,All India,8.19192510239906,percent YoY growth,monthly,Index of Industrial Production (1).xlsx,
industry,IIP use-based,Infrastructure/ Construction Goods,2024-07-01,All India,5.51967116852612,percent YoY growth,monthly,Index of Industrial Production (1).xlsx,
industry,IIP use-based,Infrastructure/ Construction Goods,2024-08-01,All India,2.65837104072398,percent YoY growth,monthly,Index of Industrial Production (1).xlsx,
industry,IIP use-based,Infrastructure/ Construction Goods,2024-09-01,All India,3.47222222222222,percent YoY growth,monthly,Index of Industrial Production (1).xlsx,
industry,IIP use-based,Infrastructure/ Construction Goods,2024-10-01,All India,4.71859010801591,percent YoY growth,monthly,Index of Industrial Production (1).xlsx,
industry,IIP use-based,Infrastructure/ Construction Goods,2024-11-01,All India,7.9780755176614,percent YoY growth,monthly,Index of Industrial Production (1).xlsx,
industry,IIP use-based,Infrastructure/ Construction Goods,2024-12-01,All India,8.37493067110371,percent YoY growth,monthly,Index of Industrial Production (1).xlsx,
industry,IIP use-based,Infrastructure/ Construction Goods,2025-01-01,All India,7.28831725616291,percent YoY growth,monthly,Index of Industrial Production (1).xlsx,
industry,IIP use-based,Infrastructure/ Construction Goods,2025-02-01,All India,6.79665738161559,percent YoY growth,monthly,Index of Industrial Production (1).xlsx,
industry,IIP use-based,Infrastructure/ Construction Goods,2025-03-01,All India,9.93852459016394,percent YoY growth,monthly,Index of Industrial Production (1).xlsx,
industry,IIP use-based,Infrastructure/ Construction Goods,2025-04-01,All India,4.72312703583063,percent YoY growth,monthly,Index of Industrial Production (1).xlsx,
industry,IIP use-based,Infrastructure/ Construction Goods,2025-05-01,All India,6.70960815888352,percent YoY growth,monthly,Index of Industrial Production (1).xlsx,
industry,IIP use-based,Infrastructure/ Construction Goods,2025-06-01,All India,6.70632774472688,percent YoY growth,monthly,Index of Industrial Production (1).xlsx,
industry,IIP use-based,Infrastructure/ Construction Goods,2025-07-01,All India,13.6894824707847,percent YoY growth,monthly,Index of Industrial Production (1).xlsx,
industry,IIP use-based,Infrastructure/ Construction Goods,2025-08-01,All India,10.4132231404959,percent YoY growth,monthly,Index of Industrial Production (1).xlsx,
industry,IIP use-based,Infrastructure/ Construction Goods,2025-09-01,All India,10.5704697986577,percent YoY growth,monthly,Index of Industrial Production (1).xlsx,
industry,IIP use-based,Infrastructure/ Construction Goods,2025-10-01,All India,7.11183496199784,percent YoY growth,monthly,Index of Industrial Production (1).xlsx,
industry,IIP use-based,Infrastructure/ Construction Goods,2025-11-01,All India,12.9723632261703,percent YoY growth,monthly,Index of Industrial Production (1).xlsx,
industry,IIP use-based,Infrastructure/ Construction Goods,2025-12-01,All India,12.7942681678608,percent YoY growth,monthly,Index of Industrial Production (1).xlsx,
industry,IIP use-based,Infrastructure/ Construction Goods,2026-01-01,All India,14.6353646353646,percent YoY growth,monthly,Index of Industrial Production (1).xlsx,
industry,IIP use-based,Infrastructure/ Construction Goods,2026-02-01,All India,11.1111111111111,percent YoY growth,monthly,Index of Industrial Production (1).xlsx,
industry,IIP use-based,Infrastructure/ Construction Goods,2026-03-01,All India,6.71015843429637,percent YoY growth,monthly,Index of Industrial Production (1).xlsx,
industry,IIP use-based,Intermediate Goods,2013-04-01,All India,0.579150579150587,percent YoY growth,monthly,Index of Industrial Production (1).xlsx,
industry,IIP use-based,Intermediate Goods,2013-05-01,All India,0.568181818181826,percent YoY growth,monthly,Index of Industrial Production (1).xlsx,
industry,IIP use-based,Intermediate Goods,2013-06-01,All India,1.64251207729469,percent YoY growth,monthly,Index of Industrial Production (1).xlsx,
industry,IIP use-based,Intermediate Goods,2013-07-01,All India,8.08179162609542,percent YoY growth,monthly,Index of Industrial Production (1).xlsx,
industry,IIP use-based,Intermediate Goods,2013-08-01,All India,8.15533980582525,percent YoY growth,monthly,Index of Industrial Production (1).xlsx,
industry,IIP use-based,Intermediate Goods,2013-09-01,All India,6.02294455066923,percent YoY growth,monthly,Index of Industrial Production (1).xlsx,
industry,IIP use-based,Intermediate Goods,2013-10-01,All India,3.34288443170965,percent YoY growth,monthly,Index of Industrial Production (1).xlsx,
industry,IIP use-based,Intermediate Goods,2013-11-01,All India,4.8951048951049,percent YoY growth,monthly,Index of Industrial Production (1).xlsx,
industry,IIP use-based,Intermediate Goods,2013-12-01,All India,4.90286771507864,percent YoY growth,monthly,Index of Industrial Production (1).xlsx,
industry,IIP use-based,Intermediate Goods,2014-01-01,All India,5.01392757660166,percent YoY growth,monthly,Index of Industrial Production (1).xlsx,
industry,IIP use-based,Intermediate Goods,2014-02-01,All India,5.23763336566441,percent YoY growth,monthly,Index of Industrial Production (1).xlsx,
industry,IIP use-based,Intermediate Goods,2014-03-01,All India,6.09756097560976,percent YoY growth,monthly,Index of Industrial Production (1).xlsx,
industry,IIP use-based,Intermediate Goods,2014-04-01,All India,12.3800383877159,percent YoY growth,monthly,Index of Industrial Production (1).xlsx,
industry,IIP use-based,Intermediate Goods,2014-05-01,All India,9.98116760828625,percent YoY growth,monthly,Index of Industrial Production (1).xlsx,
industry,IIP use-based,Intermediate Goods,2014-06-01,All India,11.0266159695817,percent YoY growth,monthly,Index of Industrial Production (1).xlsx,
industry,IIP use-based,Intermediate Goods,2014-07-01,All India,6.48648648648649,percent YoY growth,monthly,Index of Industrial Production (1).xlsx,
industry,IIP use-based,Intermediate Goods,2014-08-01,All India,5.56552962298024,percent YoY growth,monthly,Index of Industrial Production (1).xlsx,
industry,IIP use-based,Intermediate Goods,2014-09-01,All India,5.95130748422001,percent YoY growth,monthly,Index of Industrial Production (1).xlsx,
industry,IIP use-based,Intermediate Goods,2014-10-01,All India,2.77264325323475,percent YoY growth,monthly,Index of Industrial Production (1).xlsx,
industry,IIP use-based,Intermediate Goods,2014-11-01,All India,8.95238095238096,percent YoY growth,monthly,Index of Industrial Production (1).xlsx,
industry,IIP use-based,Intermediate Goods,2014-12-01,All India,3.35097001763668,percent YoY growth,monthly,Index of Industrial Production (1).xlsx,
industry,IIP use-based,Intermediate Goods,2015-01-01,All India,3.53669319186561,percent YoY growth,monthly,Index of Industrial Production (1).xlsx,
industry,IIP use-based,Intermediate Goods,2015-02-01,All India,3.31797235023041,percent YoY growth,monthly,Index of Industrial Production (1).xlsx,
industry,IIP use-based,Intermediate Goods,2015-03-01,All India,1.39573070607554,percent YoY growth,monthly,Index of Industrial Production (1).xlsx,
industry,IIP use-based,Intermediate Goods,2015-04-01,All India,-1.19555935098206,percent YoY growth,monthly,Index of Industrial Production (1).xlsx,
industry,IIP use-based,Intermediate Goods,2015-05-01,All India,0.513698630136994,percent YoY growth,monthly,Index of Industrial Production (1).xlsx,
industry,IIP use-based,Intermediate Goods,2015-06-01,All India,-1.88356164383562,percent YoY growth,monthly,Index of Industrial Production (1).xlsx,
industry,IIP use-based,Intermediate Goods,2015-07-01,All India,1.69204737732657,percent YoY growth,monthly,Index of Industrial Production (1).xlsx,
industry,IIP use-based,Intermediate Goods,2015-08-01,All India,0.51020408163266,percent YoY growth,monthly,Index of Industrial Production (1).xlsx,
industry,IIP use-based,Intermediate Goods,2015-09-01,All India,1.27659574468085,percent YoY growth,monthly,Index of Industrial Production (1).xlsx,
industry,IIP use-based,Intermediate Goods,2015-10-01,All India,5.03597122302158,percent YoY growth,monthly,Index of Industrial Production (1).xlsx,
industry,IIP use-based,Intermediate Goods,2015-11-01,All India,-2.62237762237762,percent YoY growth,monthly,Index of Industrial Production (1).xlsx,
industry,IIP use-based,Intermediate Goods,2015-12-01,All India,1.87713310580205,percent YoY growth,monthly,Index of Industrial Production (1).xlsx,
industry,IIP use-based,Intermediate Goods,2016-01-01,All India,2.47651579846286,percent YoY growth,monthly,Index of Industrial Production (1).xlsx,
industry,IIP use-based,Intermediate Goods,2016-02-01,All India,5.26315789473685,percent YoY growth,monthly,Index of Industrial Production (1).xlsx,
industry,IIP use-based,Intermediate Goods,2016-03-01,All India,5.34412955465587,percent YoY growth,monthly,Index of Industrial Production (1).xlsx,
industry,IIP use-based,Intermediate Goods,2016-04-01,All India,-0.259291270527223,percent YoY growth,monthly,Index of Industrial Production (1).xlsx,
industry,IIP use-based,Intermediate Goods,2016-05-01,All India,4.34412265758091,percent YoY growth,monthly,Index of Industrial Production (1).xlsx,
industry,IIP use-based,Intermediate Goods,2016-06-01,All India,6.02094240837697,percent YoY growth,monthly,Index of Industrial Production (1).xlsx,
industry,IIP use-based,Intermediate Goods,2016-07-01,All India,2.49584026622296,percent YoY growth,monthly,Index of Industrial Production (1).xlsx,
industry,IIP use-based,Intermediate Goods,2016-08-01,All India,4.56852791878172,percent YoY growth,monthly,Index of Industrial Production (1).xlsx,
industry,IIP use-based,Intermediate Goods,2016-09-01,All India,1.84873949579832,percent YoY growth,monthly,Index of Industrial Production (1).xlsx,
industry,IIP use-based,Intermediate Goods,2016-10-01,All India,4.70890410958904,percent YoY growth,monthly,Index of Industrial Production (1).xlsx,
industry,IIP use-based,Intermediate Goods,2016-11-01,All India,5.65529622980251,percent YoY growth,monthly,Index of Industrial Production (1).xlsx,
industry,IIP use-based,Intermediate Goods,2016-12-01,All India,2.09380234505863,percent YoY growth,monthly,Index of Industrial Production (1).xlsx,
industry,IIP use-based,Intermediate Goods,2017-01-01,All India,3.25000000000001,percent YoY growth,monthly,Index of Industrial Production (1).xlsx,
industry,IIP use-based,Intermediate Goods,2017-02-01,All India,2.28813559322034,percent YoY growth,monthly,Index of Industrial Production (1).xlsx,
industry,IIP use-based,Intermediate Goods,2017-03-01,All India,3.07455803228286,percent YoY growth,monthly,Index of Industrial Production (1).xlsx,
industry,IIP use-based,Intermediate Goods,2017-04-01,All India,3.63951473136914,percent YoY growth,monthly,Index of Industrial Production (1).xlsx,
industry,IIP use-based,Intermediate Goods,2017-05-01,All India,0.653061224489794,percent YoY growth,monthly,Index of Industrial Production (1).xlsx,
industry,IIP use-based,Intermediate Goods,2017-06-01,All India,-1.23456790123457,percent YoY growth,monthly,Index of Industrial Production (1).xlsx,
industry,IIP use-based,Intermediate Goods,2017-07-01,All India,-2.75974025974026,percent YoY growth,monthly,Index of Industrial Production (1).xlsx,
industry,IIP use-based,Intermediate Goods,2017-08-01,All India,-0.485436893203879,percent YoY growth,monthly,Index of Industrial Production (1).xlsx,
industry,IIP use-based,Intermediate Goods,2017-09-01,All India,2.14521452145214,percent YoY growth,monthly,Index of Industrial Production (1).xlsx,
industry,IIP use-based,Intermediate Goods,2017-10-01,All India,0.24529844644317,percent YoY growth,monthly,Index of Industrial Production (1).xlsx,
industry,IIP use-based,Intermediate Goods,2017-11-01,All India,6.54205607476636,percent YoY growth,monthly,Index of Industrial Production (1).xlsx,
industry,IIP use-based,Intermediate Goods,2017-12-01,All India,7.46513535684987,percent YoY growth,monthly,Index of Industrial Production (1).xlsx,
industry,IIP use-based,Intermediate Goods,2018-01-01,All India,5.40758676351896,percent YoY growth,monthly,Index of Industrial Production (1).xlsx,
industry,IIP use-based,Intermediate Goods,2018-02-01,All India,3.39685169842584,percent YoY growth,monthly,Index of Industrial Production (1).xlsx,
industry,IIP use-based,Intermediate Goods,2018-03-01,All India,2.46085011185683,percent YoY growth,monthly,Index of Industrial Production (1).xlsx,
industry,IIP use-based,Intermediate Goods,2018-04-01,All India,0.418060200668896,percent YoY growth,monthly,Index of Industrial Production (1).xlsx,
industry,IIP use-based,Intermediate Goods,2018-05-01,All India,0.0811030008110369,percent YoY growth,monthly,Index of Industrial Production (1).xlsx,
industry,IIP use-based,Intermediate Goods,2018-06-01,All India,1.5,percent YoY growth,monthly,Index of Industrial Production (1).xlsx,
industry,IIP use-based,Intermediate Goods,2018-07-01,All India,1.33555926544241,percent YoY growth,monthly,Index of Industrial Production (1).xlsx,
industry,IIP use-based,Intermediate Goods,2018-08-01,All India,2.92682926829268,percent YoY growth,monthly,Index of Industrial Production (1).xlsx,
industry,IIP use-based,Intermediate Goods,2018-09-01,All India,1.45395799676898,percent YoY growth,monthly,Index of Industrial Production (1).xlsx,
industry,IIP use-based,Intermediate Goods,2018-10-01,All India,2.36541598694943,percent YoY growth,monthly,Index of Industrial Production (1).xlsx,
industry,IIP use-based,Intermediate Goods,2018-11-01,All India,-4.14673046251994,percent YoY growth,monthly,Index of Industrial Production (1).xlsx,
industry,IIP use-based,Intermediate Goods,2018-12-01,All India,-0.839694656488545,percent YoY growth,monthly,Index of Industrial Production (1).xlsx,
industry,IIP use-based,Intermediate Goods,2019-01-01,All India,-2.75650842266462,percent YoY growth,monthly,Index of Industrial Production (1).xlsx,
industry,IIP use-based,Intermediate Goods,2019-02-01,All India,-5.04807692307692,percent YoY growth,monthly,Index of Industrial Production (1).xlsx,
industry,IIP use-based,Intermediate Goods,2019-03-01,All India,12.372634643377,percent YoY growth,monthly,Index of Industrial Production (1).xlsx,
industry,IIP use-based,Intermediate Goods,2019-04-01,All India,2.99750208159868,percent YoY growth,monthly,Index of Industrial Production (1).xlsx,
industry,IIP use-based,Intermediate Goods,2019-05-01,All India,12.4797406807131,percent YoY growth,monthly,Index of Industrial Production (1).xlsx,
industry,IIP use-based,Intermediate Goods,2019-06-01,All India,12.0689655172414,percent YoY growth,monthly,Index of Industrial Production (1).xlsx,
industry,IIP use-based,Intermediate Goods,2019-07-01,All India,15.6507413509061,percent YoY growth,monthly,Index of Industrial Production (1).xlsx,
industry,IIP use-based,Intermediate Goods,2019-08-01,All India,7.34597156398105,percent YoY growth,monthly,Index of Industrial Production (1).xlsx,
industry,IIP use-based,Intermediate Goods,2019-09-01,All India,6.76751592356688,percent YoY growth,monthly,Index of Industrial Production (1).xlsx,
industry,IIP use-based,Intermediate Goods,2019-10-01,All India,8.68525896414343,percent YoY growth,monthly,Index of Industrial Production (1).xlsx,
industry,IIP use-based,Intermediate Goods,2019-11-01,All India,17.2212978369384,percent YoY growth,monthly,Index of Industrial Production (1).xlsx,
industry,IIP use-based,Intermediate Goods,2019-12-01,All India,13.0869899923018,percent YoY growth,monthly,Index of Industrial Production (1).xlsx,
industry,IIP use-based,Intermediate Goods,2020-01-01,All India,15.5905511811024,percent YoY growth,monthly,Index of Industrial Production (1).xlsx,
industry,IIP use-based,Intermediate Goods,2020-02-01,All India,23.0379746835443,percent YoY growth,monthly,Index of Industrial Production (1).xlsx,
industry,IIP use-based,Intermediate Goods,2020-03-01,All India,-18.5880829015544,percent YoY growth,monthly,Index of Industrial Production (1).xlsx,
industry,IIP use-based,Intermediate Goods,2020-04-01,All India,-63.9450282942603,percent YoY growth,monthly,Index of Industrial Production (1).xlsx,
industry,IIP use-based,Intermediate Goods,2020-05-01,All India,-39.6974063400576,percent YoY growth,monthly,Index of Industrial Production (1).xlsx,
industry,IIP use-based,Intermediate Goods,2020-06-01,All India,-20.7326007326007,percent YoY growth,monthly,Index of Industrial Production (1).xlsx,
industry,IIP use-based,Intermediate Goods,2020-07-01,All India,-10.6837606837607,percent YoY growth,monthly,Index of Industrial Production (1).xlsx,
industry,IIP use-based,Intermediate Goods,2020-08-01,All India,-4.78292862398823,percent YoY growth,monthly,Index of Industrial Production (1).xlsx,
industry,IIP use-based,Intermediate Goods,2020-09-01,All India,-0.372856077554064,percent YoY growth,monthly,Index of Industrial Production (1).xlsx,
industry,IIP use-based,Intermediate Goods,2020-10-01,All India,3.15249266862169,percent YoY growth,monthly,Index of Industrial Production (1).xlsx,
industry,IIP use-based,Intermediate Goods,2020-11-01,All India,-1.77430801987225,percent YoY growth,monthly,Index of Industrial Production (1).xlsx,
industry,IIP use-based,Intermediate Goods,2020-12-01,All India,2.31449965963241,percent YoY growth,monthly,Index of Industrial Production (1).xlsx,
industry,IIP use-based,Intermediate Goods,2021-01-01,All India,1.97547683923704,percent YoY growth,monthly,Index of Industrial Production (1).xlsx,
industry,IIP use-based,Intermediate Goods,2021-02-01,All India,-5.34979423868313,percent YoY growth,monthly,Index of Industrial Production (1).xlsx,
industry,IIP use-based,Intermediate Goods,2021-03-01,All India,22.4343675417661,percent YoY growth,monthly,Index of Industrial Production (1).xlsx,
industry,IIP use-based,Intermediate Goods,2021-05-01,All India,54.2413381123058,percent YoY growth,monthly,Index of Industrial Production (1).xlsx,
industry,IIP use-based,Intermediate Goods,2021-06-01,All India,22.6432532347505,percent YoY growth,monthly,Index of Industrial Production (1).xlsx,
industry,IIP use-based,Intermediate Goods,2021-07-01,All India,14.5933014354067,percent YoY growth,monthly,Index of Industrial Production (1).xlsx,
industry,IIP use-based,Intermediate Goods,2021-08-01,All India,11.8238021638331,percent YoY growth,monthly,Index of Industrial Production (1).xlsx,
industry,IIP use-based,Intermediate Goods,2021-09-01,All India,6.96107784431139,percent YoY growth,monthly,Index of Industrial Production (1).xlsx,
industry,IIP use-based,Intermediate Goods,2021-10-01,All India,4.61975835110164,percent YoY growth,monthly,Index of Industrial Production (1).xlsx,
industry,IIP use-based,Intermediate Goods,2021-11-01,All India,2.09537572254336,percent YoY growth,monthly,Index of Industrial Production (1).xlsx,
industry,IIP use-based,Intermediate Goods,2021-12-01,All India,0.998003992015968,percent YoY growth,monthly,Index of Industrial Production (1).xlsx,
industry,IIP use-based,Intermediate Goods,2022-01-01,All India,2.53841015364062,percent YoY growth,monthly,Index of Industrial Production (1).xlsx,
industry,IIP use-based,Intermediate Goods,2022-02-01,All India,4.13043478260869,percent YoY growth,monthly,Index of Industrial Production (1).xlsx,
industry,IIP use-based,Intermediate Goods,2022-03-01,All India,1.75438596491227,percent YoY growth,monthly,Index of Industrial Production (1).xlsx,
industry,IIP use-based,Intermediate Goods,2022-04-01,All India,7.09169054441261,percent YoY growth,monthly,Index of Industrial Production (1).xlsx,
industry,IIP use-based,Intermediate Goods,2022-05-01,All India,17.5058094500387,percent YoY growth,monthly,Index of Industrial Production (1).xlsx,
industry,IIP use-based,Intermediate Goods,2022-06-01,All India,10.4747550866616,percent YoY growth,monthly,Index of Industrial Production (1).xlsx,
industry,IIP use-based,Intermediate Goods,2022-07-01,All India,3.68823938761309,percent YoY growth,monthly,Index of Industrial Production (1).xlsx,
industry,IIP use-based,Intermediate Goods,2022-08-01,All India,1.31306150656531,percent YoY growth,monthly,Index of Industrial Production (1).xlsx,
industry,IIP use-based,Intermediate Goods,2022-09-01,All India,1.67949615115466,percent YoY growth,monthly,Index of Industrial Production (1).xlsx,
industry,IIP use-based,Intermediate Goods,2022-10-01,All India,-2.30978260869564,percent YoY growth,monthly,Index of Industrial Production (1).xlsx,
industry,IIP use-based,Intermediate Goods,2022-11-01,All India,3.53857041755131,percent YoY growth,monthly,Index of Industrial Production (1).xlsx,
industry,IIP use-based,Intermediate Goods,2022-12-01,All India,1.5151515151515,percent YoY growth,monthly,Index of Industrial Production (1).xlsx,
industry,IIP use-based,Intermediate Goods,2023-01-01,All India,1.36807817589576,percent YoY growth,monthly,Index of Industrial Production (1).xlsx,
industry,IIP use-based,Intermediate Goods,2023-02-01,All India,0.97425191370912,percent YoY growth,monthly,Index of Industrial Production (1).xlsx,
industry,IIP use-based,Intermediate Goods,2023-03-01,All India,1.78799489144317,percent YoY growth,monthly,Index of Industrial Production (1).xlsx,
industry,IIP use-based,Intermediate Goods,2023-04-01,All India,1.67224080267559,percent YoY growth,monthly,Index of Industrial Production (1).xlsx,
industry,IIP use-based,Intermediate Goods,2023-05-01,All India,3.42781806196441,percent YoY growth,monthly,Index of Industrial Production (1).xlsx,
industry,IIP use-based,Intermediate Goods,2023-06-01,All India,5.18417462482946,percent YoY growth,monthly,Index of Industrial Production (1).xlsx,
industry,IIP use-based,Intermediate Goods,2023-07-01,All India,3.22147651006712,percent YoY growth,monthly,Index of Industrial Production (1).xlsx,
industry,IIP use-based,Intermediate Goods,2023-08-01,All India,7.36698499317873,percent YoY growth,monthly,Index of Industrial Production (1).xlsx,
industry,IIP use-based,Intermediate Goods,2023-09-01,All India,6.12525808671712,percent YoY growth,monthly,Index of Industrial Production (1).xlsx,
industry,IIP use-based,Intermediate Goods,2023-10-01,All India,9.52712100139081,percent YoY growth,monthly,Index of Industrial Production (1).xlsx,
industry,IIP use-based,Intermediate Goods,2023-11-01,All India,3.41763499658236,percent YoY growth,monthly,Index of Industrial Production (1).xlsx,
industry,IIP use-based,Intermediate Goods,2023-12-01,All India,3.6988968202466,percent YoY growth,monthly,Index of Industrial Production (1).xlsx,
industry,IIP use-based,Intermediate Goods,2024-01-01,All India,5.26992287917739,percent YoY growth,monthly,Index of Industrial Production (1).xlsx,
industry,IIP use-based,Intermediate Goods,2024-02-01,All India,8.61474844934528,percent YoY growth,monthly,Index of Industrial Production (1).xlsx,
industry,IIP use-based,Intermediate Goods,2024-03-01,All India,6.14805520702634,percent YoY growth,monthly,Index of Industrial Production (1).xlsx,
industry,IIP use-based,Intermediate Goods,2024-04-01,All India,3.81578947368422,percent YoY growth,monthly,Index of Industrial Production (1).xlsx,
industry,IIP use-based,Intermediate Goods,2024-05-01,All India,3.50541746335245,percent YoY growth,monthly,Index of Industrial Production (1).xlsx,
industry,IIP use-based,Intermediate Goods,2024-06-01,All India,3.17769130998703,percent YoY growth,monthly,Index of Industrial Production (1).xlsx,
industry,IIP use-based,Intermediate Goods,2024-07-01,All India,7.02210663198959,percent YoY growth,monthly,Index of Industrial Production (1).xlsx,
industry,IIP use-based,Intermediate Goods,2024-08-01,All India,3.11308767471411,percent YoY growth,monthly,Index of Industrial Production (1).xlsx,
industry,IIP use-based,Intermediate Goods,2024-09-01,All India,4.28015564202336,percent YoY growth,monthly,Index of Industrial Production (1).xlsx,
industry,IIP use-based,Intermediate Goods,2024-10-01,All India,4.76190476190476,percent YoY growth,monthly,Index of Industrial Production (1).xlsx,
industry,IIP use-based,Intermediate Goods,2024-11-01,All India,4.75875743555849,percent YoY growth,monthly,Index of Industrial Production (1).xlsx,
industry,IIP use-based,Intermediate Goods,2024-12-01,All India,6.44555694618272,percent YoY growth,monthly,Index of Industrial Production (1).xlsx,
industry,IIP use-based,Intermediate Goods,2025-01-01,All India,5.3113553113553,percent YoY growth,monthly,Index of Industrial Production (1).xlsx,
industry,IIP use-based,Intermediate Goods,2025-02-01,All India,0.951776649746193,percent YoY growth,monthly,Index of Industrial Production (1).xlsx,
industry,IIP use-based,Intermediate Goods,2025-03-01,All India,3.78250591016549,percent YoY growth,monthly,Index of Industrial Production (1).xlsx,
industry,IIP use-based,Intermediate Goods,2025-04-01,All India,4.87959442332065,percent YoY growth,monthly,Index of Industrial Production (1).xlsx,
industry,IIP use-based,Intermediate Goods,2025-05-01,All India,4.67980295566502,percent YoY growth,monthly,Index of Industrial Production (1).xlsx,
industry,IIP use-based,Intermediate Goods,2025-06-01,All India,5.46825895663106,percent YoY growth,monthly,Index of Industrial Production (1).xlsx,
industry,IIP use-based,Intermediate Goods,2025-07-01,All India,6.07533414337789,percent YoY growth,monthly,Index of Industrial Production (1).xlsx,
industry,IIP use-based,Intermediate Goods,2025-08-01,All India,5.17560073937152,percent YoY growth,monthly,Index of Industrial Production (1).xlsx,
industry,IIP use-based,Intermediate Goods,2025-09-01,All India,6.34328358208954,percent YoY growth,monthly,Index of Industrial Production (1).xlsx,
industry,IIP use-based,Intermediate Goods,2025-10-01,All India,2.54545454545454,percent YoY growth,monthly,Index of Industrial Production (1).xlsx,
industry,IIP use-based,Intermediate Goods,2025-11-01,All India,7.38170347003154,percent YoY growth,monthly,Index of Industrial Production (1).xlsx,
industry,IIP use-based,Intermediate Goods,2025-12-01,All India,7.76014109347444,percent YoY growth,monthly,Index of Industrial Production (1).xlsx,
industry,IIP use-based,Intermediate Goods,2026-01-01,All India,6.2608695652174,percent YoY growth,monthly,Index of Industrial Production (1).xlsx,
industry,IIP use-based,Intermediate Goods,2026-02-01,All India,7.16530483972345,percent YoY growth,monthly,Index of Industrial Production (1).xlsx,
industry,IIP use-based,Intermediate Goods,2026-03-01,All India,3.30296127562643,percent YoY growth,monthly,Index of Industrial Production (1).xlsx,
industry,IIP use-based,Manufacture of basic metals,2013-04-01,All India,8.5494716618636,percent YoY growth,monthly,Index of Industrial Production (1).xlsx,
industry,IIP use-based,Manufacture of basic metals,2013-05-01,All India,-4.27493713327745,percent YoY growth,monthly,Index of Industrial Production (1).xlsx,
industry,IIP use-based,Manufacture of basic metals,2013-06-01,All India,-2.16165413533836,percent YoY growth,monthly,Index of Industrial Production (1).xlsx,
industry,IIP use-based,Manufacture of basic metals,2013-07-01,All India,2.73972602739726,percent YoY growth,monthly,Index of Industrial Production (1).xlsx,
industry,IIP use-based,Manufacture of basic metals,2013-08-01,All India,12.3395853899309,percent YoY growth,monthly,Index of Industrial Production (1).xlsx,
industry,IIP use-based,Manufacture of basic metals,2013-09-01,All India,4.27350427350427,percent YoY growth,monthly,Index of Industrial Production (1).xlsx,
industry,IIP use-based,Manufacture of basic metals,2013-10-01,All India,4.3731778425656,percent YoY growth,monthly,Index of Industrial Production (1).xlsx,
industry,IIP use-based,Manufacture of basic metals,2013-11-01,All India,4.11483253588516,percent YoY growth,monthly,Index of Industrial Production (1).xlsx,
industry,IIP use-based,Manufacture of basic metals,2013-12-01,All India,1.45586897179253,percent YoY growth,monthly,Index of Industrial Production (1).xlsx,
industry,IIP use-based,Manufacture of basic metals,2014-01-01,All India,9.55414012738853,percent YoY growth,monthly,Index of Industrial Production (1).xlsx,
industry,IIP use-based,Manufacture of basic metals,2014-02-01,All India,9.19431279620853,percent YoY growth,monthly,Index of Industrial Production (1).xlsx,
industry,IIP use-based,Manufacture of basic metals,2014-03-01,All India,3.63636363636364,percent YoY growth,monthly,Index of Industrial Production (1).xlsx,
industry,IIP use-based,Manufacture of basic metals,2014-04-01,All India,4.33628318584071,percent YoY growth,monthly,Index of Industrial Production (1).xlsx,
industry,IIP use-based,Manufacture of basic metals,2014-05-01,All India,11.7338003502627,percent YoY growth,monthly,Index of Industrial Production (1).xlsx,
industry,IIP use-based,Manufacture of basic metals,2014-06-01,All India,20.7492795389049,percent YoY growth,monthly,Index of Industrial Production (1).xlsx,
industry,IIP use-based,Manufacture of basic metals,2014-07-01,All India,12.4444444444444,percent YoY growth,monthly,Index of Industrial Production (1).xlsx,
industry,IIP use-based,Manufacture of basic metals,2014-08-01,All India,8.69947275922672,percent YoY growth,monthly,Index of Industrial Production (1).xlsx,
industry,IIP use-based,Manufacture of basic metals,2014-09-01,All India,8.83424408014572,percent YoY growth,monthly,Index of Industrial Production (1).xlsx,
industry,IIP use-based,Manufacture of basic metals,2014-10-01,All India,15.2700186219739,percent YoY growth,monthly,Index of Industrial Production (1).xlsx,
industry,IIP use-based,Manufacture of basic metals,2014-11-01,All India,13.7867647058824,percent YoY growth,monthly,Index of Industrial Production (1).xlsx,
industry,IIP use-based,Manufacture of basic metals,2014-12-01,All India,11.3004484304933,percent YoY growth,monthly,Index of Industrial Production (1).xlsx,
industry,IIP use-based,Manufacture of basic metals,2015-01-01,All India,6.56146179401994,percent YoY growth,monthly,Index of Industrial Production (1).xlsx,
industry,IIP use-based,Manufacture of basic metals,2015-02-01,All India,1.38888888888888,percent YoY growth,monthly,Index of Industrial Production (1).xlsx,
industry,IIP use-based,Manufacture of basic metals,2015-03-01,All India,3.67585630743525,percent YoY growth,monthly,Index of Industrial Production (1).xlsx,
industry,IIP use-based,Manufacture of basic metals,2015-04-01,All India,5.25869380831212,percent YoY growth,monthly,Index of Industrial Production (1).xlsx,
industry,IIP use-based,Manufacture of basic metals,2015-05-01,All India,-0.705329153605009,percent YoY growth,monthly,Index of Industrial Production (1).xlsx,
industry,IIP use-based,Manufacture of basic metals,2015-06-01,All India,-1.11376292760541,percent YoY growth,monthly,Index of Industrial Production (1).xlsx,
industry,IIP use-based,Manufacture of basic metals,2015-07-01,All India,-0.158102766798421,percent YoY growth,monthly,Index of Industrial Production (1).xlsx,
industry,IIP use-based,Manufacture of basic metals,2015-08-01,All India,0.242522231204525,percent YoY growth,monthly,Index of Industrial Production (1).xlsx,
industry,IIP use-based,Manufacture of basic metals,2015-09-01,All India,-0.753138075313812,percent YoY growth,monthly,Index of Industrial Production (1).xlsx,
industry,IIP use-based,Manufacture of basic metals,2015-10-01,All India,-3.87722132471728,percent YoY growth,monthly,Index of Industrial Production (1).xlsx,
industry,IIP use-based,Manufacture of basic metals,2015-11-01,All India,-7.02746365105008,percent YoY growth,monthly,Index of Industrial Production (1).xlsx,
industry,IIP use-based,Manufacture of basic metals,2015-12-01,All India,-1.93392425463335,percent YoY growth,monthly,Index of Industrial Production (1).xlsx,
industry,IIP use-based,Manufacture of basic metals,2016-01-01,All India,-1.16913484021825,percent YoY growth,monthly,Index of Industrial Production (1).xlsx,
industry,IIP use-based,Manufacture of basic metals,2016-02-01,All India,7.96232876712329,percent YoY growth,monthly,Index of Industrial Production (1).xlsx,
industry,IIP use-based,Manufacture of basic metals,2016-03-01,All India,11.7647058823529,percent YoY growth,monthly,Index of Industrial Production (1).xlsx,
industry,IIP use-based,Manufacture of basic metals,2016-04-01,All India,-1.36986301369862,percent YoY growth,monthly,Index of Industrial Production (1).xlsx,
industry,IIP use-based,Manufacture of basic metals,2016-05-01,All India,6.23520126282557,percent YoY growth,monthly,Index of Industrial Production (1).xlsx,
industry,IIP use-based,Manufacture of basic metals,2016-06-01,All India,5.39018503620274,percent YoY growth,monthly,Index of Industrial Production (1).xlsx,
industry,IIP use-based,Manufacture of basic metals,2016-07-01,All India,0.237529691211399,percent YoY growth,monthly,Index of Industrial Production (1).xlsx,
industry,IIP use-based,Manufacture of basic metals,2016-08-01,All India,7.82258064516128,percent YoY growth,monthly,Index of Industrial Production (1).xlsx,
industry,IIP use-based,Manufacture of basic metals,2016-09-01,All India,9.4435075885329,percent YoY growth,monthly,Index of Industrial Production (1).xlsx,
industry,IIP use-based,Manufacture of basic metals,2016-10-01,All India,9.83193277310923,percent YoY growth,monthly,Index of Industrial Production (1).xlsx,
industry,IIP use-based,Manufacture of basic metals,2016-11-01,All India,4.86533449174632,percent YoY growth,monthly,Index of Industrial Production (1).xlsx,
industry,IIP use-based,Manufacture of basic metals,2016-12-01,All India,9.44946589975348,percent YoY growth,monthly,Index of Industrial Production (1).xlsx,
industry,IIP use-based,Manufacture of basic metals,2017-01-01,All India,8.28075709779181,percent YoY growth,monthly,Index of Industrial Production (1).xlsx,
industry,IIP use-based,Manufacture of basic metals,2017-02-01,All India,2.37906423473434,percent YoY growth,monthly,Index of Industrial Production (1).xlsx,
industry,IIP use-based,Manufacture of basic metals,2017-03-01,All India,-0.720980533525595,percent YoY growth,monthly,Index of Industrial Production (1).xlsx,
industry,IIP use-based,Manufacture of basic metals,2017-04-01,All India,7.10784313725489,percent YoY growth,monthly,Index of Industrial Production (1).xlsx,
industry,IIP use-based,Manufacture of basic metals,2017-05-01,All India,0.594353640416056,percent YoY growth,monthly,Index of Industrial Production (1).xlsx,
industry,IIP use-based,Manufacture of basic metals,2017-06-01,All India,3.12977099236641,percent YoY growth,monthly,Index of Industrial Production (1).xlsx,
industry,IIP use-based,Manufacture of basic metals,2017-07-01,All India,4.02843601895734,percent YoY growth,monthly,Index of Industrial Production (1).xlsx,
industry,IIP use-based,Manufacture of basic metals,2017-08-01,All India,1.8698578908003,percent YoY growth,monthly,Index of Industrial Production (1).xlsx,
industry,IIP use-based,Manufacture of basic metals,2017-09-01,All India,2.54237288135592,percent YoY growth,monthly,Index of Industrial Production (1).xlsx,
industry,IIP use-based,Manufacture of basic metals,2017-10-01,All India,6.04437643458302,percent YoY growth,monthly,Index of Industrial Production (1).xlsx,
industry,IIP use-based,Manufacture of basic metals,2017-11-01,All India,13.1731565865783,percent YoY growth,monthly,Index of Industrial Production (1).xlsx,
industry,IIP use-based,Manufacture of basic metals,2017-12-01,All India,5.33033033033035,percent YoY growth,monthly,Index of Industrial Production (1).xlsx,
industry,IIP use-based,Manufacture of basic metals,2018-01-01,All India,4.66132556445738,percent YoY growth,monthly,Index of Industrial Production (1).xlsx,
industry,IIP use-based,Manufacture of basic metals,2018-02-01,All India,10.7668474051123,percent YoY growth,monthly,Index of Industrial Production (1).xlsx,
industry,IIP use-based,Manufacture of basic metals,2018-03-01,All India,9.87654320987656,percent YoY growth,monthly,Index of Industrial Production (1).xlsx,
industry,IIP use-based,Manufacture of basic metals,2018-04-01,All India,2.21205186880245,percent YoY growth,monthly,Index of Industrial Production (1).xlsx,
industry,IIP use-based,Manufacture of basic metals,2018-05-01,All India,2.14180206794683,percent YoY growth,monthly,Index of Industrial Production (1).xlsx,
industry,IIP use-based,Manufacture of basic metals,2018-06-01,All India,2.88675055514434,percent YoY growth,monthly,Index of Industrial Production (1).xlsx,
industry,IIP use-based,Manufacture of basic metals,2018-07-01,All India,3.94836750189827,percent YoY growth,monthly,Index of Industrial Production (1).xlsx,
industry,IIP use-based,Manufacture of basic metals,2018-08-01,All India,3.08370044052865,percent YoY growth,monthly,Index of Industrial Production (1).xlsx,
industry,IIP use-based,Manufacture of basic metals,2018-09-01,All India,4.20736288504883,percent YoY growth,monthly,Index of Industrial Production (1).xlsx,
industry,IIP use-based,Manufacture of basic metals,2018-10-01,All India,3.31890331890332,percent YoY growth,monthly,Index of Industrial Production (1).xlsx,
industry,IIP use-based,Manufacture of basic metals,2018-11-01,All India,2.12298682284041,percent YoY growth,monthly,Index of Industrial Production (1).xlsx,
industry,IIP use-based,Manufacture of basic metals,2018-12-01,All India,4.34782608695652,percent YoY growth,monthly,Index of Industrial Production (1).xlsx,
industry,IIP use-based,Manufacture of basic metals,2019-01-01,All India,1.60055671537927,percent YoY growth,monthly,Index of Industrial Production (1).xlsx,
industry,IIP use-based,Manufacture of basic metals,2019-02-01,All India,-2.02797202797203,percent YoY growth,monthly,Index of Industrial Production (1).xlsx,
industry,IIP use-based,Manufacture of basic metals,2019-03-01,All India,17.1183079973562,percent YoY growth,monthly,Index of Industrial Production (1).xlsx,
industry,IIP use-based,Manufacture of basic metals,2019-04-01,All India,2.61194029850746,percent YoY growth,monthly,Index of Industrial Production (1).xlsx,
industry,IIP use-based,Manufacture of basic metals,2019-05-01,All India,20.7519884309472,percent YoY growth,monthly,Index of Industrial Production (1).xlsx,
industry,IIP use-based,Manufacture of basic metals,2019-06-01,All India,18.0575539568345,percent YoY growth,monthly,Index of Industrial Production (1).xlsx,
industry,IIP use-based,Manufacture of basic metals,2019-07-01,All India,20.3067932797662,percent YoY growth,monthly,Index of Industrial Production (1).xlsx,
industry,IIP use-based,Manufacture of basic metals,2019-08-01,All India,11.7521367521368,percent YoY growth,monthly,Index of Industrial Production (1).xlsx,
industry,IIP use-based,Manufacture of basic metals,2019-09-01,All India,8.43547224224947,percent YoY growth,monthly,Index of Industrial Production (1).xlsx,
industry,IIP use-based,Manufacture of basic metals,2019-10-01,All India,9.14804469273745,percent YoY growth,monthly,Index of Industrial Production (1).xlsx,
industry,IIP use-based,Manufacture of basic metals,2019-11-01,All India,15.0537634408602,percent YoY growth,monthly,Index of Industrial Production (1).xlsx,
industry,IIP use-based,Manufacture of basic metals,2019-12-01,All India,16.7349726775956,percent YoY growth,monthly,Index of Industrial Production (1).xlsx,
industry,IIP use-based,Manufacture of basic metals,2020-01-01,All India,15.5479452054794,percent YoY growth,monthly,Index of Industrial Production (1).xlsx,
industry,IIP use-based,Manufacture of basic metals,2020-02-01,All India,20.9850107066381,percent YoY growth,monthly,Index of Industrial Production (1).xlsx,
industry,IIP use-based,Manufacture of basic metals,2020-03-01,All India,-19.3002257336343,percent YoY growth,monthly,Index of Industrial Production (1).xlsx,
industry,IIP use-based,Manufacture of basic metals,2020-04-01,All India,-70.6909090909091,percent YoY growth,monthly,Index of Industrial Production (1).xlsx,
industry,IIP use-based,Manufacture of basic metals,2020-05-01,All India,-38.2035928143713,percent YoY growth,monthly,Index of Industrial Production (1).xlsx,
industry,IIP use-based,Manufacture of basic metals,2020-06-01,All India,-19.8659354052407,percent YoY growth,monthly,Index of Industrial Production (1).xlsx,
industry,IIP use-based,Manufacture of basic metals,2020-07-01,All India,-7.04310868245294,percent YoY growth,monthly,Index of Industrial Production (1).xlsx,
industry,IIP use-based,Manufacture of basic metals,2020-08-01,All India,3.82409177820268,percent YoY growth,monthly,Index of Industrial Production (1).xlsx,
industry,IIP use-based,Manufacture of basic metals,2020-09-01,All India,6.71542553191489,percent YoY growth,monthly,Index of Industrial Production (1).xlsx,
industry,IIP use-based,Manufacture of basic metals,2020-10-01,All India,9.14907229686499,percent YoY growth,monthly,Index of Industrial Production (1).xlsx,
industry,IIP use-based,Manufacture of basic metals,2020-11-01,All India,3.05295950155764,percent YoY growth,monthly,Index of Industrial Production (1).xlsx,
industry,IIP use-based,Manufacture of basic metals,2020-12-01,All India,6.31948507899355,percent YoY growth,monthly,Index of Industrial Production (1).xlsx,
industry,IIP use-based,Manufacture of basic metals,2021-01-01,All India,6.57972732661531,percent YoY growth,monthly,Index of Industrial Production (1).xlsx,
industry,IIP use-based,Manufacture of basic metals,2021-02-01,All India,-3.48082595870207,percent YoY growth,monthly,Index of Industrial Production (1).xlsx,
industry,IIP use-based,Manufacture of basic metals,2021-03-01,All India,29.1608391608392,percent YoY growth,monthly,Index of Industrial Production (1).xlsx,
industry,IIP use-based,Manufacture of basic metals,2021-05-01,All India,54.8449612403101,percent YoY growth,monthly,Index of Industrial Production (1).xlsx,
industry,IIP use-based,Manufacture of basic metals,2021-06-01,All India,24.3346007604563,percent YoY growth,monthly,Index of Industrial Production (1).xlsx,
industry,IIP use-based,Manufacture of basic metals,2021-07-01,All India,11.7570215545395,percent YoY growth,monthly,Index of Industrial Production (1).xlsx,
industry,IIP use-based,Manufacture of basic metals,2021-08-01,All India,9.76058931860037,percent YoY growth,monthly,Index of Industrial Production (1).xlsx,
industry,IIP use-based,Manufacture of basic metals,2021-09-01,All India,8.84735202492211,percent YoY growth,monthly,Index of Industrial Production (1).xlsx,
industry,IIP use-based,Manufacture of basic metals,2021-10-01,All India,7.03399765533412,percent YoY growth,monthly,Index of Industrial Production (1).xlsx,
industry,IIP use-based,Manufacture of basic metals,2021-11-01,All India,6.22732769044739,percent YoY growth,monthly,Index of Industrial Production (1).xlsx,
industry,IIP use-based,Manufacture of basic metals,2021-12-01,All India,2.03632361034673,percent YoY growth,monthly,Index of Industrial Production (1).xlsx,
industry,IIP use-based,Manufacture of basic metals,2022-01-01,All India,6.56284760845383,percent YoY growth,monthly,Index of Industrial Production (1).xlsx,
industry,IIP use-based,Manufacture of basic metals,2022-02-01,All India,10.0244498777506,percent YoY growth,monthly,Index of Industrial Production (1).xlsx,
industry,IIP use-based,Manufacture of basic metals,2022-03-01,All India,7.85056848944234,percent YoY growth,monthly,Index of Industrial Production (1).xlsx,
industry,IIP use-based,Manufacture of basic metals,2022-04-01,All India,6.88427299703264,percent YoY growth,monthly,Index of Industrial Production (1).xlsx,
industry,IIP use-based,Manufacture of basic metals,2022-05-01,All India,16.5206508135169,percent YoY growth,monthly,Index of Industrial Production (1).xlsx,
industry,IIP use-based,Manufacture of basic metals,2022-06-01,All India,7.15596330275229,percent YoY growth,monthly,Index of Industrial Production (1).xlsx,
industry,IIP use-based,Manufacture of basic metals,2022-07-01,All India,6.72121566335476,percent YoY growth,monthly,Index of Industrial Production (1).xlsx,
industry,IIP use-based,Manufacture of basic metals,2022-08-01,All India,3.97091722595078,percent YoY growth,monthly,Index of Industrial Production (1).xlsx,
industry,IIP use-based,Manufacture of basic metals,2022-09-01,All India,6.29650829994276,percent YoY growth,monthly,Index of Industrial Production (1).xlsx,
industry,IIP use-based,Manufacture of basic metals,2022-10-01,All India,5.25739320920044,percent YoY growth,monthly,Index of Industrial Production (1).xlsx,
industry,IIP use-based,Manufacture of basic metals,2022-11-01,All India,9.67558338076266,percent YoY growth,monthly,Index of Industrial Production (1).xlsx,
industry,IIP use-based,Manufacture of basic metals,2022-12-01,All India,8.89967637540453,percent YoY growth,monthly,Index of Industrial Production (1).xlsx,
industry,IIP use-based,Manufacture of basic metals,2023-01-01,All India,10.0208768267223,percent YoY growth,monthly,Index of Industrial Production (1).xlsx,
industry,IIP use-based,Manufacture of basic metals,2023-02-01,All India,8.55555555555556,percent YoY growth,monthly,Index of Industrial Production (1).xlsx,
industry,IIP use-based,Manufacture of basic metals,2023-03-01,All India,7.42971887550201,percent YoY growth,monthly,Index of Industrial Production (1).xlsx,
industry,IIP use-based,Manufacture of basic metals,2023-04-01,All India,12.1043864519711,percent YoY growth,monthly,Index of Industrial Production (1).xlsx,
industry,IIP use-based,Manufacture of basic metals,2023-05-01,All India,10.7948442534909,percent YoY growth,monthly,Index of Industrial Production (1).xlsx,
industry,IIP use-based,Manufacture of basic metals,2023-06-01,All India,16.0958904109589,percent YoY growth,monthly,Index of Industrial Production (1).xlsx,
industry,IIP use-based,Manufacture of basic metals,2023-07-01,All India,14.6768893756846,percent YoY growth,monthly,Index of Industrial Production (1).xlsx,
industry,IIP use-based,Manufacture of basic metals,2023-08-01,All India,16.9445938676708,percent YoY growth,monthly,Index of Industrial Production (1).xlsx,
industry,IIP use-based,Manufacture of basic metals,2023-09-01,All India,15.0242326332795,percent YoY growth,monthly,Index of Industrial Production (1).xlsx,
industry,IIP use-based,Manufacture of basic metals,2023-10-01,All India,13.0072840790843,percent YoY growth,monthly,Index of Industrial Production (1).xlsx,
industry,IIP use-based,Manufacture of basic metals,2023-11-01,All India,7.5765438505449,percent YoY growth,monthly,Index of Industrial Production (1).xlsx,
industry,IIP use-based,Manufacture of basic metals,2023-12-01,All India,9.06389301634472,percent YoY growth,monthly,Index of Industrial Production (1).xlsx,
industry,IIP use-based,Manufacture of basic metals,2024-01-01,All India,7.63757115749525,percent YoY growth,monthly,Index of Industrial Production (1).xlsx,
industry,IIP use-based,Manufacture of basic metals,2024-02-01,All India,9.10951893551688,percent YoY growth,monthly,Index of Industrial Production (1).xlsx,
industry,IIP use-based,Manufacture of basic metals,2024-03-01,All India,8.45794392523364,percent YoY growth,monthly,Index of Industrial Production (1).xlsx,
industry,IIP use-based,Manufacture of basic metals,2024-04-01,All India,9.31154036651807,percent YoY growth,monthly,Index of Industrial Production (1).xlsx,
industry,IIP use-based,Manufacture of basic metals,2024-05-01,All India,9.50072709646146,percent YoY growth,monthly,Index of Industrial Production (1).xlsx,
industry,IIP use-based,Manufacture of basic metals,2024-06-01,All India,7.76794493608652,percent YoY growth,monthly,Index of Industrial Production (1).xlsx,
industry,IIP use-based,Manufacture of basic metals,2024-07-01,All India,6.82903533906398,percent YoY growth,monthly,Index of Industrial Production (1).xlsx,
industry,IIP use-based,Manufacture of basic metals,2024-08-01,All India,3.77184912603495,percent YoY growth,monthly,Index of Industrial Production (1).xlsx,
industry,IIP use-based,Manufacture of basic metals,2024-09-01,All India,2.85580524344569,percent YoY growth,monthly,Index of Industrial Production (1).xlsx,
industry,IIP use-based,Manufacture of basic metals,2024-10-01,All India,5.06445672191529,percent YoY growth,monthly,Index of Industrial Production (1).xlsx,
industry,IIP use-based,Manufacture of basic metals,2024-11-01,All India,7.09117221418234,percent YoY growth,monthly,Index of Industrial Production (1).xlsx,
industry,IIP use-based,Manufacture of basic metals,2024-12-01,All India,7.53860127157131,percent YoY growth,monthly,Index of Industrial Production (1).xlsx,
industry,IIP use-based,Manufacture of basic metals,2025-01-01,All India,6.74305861613045,percent YoY growth,monthly,Index of Industrial Production (1).xlsx,
industry,IIP use-based,Manufacture of basic metals,2025-02-01,All India,5.2063789868668,percent YoY growth,monthly,Index of Industrial Production (1).xlsx,
industry,IIP use-based,Manufacture of basic metals,2025-03-01,All India,8.66006031882809,percent YoY growth,monthly,Index of Industrial Production (1).xlsx,
industry,IIP use-based,Manufacture of basic metals,2025-04-01,All India,6.7512460353421,percent YoY growth,monthly,Index of Industrial Production (1).xlsx,
industry,IIP use-based,Manufacture of basic metals,2025-05-01,All India,7.79105799026118,percent YoY growth,monthly,Index of Industrial Production (1).xlsx,
industry,IIP use-based,Manufacture of basic metals,2025-06-01,All India,9.21532846715329,percent YoY growth,monthly,Index of Industrial Production (1).xlsx,
industry,IIP use-based,Manufacture of basic metals,2025-07-01,All India,14.0813589628967,percent YoY growth,monthly,Index of Industrial Production (1).xlsx,
industry,IIP use-based,Manufacture of basic metals,2025-08-01,All India,12.1010638297872,percent YoY growth,monthly,Index of Industrial Production (1).xlsx,
industry,IIP use-based,Manufacture of basic metals,2025-09-01,All India,12.6536185707783,percent YoY growth,monthly,Index of Industrial Production (1).xlsx,
industry,IIP use-based,Manufacture of basic metals,2025-10-01,All India,8.63277826468011,percent YoY growth,monthly,Index of Industrial Production (1).xlsx,
industry,IIP use-based,Manufacture of basic metals,2025-11-01,All India,11.3063063063063,percent YoY growth,monthly,Index of Industrial Production (1).xlsx,
industry,IIP use-based,Manufacture of basic metals,2025-12-01,All India,13.2601351351351,percent YoY growth,monthly,Index of Industrial Production (1).xlsx,
industry,IIP use-based,Manufacture of basic metals,2026-01-01,All India,14.1205615194054,percent YoY growth,monthly,Index of Industrial Production (1).xlsx,
industry,IIP use-based,Manufacture of basic metals,2026-02-01,All India,12.8845296477931,percent YoY growth,monthly,Index of Industrial Production (1).xlsx,
industry,IIP use-based,Manufacture of basic metals,2026-03-01,All India,8.60428231562252,percent YoY growth,monthly,Index of Industrial Production (1).xlsx,
industry,IIP use-based,Manufacture of beverages,2013-04-01,All India,2.9806259314456,percent YoY growth,monthly,Index of Industrial Production (1).xlsx,
industry,IIP use-based,Manufacture of beverages,2013-05-01,All India,6.39021074099253,percent YoY growth,monthly,Index of Industrial Production (1).xlsx,
industry,IIP use-based,Manufacture of beverages,2013-06-01,All India,-10.9578544061303,percent YoY growth,monthly,Index of Industrial Production (1).xlsx,
industry,IIP use-based,Manufacture of beverages,2013-07-01,All India,-6.12244897959183,percent YoY growth,monthly,Index of Industrial Production (1).xlsx,
industry,IIP use-based,Manufacture of beverages,2013-08-01,All India,-2.82021151586368,percent YoY growth,monthly,Index of Industrial Production (1).xlsx,
industry,IIP use-based,Manufacture of beverages,2013-09-01,All India,9.4775212636695,percent YoY growth,monthly,Index of Industrial Production (1).xlsx,
industry,IIP use-based,Manufacture of beverages,2013-10-01,All India,-1.45833333333334,percent YoY growth,monthly,Index of Industrial Production (1).xlsx,
industry,IIP use-based,Manufacture of beverages,2013-11-01,All India,-7.31707317073172,percent YoY growth,monthly,Index of Industrial Production (1).xlsx,
industry,IIP use-based,Manufacture of beverages,2013-12-01,All India,-3.69967355821546,percent YoY growth,monthly,Index of Industrial Production (1).xlsx,
industry,IIP use-based,Manufacture of beverages,2014-01-01,All India,4.58911419423692,percent YoY growth,monthly,Index of Industrial Production (1).xlsx,
industry,IIP use-based,Manufacture of beverages,2014-02-01,All India,-0.609137055837558,percent YoY growth,monthly,Index of Industrial Production (1).xlsx,
industry,IIP use-based,Manufacture of beverages,2014-03-01,All India,-10.5148658448151,percent YoY growth,monthly,Index of Industrial Production (1).xlsx,
industry,IIP use-based,Manufacture of beverages,2014-04-01,All India,-3.97973950795948,percent YoY growth,monthly,Index of Industrial Production (1).xlsx,
industry,IIP use-based,Manufacture of beverages,2014-05-01,All India,-3.51437699680511,percent YoY growth,monthly,Index of Industrial Production (1).xlsx,
industry,IIP use-based,Manufacture of beverages,2014-06-01,All India,5.42168674698795,percent YoY growth,monthly,Index of Industrial Production (1).xlsx,
industry,IIP use-based,Manufacture of beverages,2014-07-01,All India,17.5057208237986,percent YoY growth,monthly,Index of Industrial Production (1).xlsx,
industry,IIP use-based,Manufacture of beverages,2014-08-01,All India,14.3893591293833,percent YoY growth,monthly,Index of Industrial Production (1).xlsx,
industry,IIP use-based,Manufacture of beverages,2014-09-01,All India,8.76803551609324,percent YoY growth,monthly,Index of Industrial Production (1).xlsx,
industry,IIP use-based,Manufacture of beverages,2014-10-01,All India,-0.211416490486246,percent YoY growth,monthly,Index of Industrial Production (1).xlsx,
industry,IIP use-based,Manufacture of beverages,2014-11-01,All India,5.14354066985647,percent YoY growth,monthly,Index of Industrial Production (1).xlsx,
industry,IIP use-based,Manufacture of beverages,2014-12-01,All India,1.46892655367231,percent YoY growth,monthly,Index of Industrial Production (1).xlsx,
industry,IIP use-based,Manufacture of beverages,2015-01-01,All India,-6.12244897959184,percent YoY growth,monthly,Index of Industrial Production (1).xlsx,
industry,IIP use-based,Manufacture of beverages,2015-02-01,All India,7.76302349336057,percent YoY growth,monthly,Index of Industrial Production (1).xlsx,
industry,IIP use-based,Manufacture of beverages,2015-03-01,All India,3.16045380875202,percent YoY growth,monthly,Index of Industrial Production (1).xlsx,
industry,IIP use-based,Manufacture of beverages,2015-04-01,All India,-7.61115297663903,percent YoY growth,monthly,Index of Industrial Production (1).xlsx,
industry,IIP use-based,Manufacture of beverages,2015-05-01,All India,-9.13907284768213,percent YoY growth,monthly,Index of Industrial Production (1).xlsx,
industry,IIP use-based,Manufacture of beverages,2015-06-01,All India,-9.3061224489796,percent YoY growth,monthly,Index of Industrial Production (1).xlsx,
industry,IIP use-based,Manufacture of beverages,2015-07-01,All India,-11.8792599805258,percent YoY growth,monthly,Index of Industrial Production (1).xlsx,
industry,IIP use-based,Manufacture of beverages,2015-08-01,All India,-8.56236786469344,percent YoY growth,monthly,Index of Industrial Production (1).xlsx,
industry,IIP use-based,Manufacture of beverages,2015-09-01,All India,-5.71428571428571,percent YoY growth,monthly,Index of Industrial Production (1).xlsx,
industry,IIP use-based,Manufacture of beverages,2015-10-01,All India,5.9322033898305,percent YoY growth,monthly,Index of Industrial Production (1).xlsx,
industry,IIP use-based,Manufacture of beverages,2015-11-01,All India,8.30489192263936,percent YoY growth,monthly,Index of Industrial Production (1).xlsx,
industry,IIP use-based,Manufacture of beverages,2015-12-01,All India,16.5924276169265,percent YoY growth,monthly,Index of Industrial Production (1).xlsx,
industry,IIP use-based,Manufacture of beverages,2016-01-01,All India,40.7608695652174,percent YoY growth,monthly,Index of Industrial Production (1).xlsx,
industry,IIP use-based,Manufacture of beverages,2016-02-01,All India,7.29857819905214,percent YoY growth,monthly,Index of Industrial Production (1).xlsx,
industry,IIP use-based,Manufacture of beverages,2016-03-01,All India,5.18460329929302,percent YoY growth,monthly,Index of Industrial Production (1).xlsx,
industry,IIP use-based,Manufacture of beverages,2016-04-01,All India,9.13539967373574,percent YoY growth,monthly,Index of Industrial Production (1).xlsx,
industry,IIP use-based,Manufacture of beverages,2016-05-01,All India,2.62390670553938,percent YoY growth,monthly,Index of Industrial Production (1).xlsx,
industry,IIP use-based,Manufacture of beverages,2016-06-01,All India,-0.0900090009000849,percent YoY growth,monthly,Index of Industrial Production (1).xlsx,
industry,IIP use-based,Manufacture of beverages,2016-07-01,All India,6.1878453038674,percent YoY growth,monthly,Index of Industrial Production (1).xlsx,
industry,IIP use-based,Manufacture of beverages,2016-08-01,All India,12.9479768786127,percent YoY growth,monthly,Index of Industrial Production (1).xlsx,
industry,IIP use-based,Manufacture of beverages,2016-09-01,All India,6.38528138528138,percent YoY growth,monthly,Index of Industrial Production (1).xlsx,
industry,IIP use-based,Manufacture of beverages,2016-10-01,All India,-1.90000000000001,percent YoY growth,monthly,Index of Industrial Production (1).xlsx,
industry,IIP use-based,Manufacture of beverages,2016-11-01,All India,-4.30672268907564,percent YoY growth,monthly,Index of Industrial Production (1).xlsx,
industry,IIP use-based,Manufacture of beverages,2016-12-01,All India,-9.07354345749761,percent YoY growth,monthly,Index of Industrial Production (1).xlsx,
industry,IIP use-based,Manufacture of beverages,2017-01-01,All India,-25.9459459459459,percent YoY growth,monthly,Index of Industrial Production (1).xlsx,
industry,IIP use-based,Manufacture of beverages,2017-02-01,All India,-13.5159010600707,percent YoY growth,monthly,Index of Industrial Production (1).xlsx,
industry,IIP use-based,Manufacture of beverages,2017-03-01,All India,-10.9036594473488,percent YoY growth,monthly,Index of Industrial Production (1).xlsx,
industry,IIP use-based,Manufacture of beverages,2017-04-01,All India,-16.1434977578475,percent YoY growth,monthly,Index of Industrial Production (1).xlsx,
industry,IIP use-based,Manufacture of beverages,2017-05-01,All India,-14.2045454545455,percent YoY growth,monthly,Index of Industrial Production (1).xlsx,
industry,IIP use-based,Manufacture of beverages,2017-06-01,All India,-5.04504504504504,percent YoY growth,monthly,Index of Industrial Production (1).xlsx,
industry,IIP use-based,Manufacture of beverages,2017-07-01,All India,-4.16233090530697,percent YoY growth,monthly,Index of Industrial Production (1).xlsx,
industry,IIP use-based,Manufacture of beverages,2017-08-01,All India,-1.94472876151485,percent YoY growth,monthly,Index of Industrial Production (1).xlsx,
industry,IIP use-based,Manufacture of beverages,2017-09-01,All India,1.11902339776196,percent YoY growth,monthly,Index of Industrial Production (1).xlsx,
industry,IIP use-based,Manufacture of beverages,2017-10-01,All India,3.16004077471968,percent YoY growth,monthly,Index of Industrial Production (1).xlsx,
industry,IIP use-based,Manufacture of beverages,2017-11-01,All India,5.92755214050495,percent YoY growth,monthly,Index of Industrial Production (1).xlsx,
industry,IIP use-based,Manufacture of beverages,2017-12-01,All India,6.09243697478991,percent YoY growth,monthly,Index of Industrial Production (1).xlsx,
industry,IIP use-based,Manufacture of beverages,2018-01-01,All India,12.4087591240876,percent YoY growth,monthly,Index of Industrial Production (1).xlsx,
industry,IIP use-based,Manufacture of beverages,2018-02-01,All India,12.2574055158325,percent YoY growth,monthly,Index of Industrial Production (1).xlsx,
industry,IIP use-based,Manufacture of beverages,2018-03-01,All India,3.18524727577535,percent YoY growth,monthly,Index of Industrial Production (1).xlsx,
industry,IIP use-based,Manufacture of beverages,2018-04-01,All India,3.74331550802139,percent YoY growth,monthly,Index of Industrial Production (1).xlsx,
industry,IIP use-based,Manufacture of beverages,2018-05-01,All India,10.0165562913907,percent YoY growth,monthly,Index of Industrial Production (1).xlsx,
industry,IIP use-based,Manufacture of beverages,2018-06-01,All India,11.3851992409867,percent YoY growth,monthly,Index of Industrial Production (1).xlsx,
industry,IIP use-based,Manufacture of beverages,2018-07-01,All India,12.4864277958741,percent YoY growth,monthly,Index of Industrial Production (1).xlsx,
industry,IIP use-based,Manufacture of beverages,2018-08-01,All India,7.62004175365344,percent YoY growth,monthly,Index of Industrial Production (1).xlsx,
industry,IIP use-based,Manufacture of beverages,2018-09-01,All India,3.62173038229376,percent YoY growth,monthly,Index of Industrial Production (1).xlsx,
industry,IIP use-based,Manufacture of beverages,2018-10-01,All India,-2.37154150197629,percent YoY growth,monthly,Index of Industrial Production (1).xlsx,
industry,IIP use-based,Manufacture of beverages,2018-11-01,All India,1.24352331606218,percent YoY growth,monthly,Index of Industrial Production (1).xlsx,
industry,IIP use-based,Manufacture of beverages,2018-12-01,All India,0.891089108910897,percent YoY growth,monthly,Index of Industrial Production (1).xlsx,
industry,IIP use-based,Manufacture of beverages,2019-01-01,All India,-0.371057513914649,percent YoY growth,monthly,Index of Industrial Production (1).xlsx,
industry,IIP use-based,Manufacture of beverages,2019-02-01,All India,-2.09281164695178,percent YoY growth,monthly,Index of Industrial Production (1).xlsx,
industry,IIP use-based,Manufacture of beverages,2019-03-01,All India,-1.7059301380991,percent YoY growth,monthly,Index of Industrial Production (1).xlsx,
industry,IIP use-based,Manufacture of beverages,2019-04-01,All India,6.01374570446735,percent YoY growth,monthly,Index of Industrial Production (1).xlsx,
industry,IIP use-based,Manufacture of beverages,2019-05-01,All India,2.0316027088036,percent YoY growth,monthly,Index of Industrial Production (1).xlsx,
industry,IIP use-based,Manufacture of beverages,2019-06-01,All India,6.30323679727427,percent YoY growth,monthly,Index of Industrial Production (1).xlsx,
industry,IIP use-based,Manufacture of beverages,2019-07-01,All India,2.22007722007723,percent YoY growth,monthly,Index of Industrial Production (1).xlsx,
industry,IIP use-based,Manufacture of beverages,2019-08-01,All India,-6.01357904946653,percent YoY growth,monthly,Index of Industrial Production (1).xlsx,
industry,IIP use-based,Manufacture of beverages,2019-09-01,All India,-3.88349514563107,percent YoY growth,monthly,Index of Industrial Production (1).xlsx,
industry,IIP use-based,Manufacture of beverages,2019-10-01,All India,-6.47773279352226,percent YoY growth,monthly,Index of Industrial Production (1).xlsx,
industry,IIP use-based,Manufacture of beverages,2019-11-01,All India,4.29887410440123,percent YoY growth,monthly,Index of Industrial Production (1).xlsx,
industry,IIP use-based,Manufacture of beverages,2019-12-01,All India,-4.21982335623161,percent YoY growth,monthly,Index of Industrial Production (1).xlsx,
industry,IIP use-based,Manufacture of beverages,2020-01-01,All India,-3.91061452513967,percent YoY growth,monthly,Index of Industrial Production (1).xlsx,
industry,IIP use-based,Manufacture of beverages,2020-02-01,All India,1.02230483271376,percent YoY growth,monthly,Index of Industrial Production (1).xlsx,
industry,IIP use-based,Manufacture of beverages,2020-03-01,All India,-27.6859504132231,percent YoY growth,monthly,Index of Industrial Production (1).xlsx,
industry,IIP use-based,Manufacture of beverages,2020-04-01,All India,-94.1653160453809,percent YoY growth,monthly,Index of Industrial Production (1).xlsx,
industry,IIP use-based,Manufacture of beverages,2020-05-01,All India,-59.5132743362832,percent YoY growth,monthly,Index of Industrial Production (1).xlsx,
industry,IIP use-based,Manufacture of beverages,2020-06-01,All India,-32.7724358974359,percent YoY growth,monthly,Index of Industrial Production (1).xlsx,
industry,IIP use-based,Manufacture of beverages,2020-07-01,All India,-25.4957507082153,percent YoY growth,monthly,Index of Industrial Production (1).xlsx,
industry,IIP use-based,Manufacture of beverages,2020-08-01,All India,-20.7430340557276,percent YoY growth,monthly,Index of Industrial Production (1).xlsx,
industry,IIP use-based,Manufacture of beverages,2020-09-01,All India,-14.5454545454546,percent YoY growth,monthly,Index of Industrial Production (1).xlsx,
industry,IIP use-based,Manufacture of beverages,2020-10-01,All India,-10.4978354978355,percent YoY growth,monthly,Index of Industrial Production (1).xlsx,
industry,IIP use-based,Manufacture of beverages,2020-11-01,All India,-15.3091265947007,percent YoY growth,monthly,Index of Industrial Production (1).xlsx,
industry,IIP use-based,Manufacture of beverages,2020-12-01,All India,-7.6844262295082,percent YoY growth,monthly,Index of Industrial Production (1).xlsx,
industry,IIP use-based,Manufacture of beverages,2021-01-01,All India,-7.55813953488372,percent YoY growth,monthly,Index of Industrial Production (1).xlsx,
industry,IIP use-based,Manufacture of beverages,2021-02-01,All India,-12.8794848206072,percent YoY growth,monthly,Index of Industrial Production (1).xlsx,
industry,IIP use-based,Manufacture of beverages,2021-03-01,All India,26.5142857142857,percent YoY growth,monthly,Index of Industrial Production (1).xlsx,
industry,IIP use-based,Manufacture of beverages,2021-05-01,All India,-0.182149362477234,percent YoY growth,monthly,Index of Industrial Production (1).xlsx,
industry,IIP use-based,Manufacture of beverages,2021-06-01,All India,-2.26460071513707,percent YoY growth,monthly,Index of Industrial Production (1).xlsx,
industry,IIP use-based,Manufacture of beverages,2021-07-01,All India,14.3219264892269,percent YoY growth,monthly,Index of Industrial Production (1).xlsx,
industry,IIP use-based,Manufacture of beverages,2021-08-01,All India,12.3697916666667,percent YoY growth,monthly,Index of Industrial Production (1).xlsx,
industry,IIP use-based,Manufacture of beverages,2021-09-01,All India,0.827423167848703,percent YoY growth,monthly,Index of Industrial Production (1).xlsx,
industry,IIP use-based,Manufacture of beverages,2021-10-01,All India,4.95767835550181,percent YoY growth,monthly,Index of Industrial Production (1).xlsx,
industry,IIP use-based,Manufacture of beverages,2021-11-01,All India,-1.27462340672074,percent YoY growth,monthly,Index of Industrial Production (1).xlsx,
industry,IIP use-based,Manufacture of beverages,2021-12-01,All India,2.1087680355161,percent YoY growth,monthly,Index of Industrial Production (1).xlsx,
industry,IIP use-based,Manufacture of beverages,2022-01-01,All India,-4.08805031446541,percent YoY growth,monthly,Index of Industrial Production (1).xlsx,
industry,IIP use-based,Manufacture of beverages,2022-02-01,All India,-0.31678986272439,percent YoY growth,monthly,Index of Industrial Production (1).xlsx,
industry,IIP use-based,Manufacture of beverages,2022-03-01,All India,4.8780487804878,percent YoY growth,monthly,Index of Industrial Production (1).xlsx,
industry,IIP use-based,Manufacture of beverages,2022-04-01,All India,29.1803278688525,percent YoY growth,monthly,Index of Industrial Production (1).xlsx,
industry,IIP use-based,Manufacture of beverages,2022-05-01,All India,130.29197080292,percent YoY growth,monthly,Index of Industrial Production (1).xlsx,
industry,IIP use-based,Manufacture of beverages,2022-06-01,All India,45.7317073170732,percent YoY growth,monthly,Index of Industrial Production (1).xlsx,
industry,IIP use-based,Manufacture of beverages,2022-07-01,All India,13.0820399113082,percent YoY growth,monthly,Index of Industrial Production (1).xlsx,
industry,IIP use-based,Manufacture of beverages,2022-08-01,All India,6.37311703360371,percent YoY growth,monthly,Index of Industrial Production (1).xlsx,
industry,IIP use-based,Manufacture of beverages,2022-09-01,All India,11.7233294255569,percent YoY growth,monthly,Index of Industrial Production (1).xlsx,
industry,IIP use-based,Manufacture of beverages,2022-10-01,All India,3.57142857142858,percent YoY growth,monthly,Index of Industrial Production (1).xlsx,
industry,IIP use-based,Manufacture of beverages,2022-11-01,All India,9.03755868544601,percent YoY growth,monthly,Index of Industrial Production (1).xlsx,
industry,IIP use-based,Manufacture of beverages,2022-12-01,All India,6.63043478260869,percent YoY growth,monthly,Index of Industrial Production (1).xlsx,
industry,IIP use-based,Manufacture of beverages,2023-01-01,All India,13.9890710382514,percent YoY growth,monthly,Index of Industrial Production (1).xlsx,
industry,IIP use-based,Manufacture of beverages,2023-02-01,All India,10.5932203389831,percent YoY growth,monthly,Index of Industrial Production (1).xlsx,
industry,IIP use-based,Manufacture of beverages,2023-03-01,All India,6.37381567614126,percent YoY growth,monthly,Index of Industrial Production (1).xlsx,
industry,IIP use-based,Manufacture of beverages,2023-04-01,All India,-7.61421319796954,percent YoY growth,monthly,Index of Industrial Production (1).xlsx,
industry,IIP use-based,Manufacture of beverages,2023-05-01,All India,-1.66402535657687,percent YoY growth,monthly,Index of Industrial Production (1).xlsx,
industry,IIP use-based,Manufacture of beverages,2023-06-01,All India,4.60251046025105,percent YoY growth,monthly,Index of Industrial Production (1).xlsx,
industry,IIP use-based,Manufacture of beverages,2023-07-01,All India,7.25490196078432,percent YoY growth,monthly,Index of Industrial Production (1).xlsx,
industry,IIP use-based,Manufacture of beverages,2023-08-01,All India,12.6361655773421,percent YoY growth,monthly,Index of Industrial Production (1).xlsx,
industry,IIP use-based,Manufacture of beverages,2023-09-01,All India,6.61070304302203,percent YoY growth,monthly,Index of Industrial Production (1).xlsx,
industry,IIP use-based,Manufacture of beverages,2023-10-01,All India,10.789766407119,percent YoY growth,monthly,Index of Industrial Production (1).xlsx,
industry,IIP use-based,Manufacture of beverages,2023-11-01,All India,8.39612486544671,percent YoY growth,monthly,Index of Industrial Production (1).xlsx,
industry,IIP use-based,Manufacture of beverages,2023-12-01,All India,3.26197757390418,percent YoY growth,monthly,Index of Industrial Production (1).xlsx,
industry,IIP use-based,Manufacture of beverages,2024-01-01,All India,7.95781399808245,percent YoY growth,monthly,Index of Industrial Production (1).xlsx,
industry,IIP use-based,Manufacture of beverages,2024-02-01,All India,14.9425287356322,percent YoY growth,monthly,Index of Industrial Production (1).xlsx,
industry,IIP use-based,Manufacture of beverages,2024-03-01,All India,0.566801619433201,percent YoY growth,monthly,Index of Industrial Production (1).xlsx,
industry,IIP use-based,Manufacture of beverages,2024-04-01,All India,13.3699633699634,percent YoY growth,monthly,Index of Industrial Production (1).xlsx,
industry,IIP use-based,Manufacture of beverages,2024-05-01,All India,9.91136180499598,percent YoY growth,monthly,Index of Industrial Production (1).xlsx,
industry,IIP use-based,Manufacture of beverages,2024-06-01,All India,0.160000000000002,percent YoY growth,monthly,Index of Industrial Production (1).xlsx,
industry,IIP use-based,Manufacture of beverages,2024-07-01,All India,3.19926873857404,percent YoY growth,monthly,Index of Industrial Production (1).xlsx,
industry,IIP use-based,Manufacture of beverages,2024-08-01,All India,-2.99806576402322,percent YoY growth,monthly,Index of Industrial Production (1).xlsx,
industry,IIP use-based,Manufacture of beverages,2024-09-01,All India,0.19685039370079,percent YoY growth,monthly,Index of Industrial Production (1).xlsx,
industry,IIP use-based,Manufacture of beverages,2024-10-01,All India,3.1124497991968,percent YoY growth,monthly,Index of Industrial Production (1).xlsx,
industry,IIP use-based,Manufacture of beverages,2024-11-01,All India,-1.2909632571996,percent YoY growth,monthly,Index of Industrial Production (1).xlsx,
industry,IIP use-based,Manufacture of beverages,2024-12-01,All India,2.86278381046397,percent YoY growth,monthly,Index of Industrial Production (1).xlsx,
industry,IIP use-based,Manufacture of beverages,2025-01-01,All India,3.99644760213144,percent YoY growth,monthly,Index of Industrial Production (1).xlsx,
industry,IIP use-based,Manufacture of beverages,2025-02-01,All India,-2.58333333333333,percent YoY growth,monthly,Index of Industrial Production (1).xlsx,
industry,IIP use-based,Manufacture of beverages,2025-03-01,All India,7.40740740740741,percent YoY growth,monthly,Index of Industrial Production (1).xlsx,
industry,IIP use-based,Manufacture of beverages,2025-04-01,All India,-1.53473344103392,percent YoY growth,monthly,Index of Industrial Production (1).xlsx,
industry,IIP use-based,Manufacture of beverages,2025-05-01,All India,-3.66568914956012,percent YoY growth,monthly,Index of Industrial Production (1).xlsx,
industry,IIP use-based,Manufacture of beverages,2025-06-01,All India,-7.58785942492013,percent YoY growth,monthly,Index of Industrial Production (1).xlsx,
industry,IIP use-based,Manufacture of beverages,2025-07-01,All India,-6.90876882196635,percent YoY growth,monthly,Index of Industrial Production (1).xlsx,
industry,IIP use-based,Manufacture of beverages,2025-08-01,All India,-0.697906281156533,percent YoY growth,monthly,Index of Industrial Production (1).xlsx,
industry,IIP use-based,Manufacture of beverages,2025-09-01,All India,-1.37524557956777,percent YoY growth,monthly,Index of Industrial Production (1).xlsx,
industry,IIP use-based,Manufacture of beverages,2025-10-01,All India,-2.72638753651412,percent YoY growth,monthly,Index of Industrial Production (1).xlsx,
industry,IIP use-based,Manufacture of beverages,2025-11-01,All India,-2.21327967806841,percent YoY growth,monthly,Index of Industrial Production (1).xlsx,
industry,IIP use-based,Manufacture of beverages,2025-12-01,All India,-1.34357005758158,percent YoY growth,monthly,Index of Industrial Production (1).xlsx,
industry,IIP use-based,Manufacture of beverages,2026-01-01,All India,-1.53714773697694,percent YoY growth,monthly,Index of Industrial Production (1).xlsx,
industry,IIP use-based,Manufacture of beverages,2026-02-01,All India,-1.8819503849444,percent YoY growth,monthly,Index of Industrial Production (1).xlsx,
industry,IIP use-based,Manufacture of beverages,2026-03-01,All India,-3.14842578710646,percent YoY growth,monthly,Index of Industrial Production (1).xlsx,
industry,IIP use-based,Manufacture of chemicals and chemical products,2013-04-01,All India,-1.29482071713149,percent YoY growth,monthly,Index of Industrial Production (1).xlsx,
industry,IIP use-based,Manufacture of chemicals and chemical products,2013-05-01,All India,4.66472303206997,percent YoY growth,monthly,Index of Industrial Production (1).xlsx,
industry,IIP use-based,Manufacture of chemicals and chemical products,2013-06-01,All India,5.16569200779728,percent YoY growth,monthly,Index of Industrial Production (1).xlsx,
industry,IIP use-based,Manufacture of chemicals and chemical products,2013-07-01,All India,8.96091515729265,percent YoY growth,monthly,Index of Industrial Production (1).xlsx,
industry,IIP use-based,Manufacture of chemicals and chemical products,2013-08-01,All India,5.53990610328639,percent YoY growth,monthly,Index of Industrial Production (1).xlsx,
industry,IIP use-based,Manufacture of chemicals and chemical products,2013-09-01,All India,12.280701754386,percent YoY growth,monthly,Index of Industrial Production (1).xlsx,
industry,IIP use-based,Manufacture of chemicals and chemical products,2013-10-01,All India,3.38983050847457,percent YoY growth,monthly,Index of Industrial Production (1).xlsx,
industry,IIP use-based,Manufacture of chemicals and chemical products,2013-11-01,All India,6.38297872340425,percent YoY growth,monthly,Index of Industrial Production (1).xlsx,
industry,IIP use-based,Manufacture of chemicals and chemical products,2013-12-01,All India,6.72985781990521,percent YoY growth,monthly,Index of Industrial Production (1).xlsx,
industry,IIP use-based,Manufacture of chemicals and chemical products,2014-01-01,All India,3.29566854990584,percent YoY growth,monthly,Index of Industrial Production (1).xlsx,
industry,IIP use-based,Manufacture of chemicals and chemical products,2014-02-01,All India,-0.891089108910897,percent YoY growth,monthly,Index of Industrial Production (1).xlsx,
industry,IIP use-based,Manufacture of chemicals and chemical products,2014-03-01,All India,1.82315405651778,percent YoY growth,monthly,Index of Industrial Production (1).xlsx,
industry,IIP use-based,Manufacture of chemicals and chemical products,2014-04-01,All India,2.21997981836529,percent YoY growth,monthly,Index of Industrial Production (1).xlsx,
industry,IIP use-based,Manufacture of chemicals and chemical products,2014-05-01,All India,2.97121634168988,percent YoY growth,monthly,Index of Industrial Production (1).xlsx,
industry,IIP use-based,Manufacture of chemicals and chemical products,2014-06-01,All India,2.78035217794254,percent YoY growth,monthly,Index of Industrial Production (1).xlsx,
industry,IIP use-based,Manufacture of chemicals and chemical products,2014-07-01,All India,0.437445319335083,percent YoY growth,monthly,Index of Industrial Production (1).xlsx,
industry,IIP use-based,Manufacture of chemicals and chemical products,2014-08-01,All India,-0.889679715302491,percent YoY growth,monthly,Index of Industrial Production (1).xlsx,
industry,IIP use-based,Manufacture of chemicals and chemical products,2014-09-01,All India,-4.16666666666666,percent YoY growth,monthly,Index of Industrial Production (1).xlsx,
industry,IIP use-based,Manufacture of chemicals and chemical products,2014-10-01,All India,-4.73588342440802,percent YoY growth,monthly,Index of Industrial Production (1).xlsx,
industry,IIP use-based,Manufacture of chemicals and chemical products,2014-11-01,All India,4.0,percent YoY growth,monthly,Index of Industrial Production (1).xlsx,
industry,IIP use-based,Manufacture of chemicals and chemical products,2014-12-01,All India,-0.79928952042628,percent YoY growth,monthly,Index of Industrial Production (1).xlsx,
industry,IIP use-based,Manufacture of chemicals and chemical products,2015-01-01,All India,1.00273473108477,percent YoY growth,monthly,Index of Industrial Production (1).xlsx,
industry,IIP use-based,Manufacture of chemicals and chemical products,2015-02-01,All India,1.8981018981019,percent YoY growth,monthly,Index of Industrial Production (1).xlsx,
industry,IIP use-based,Manufacture of chemicals and chemical products,2015-03-01,All India,0.268576544315127,percent YoY growth,monthly,Index of Industrial Production (1).xlsx,
industry,IIP use-based,Manufacture of chemicals and chemical products,2015-04-01,All India,6.21915103652517,percent YoY growth,monthly,Index of Industrial Production (1).xlsx,
industry,IIP use-based,Manufacture of chemicals and chemical products,2015-05-01,All India,1.08205590622181,percent YoY growth,monthly,Index of Industrial Production (1).xlsx,
industry,IIP use-based,Manufacture of chemicals and chemical products,2015-06-01,All India,1.53291253381424,percent YoY growth,monthly,Index of Industrial Production (1).xlsx,
industry,IIP use-based,Manufacture of chemicals and chemical products,2015-07-01,All India,5.05226480836237,percent YoY growth,monthly,Index of Industrial Production (1).xlsx,
industry,IIP use-based,Manufacture of chemicals and chemical products,2015-08-01,All India,0.718132854578094,percent YoY growth,monthly,Index of Industrial Production (1).xlsx,
industry,IIP use-based,Manufacture of chemicals and chemical products,2015-09-01,All India,5.70652173913043,percent YoY growth,monthly,Index of Industrial Production (1).xlsx,
industry,IIP use-based,Manufacture of chemicals and chemical products,2015-10-01,All India,10.5162523900574,percent YoY growth,monthly,Index of Industrial Production (1).xlsx,
industry,IIP use-based,Manufacture of chemicals and chemical products,2015-11-01,All India,-2.83882783882785,percent YoY growth,monthly,Index of Industrial Production (1).xlsx,
industry,IIP use-based,Manufacture of chemicals and chemical products,2015-12-01,All India,3.13339301700985,percent YoY growth,monthly,Index of Industrial Production (1).xlsx,
industry,IIP use-based,Manufacture of chemicals and chemical products,2016-01-01,All India,3.2490974729242,percent YoY growth,monthly,Index of Industrial Production (1).xlsx,
industry,IIP use-based,Manufacture of chemicals and chemical products,2016-02-01,All India,8.62745098039216,percent YoY growth,monthly,Index of Industrial Production (1).xlsx,
industry,IIP use-based,Manufacture of chemicals and chemical products,2016-03-01,All India,7.50000000000001,percent YoY growth,monthly,Index of Industrial Production (1).xlsx,
industry,IIP use-based,Manufacture of chemicals and chemical products,2016-04-01,All India,1.85873605947955,percent YoY growth,monthly,Index of Industrial Production (1).xlsx,
industry,IIP use-based,Manufacture of chemicals and chemical products,2016-05-01,All India,6.86886708296164,percent YoY growth,monthly,Index of Industrial Production (1).xlsx,
industry,IIP use-based,Manufacture of chemicals and chemical products,2016-06-01,All India,4.26287744227355,percent YoY growth,monthly,Index of Industrial Production (1).xlsx,
industry,IIP use-based,Manufacture of chemicals and chemical products,2016-07-01,All India,-1.24378109452736,percent YoY growth,monthly,Index of Industrial Production (1).xlsx,
industry,IIP use-based,Manufacture of chemicals and chemical products,2016-08-01,All India,6.50623885918003,percent YoY growth,monthly,Index of Industrial Production (1).xlsx,
industry,IIP use-based,Manufacture of chemicals and chemical products,2016-09-01,All India,0.171379605826909,percent YoY growth,monthly,Index of Industrial Production (1).xlsx,
industry,IIP use-based,Manufacture of chemicals and chemical products,2016-10-01,All India,1.29757785467128,percent YoY growth,monthly,Index of Industrial Production (1).xlsx,
industry,IIP use-based,Manufacture of chemicals and chemical products,2016-11-01,All India,4.71253534401508,percent YoY growth,monthly,Index of Industrial Production (1).xlsx,
industry,IIP use-based,Manufacture of chemicals and chemical products,2016-12-01,All India,-2.08333333333334,percent YoY growth,monthly,Index of Industrial Production (1).xlsx,
industry,IIP use-based,Manufacture of chemicals and chemical products,2017-01-01,All India,1.57342657342657,percent YoY growth,monthly,Index of Industrial Production (1).xlsx,
industry,IIP use-based,Manufacture of chemicals and chemical products,2017-02-01,All India,3.06859205776174,percent YoY growth,monthly,Index of Industrial Production (1).xlsx,
industry,IIP use-based,Manufacture of chemicals and chemical products,2017-03-01,All India,3.57142857142857,percent YoY growth,monthly,Index of Industrial Production (1).xlsx,
industry,IIP use-based,Manufacture of chemicals and chemical products,2017-04-01,All India,-1.00364963503649,percent YoY growth,monthly,Index of Industrial Production (1).xlsx,
industry,IIP use-based,Manufacture of chemicals and chemical products,2017-05-01,All India,-5.17529215358932,percent YoY growth,monthly,Index of Industrial Production (1).xlsx,
industry,IIP use-based,Manufacture of chemicals and chemical products,2017-06-01,All India,-6.1328790459966,percent YoY growth,monthly,Index of Industrial Production (1).xlsx,
industry,IIP use-based,Manufacture of chemicals and chemical products,2017-07-01,All India,-6.21326616288832,percent YoY growth,monthly,Index of Industrial Production (1).xlsx,
industry,IIP use-based,Manufacture of chemicals and chemical products,2017-08-01,All India,-2.00836820083683,percent YoY growth,monthly,Index of Industrial Production (1).xlsx,
industry,IIP use-based,Manufacture of chemicals and chemical products,2017-09-01,All India,1.36869118905047,percent YoY growth,monthly,Index of Industrial Production (1).xlsx,
industry,IIP use-based,Manufacture of chemicals and chemical products,2017-10-01,All India,-0.170794192997428,percent YoY growth,monthly,Index of Industrial Production (1).xlsx,
industry,IIP use-based,Manufacture of chemicals and chemical products,2017-11-01,All India,7.2007200720072,percent YoY growth,monthly,Index of Industrial Production (1).xlsx,
industry,IIP use-based,Manufacture of chemicals and chemical products,2017-12-01,All India,5.49645390070922,percent YoY growth,monthly,Index of Industrial Production (1).xlsx,
industry,IIP use-based,Manufacture of chemicals and chemical products,2018-01-01,All India,3.35628227194492,percent YoY growth,monthly,Index of Industrial Production (1).xlsx,
industry,IIP use-based,Manufacture of chemicals and chemical products,2018-02-01,All India,-2.88966725043783,percent YoY growth,monthly,Index of Industrial Production (1).xlsx,
industry,IIP use-based,Manufacture of chemicals and chemical products,2018-03-01,All India,1.76423416198878,percent YoY growth,monthly,Index of Industrial Production (1).xlsx,
industry,IIP use-based,Manufacture of chemicals and chemical products,2018-04-01,All India,4.05529953917051,percent YoY growth,monthly,Index of Industrial Production (1).xlsx,
industry,IIP use-based,Manufacture of chemicals and chemical products,2018-05-01,All India,5.54577464788733,percent YoY growth,monthly,Index of Industrial Production (1).xlsx,
industry,IIP use-based,Manufacture of chemicals and chemical products,2018-06-01,All India,5.71687840290381,percent YoY growth,monthly,Index of Industrial Production (1).xlsx,
industry,IIP use-based,Manufacture of chemicals and chemical products,2018-07-01,All India,4.20769919427037,percent YoY growth,monthly,Index of Industrial Production (1).xlsx,
industry,IIP use-based,Manufacture of chemicals and chemical products,2018-08-01,All India,7.600341588386,percent YoY growth,monthly,Index of Industrial Production (1).xlsx,
industry,IIP use-based,Manufacture of chemicals and chemical products,2018-09-01,All India,1.51898734177215,percent YoY growth,monthly,Index of Industrial Production (1).xlsx,
industry,IIP use-based,Manufacture of chemicals and chemical products,2018-10-01,All India,0.940975192472194,percent YoY growth,monthly,Index of Industrial Production (1).xlsx,
industry,IIP use-based,Manufacture of chemicals and chemical products,2018-11-01,All India,-6.8849706129303,percent YoY growth,monthly,Index of Industrial Production (1).xlsx,
industry,IIP use-based,Manufacture of chemicals and chemical products,2018-12-01,All India,2.85714285714286,percent YoY growth,monthly,Index of Industrial Production (1).xlsx,
industry,IIP use-based,Manufacture of chemicals and chemical products,2019-01-01,All India,2.99750208159868,percent YoY growth,monthly,Index of Industrial Production (1).xlsx,
industry,IIP use-based,Manufacture of chemicals and chemical products,2019-02-01,All India,0.631199278629386,percent YoY growth,monthly,Index of Industrial Production (1).xlsx,
industry,IIP use-based,Manufacture of chemicals and chemical products,2019-03-01,All India,1.57604412923562,percent YoY growth,monthly,Index of Industrial Production (1).xlsx,
industry,IIP use-based,Manufacture of chemicals and chemical products,2019-04-01,All India,2.83436669619131,percent YoY growth,monthly,Index of Industrial Production (1).xlsx,
industry,IIP use-based,Manufacture of chemicals and chemical products,2019-05-01,All India,-0.834028356964137,percent YoY growth,monthly,Index of Industrial Production (1).xlsx,
industry,IIP use-based,Manufacture of chemicals and chemical products,2019-06-01,All India,-0.429184549356223,percent YoY growth,monthly,Index of Industrial Production (1).xlsx,
industry,IIP use-based,Manufacture of chemicals and chemical products,2019-07-01,All India,7.04467353951889,percent YoY growth,monthly,Index of Industrial Production (1).xlsx,
industry,IIP use-based,Manufacture of chemicals and chemical products,2019-08-01,All India,-4.52380952380953,percent YoY growth,monthly,Index of Industrial Production (1).xlsx,
industry,IIP use-based,Manufacture of chemicals and chemical products,2019-09-01,All India,-1.24688279301746,percent YoY growth,monthly,Index of Industrial Production (1).xlsx,
industry,IIP use-based,Manufacture of chemicals and chemical products,2019-10-01,All India,-1.52542372881356,percent YoY growth,monthly,Index of Industrial Production (1).xlsx,
industry,IIP use-based,Manufacture of chemicals and chemical products,2019-11-01,All India,8.38593327321911,percent YoY growth,monthly,Index of Industrial Production (1).xlsx,
industry,IIP use-based,Manufacture of chemicals and chemical products,2019-12-01,All India,0.490196078431368,percent YoY growth,monthly,Index of Industrial Production (1).xlsx,
industry,IIP use-based,Manufacture of chemicals and chemical products,2020-01-01,All India,0.970088924818111,percent YoY growth,monthly,Index of Industrial Production (1).xlsx,
industry,IIP use-based,Manufacture of chemicals and chemical products,2020-02-01,All India,9.05017921146954,percent YoY growth,monthly,Index of Industrial Production (1).xlsx,
industry,IIP use-based,Manufacture of chemicals and chemical products,2020-03-01,All India,-21.567106283941,percent YoY growth,monthly,Index of Industrial Production (1).xlsx,
industry,IIP use-based,Manufacture of chemicals and chemical products,2020-04-01,All India,-54.3496985357451,percent YoY growth,monthly,Index of Industrial Production (1).xlsx,
industry,IIP use-based,Manufacture of chemicals and chemical products,2020-05-01,All India,-19.3439865433137,percent YoY growth,monthly,Index of Industrial Production (1).xlsx,
industry,IIP use-based,Manufacture of chemicals and chemical products,2020-06-01,All India,1.12068965517241,percent YoY growth,monthly,Index of Industrial Production (1).xlsx,
industry,IIP use-based,Manufacture of chemicals and chemical products,2020-07-01,All India,-1.92616372391653,percent YoY growth,monthly,Index of Industrial Production (1).xlsx,
industry,IIP use-based,Manufacture of chemicals and chemical products,2020-08-01,All India,-1.16375727348295,percent YoY growth,monthly,Index of Industrial Production (1).xlsx,
industry,IIP use-based,Manufacture of chemicals and chemical products,2020-09-01,All India,5.63973063973064,percent YoY growth,monthly,Index of Industrial Production (1).xlsx,
industry,IIP use-based,Manufacture of chemicals and chemical products,2020-10-01,All India,10.1549053356282,percent YoY growth,monthly,Index of Industrial Production (1).xlsx,
industry,IIP use-based,Manufacture of chemicals and chemical products,2020-11-01,All India,0.166389351081533,percent YoY growth,monthly,Index of Industrial Production (1).xlsx,
industry,IIP use-based,Manufacture of chemicals and chemical products,2020-12-01,All India,7.15447154471546,percent YoY growth,monthly,Index of Industrial Production (1).xlsx,
industry,IIP use-based,Manufacture of chemicals and chemical products,2021-01-01,All India,5.36429143314651,percent YoY growth,monthly,Index of Industrial Production (1).xlsx,
industry,IIP use-based,Manufacture of chemicals and chemical products,2021-02-01,All India,-2.21857025472474,percent YoY growth,monthly,Index of Industrial Production (1).xlsx,
industry,IIP use-based,Manufacture of chemicals and chemical products,2021-03-01,All India,26.5084075173096,percent YoY growth,monthly,Index of Industrial Production (1).xlsx,
industry,IIP use-based,Manufacture of chemicals and chemical products,2021-05-01,All India,13.7643378519291,percent YoY growth,monthly,Index of Industrial Production (1).xlsx,
industry,IIP use-based,Manufacture of chemicals and chemical products,2021-06-01,All India,-0.852514919011083,percent YoY growth,monthly,Index of Industrial Production (1).xlsx,
industry,IIP use-based,Manufacture of chemicals and chemical products,2021-07-01,All India,4.74631751227496,percent YoY growth,monthly,Index of Industrial Production (1).xlsx,
industry,IIP use-based,Manufacture of chemicals and chemical products,2021-08-01,All India,4.96215306980655,percent YoY growth,monthly,Index of Industrial Production (1).xlsx,
industry,IIP use-based,Manufacture of chemicals and chemical products,2021-09-01,All India,-0.956175298804783,percent YoY growth,monthly,Index of Industrial Production (1).xlsx,
industry,IIP use-based,Manufacture of chemicals and chemical products,2021-10-01,All India,-1.640625,percent YoY growth,monthly,Index of Industrial Production (1).xlsx,
industry,IIP use-based,Manufacture of chemicals and chemical products,2021-11-01,All India,-1.91029900332227,percent YoY growth,monthly,Index of Industrial Production (1).xlsx,
industry,IIP use-based,Manufacture of chemicals and chemical products,2021-12-01,All India,-4.47647951441579,percent YoY growth,monthly,Index of Industrial Production (1).xlsx,
industry,IIP use-based,Manufacture of chemicals and chemical products,2022-01-01,All India,-5.09118541033434,percent YoY growth,monthly,Index of Industrial Production (1).xlsx,
industry,IIP use-based,Manufacture of chemicals and chemical products,2022-02-01,All India,-3.10924369747899,percent YoY growth,monthly,Index of Industrial Production (1).xlsx,
industry,IIP use-based,Manufacture of chemicals and chemical products,2022-03-01,All India,-5.31665363565286,percent YoY growth,monthly,Index of Industrial Production (1).xlsx,
industry,IIP use-based,Manufacture of chemicals and chemical products,2022-04-01,All India,4.4030482641829,percent YoY growth,monthly,Index of Industrial Production (1).xlsx,
industry,IIP use-based,Manufacture of chemicals and chemical products,2022-05-01,All India,24.2896425297892,percent YoY growth,monthly,Index of Industrial Production (1).xlsx,
industry,IIP use-based,Manufacture of chemicals and chemical products,2022-06-01,All India,14.7893379191746,percent YoY growth,monthly,Index of Industrial Production (1).xlsx,
industry,IIP use-based,Manufacture of chemicals and chemical products,2022-07-01,All India,7.18749999999999,percent YoY growth,monthly,Index of Industrial Production (1).xlsx,
industry,IIP use-based,Manufacture of chemicals and chemical products,2022-08-01,All India,5.68910256410257,percent YoY growth,monthly,Index of Industrial Production (1).xlsx,
industry,IIP use-based,Manufacture of chemicals and chemical products,2022-09-01,All India,5.55108608205953,percent YoY growth,monthly,Index of Industrial Production (1).xlsx,
industry,IIP use-based,Manufacture of chemicals and chemical products,2022-10-01,All India,-3.01826846703734,percent YoY growth,monthly,Index of Industrial Production (1).xlsx,
industry,IIP use-based,Manufacture of chemicals and chemical products,2022-11-01,All India,5.50381033022862,percent YoY growth,monthly,Index of Industrial Production (1).xlsx,
industry,IIP use-based,Manufacture of chemicals and chemical products,2022-12-01,All India,2.8594122319301,percent YoY growth,monthly,Index of Industrial Production (1).xlsx,
industry,IIP use-based,Manufacture of chemicals and chemical products,2023-01-01,All India,4.2433947157726,percent YoY growth,monthly,Index of Industrial Production (1).xlsx,
industry,IIP use-based,Manufacture of chemicals and chemical products,2023-02-01,All India,6.50477016478751,percent YoY growth,monthly,Index of Industrial Production (1).xlsx,
industry,IIP use-based,Manufacture of chemicals and chemical products,2023-03-01,All India,7.43187448389761,percent YoY growth,monthly,Index of Industrial Production (1).xlsx,
industry,IIP use-based,Manufacture of chemicals and chemical products,2023-04-01,All India,2.67639902676399,percent YoY growth,monthly,Index of Industrial Production (1).xlsx,
industry,IIP use-based,Manufacture of chemicals and chemical products,2023-05-01,All India,-1.32743362831857,percent YoY growth,monthly,Index of Industrial Production (1).xlsx,
industry,IIP use-based,Manufacture of chemicals and chemical products,2023-06-01,All India,-2.24719101123596,percent YoY growth,monthly,Index of Industrial Production (1).xlsx,
industry,IIP use-based,Manufacture of chemicals and chemical products,2023-07-01,All India,-6.26822157434402,percent YoY growth,monthly,Index of Industrial Production (1).xlsx,
industry,IIP use-based,Manufacture of chemicals and chemical products,2023-08-01,All India,-3.86656557998484,percent YoY growth,monthly,Index of Industrial Production (1).xlsx,
industry,IIP use-based,Manufacture of chemicals and chemical products,2023-09-01,All India,-5.79268292682926,percent YoY growth,monthly,Index of Industrial Production (1).xlsx,
industry,IIP use-based,Manufacture of chemicals and chemical products,2023-10-01,All India,3.60360360360361,percent YoY growth,monthly,Index of Industrial Production (1).xlsx,
industry,IIP use-based,Manufacture of chemicals and chemical products,2023-11-01,All India,-4.09309791332263,percent YoY growth,monthly,Index of Industrial Production (1).xlsx,
industry,IIP use-based,Manufacture of chemicals and chemical products,2023-12-01,All India,-1.54440154440154,percent YoY growth,monthly,Index of Industrial Production (1).xlsx,
industry,IIP use-based,Manufacture of chemicals and chemical products,2024-01-01,All India,-1.99692780337941,percent YoY growth,monthly,Index of Industrial Production (1).xlsx,
industry,IIP use-based,Manufacture of chemicals and chemical products,2024-02-01,All India,2.11726384364822,percent YoY growth,monthly,Index of Industrial Production (1).xlsx,
industry,IIP use-based,Manufacture of chemicals and chemical products,2024-03-01,All India,1.69100691775559,percent YoY growth,monthly,Index of Industrial Production (1).xlsx,
industry,IIP use-based,Manufacture of chemicals and chemical products,2024-04-01,All India,0.315955766192738,percent YoY growth,monthly,Index of Industrial Production (1).xlsx,
industry,IIP use-based,Manufacture of chemicals and chemical products,2024-05-01,All India,-0.44843049327356,percent YoY growth,monthly,Index of Industrial Production (1).xlsx,
industry,IIP use-based,Manufacture of chemicals and chemical products,2024-06-01,All India,0.919540229885049,percent YoY growth,monthly,Index of Industrial Production (1).xlsx,
industry,IIP use-based,Manufacture of chemicals and chemical products,2024-07-01,All India,5.13219284603421,percent YoY growth,monthly,Index of Industrial Production (1).xlsx,
industry,IIP use-based,Manufacture of chemicals and chemical products,2024-08-01,All India,2.12933753943218,percent YoY growth,monthly,Index of Industrial Production (1).xlsx,
industry,IIP use-based,Manufacture of chemicals and chemical products,2024-09-01,All India,4.69255663430422,percent YoY growth,monthly,Index of Industrial Production (1).xlsx,
industry,IIP use-based,Manufacture of chemicals and chemical products,2024-10-01,All India,2.29249011857708,percent YoY growth,monthly,Index of Industrial Production (1).xlsx,
industry,IIP use-based,Manufacture of chemicals and chemical products,2024-11-01,All India,3.09623430962343,percent YoY growth,monthly,Index of Industrial Production (1).xlsx,
industry,IIP use-based,Manufacture of chemicals and chemical products,2024-12-01,All India,2.74509803921569,percent YoY growth,monthly,Index of Industrial Production (1).xlsx,
industry,IIP use-based,Manufacture of chemicals and chemical products,2025-01-01,All India,2.42946708463949,percent YoY growth,monthly,Index of Industrial Production (1).xlsx,
industry,IIP use-based,Manufacture of chemicals and chemical products,2025-02-01,All India,-2.79106858054226,percent YoY growth,monthly,Index of Industrial Production (1).xlsx,
industry,IIP use-based,Manufacture of chemicals and chemical products,2025-03-01,All India,-1.8896447467876,percent YoY growth,monthly,Index of Industrial Production (1).xlsx,
industry,IIP use-based,Manufacture of chemicals and chemical products,2025-04-01,All India,-4.09448818897638,percent YoY growth,monthly,Index of Industrial Production (1).xlsx,
industry,IIP use-based,Manufacture of chemicals and chemical products,2025-05-01,All India,-3.97897897897897,percent YoY growth,monthly,Index of Industrial Production (1).xlsx,
industry,IIP use-based,Manufacture of chemicals and chemical products,2025-06-01,All India,-3.87243735763098,percent YoY growth,monthly,Index of Industrial Production (1).xlsx,
industry,IIP use-based,Manufacture of chemicals and chemical products,2025-07-01,All India,-0.739644970414201,percent YoY growth,monthly,Index of Industrial Production (1).xlsx,
industry,IIP use-based,Manufacture of chemicals and chemical products,2025-08-01,All India,-1.15830115830116,percent YoY growth,monthly,Index of Industrial Production (1).xlsx,
industry,IIP use-based,Manufacture of chemicals and chemical products,2025-09-01,All India,-0.077279752704787,percent YoY growth,monthly,Index of Industrial Production (1).xlsx,
industry,IIP use-based,Manufacture of chemicals and chemical products,2025-10-01,All India,-3.16846986089645,percent YoY growth,monthly,Index of Industrial Production (1).xlsx,
industry,IIP use-based,Manufacture of chemicals and chemical products,2025-11-01,All India,6.25,percent YoY growth,monthly,Index of Industrial Production (1).xlsx,
industry,IIP use-based,Manufacture of chemicals and chemical products,2025-12-01,All India,1.45038167938932,percent YoY growth,monthly,Index of Industrial Production (1).xlsx,
industry,IIP use-based,Manufacture of chemicals and chemical products,2026-01-01,All India,3.13695485845449,percent YoY growth,monthly,Index of Industrial Production (1).xlsx,
industry,IIP use-based,Manufacture of chemicals and chemical products,2026-02-01,All India,4.18375717801476,percent YoY growth,monthly,Index of Industrial Production (1).xlsx,
industry,IIP use-based,Manufacture of chemicals and chemical products,2026-03-01,All India,-3.54391371340525,percent YoY growth,monthly,Index of Industrial Production (1).xlsx,
industry,IIP use-based,Manufacture of coke and refined petroleum products,2013-04-01,All India,7.91666666666666,percent YoY growth,monthly,Index of Industrial Production (1).xlsx,
industry,IIP use-based,Manufacture of coke and refined petroleum products,2013-05-01,All India,5.80270793036751,percent YoY growth,monthly,Index of Industrial Production (1).xlsx,
industry,IIP use-based,Manufacture of coke and refined petroleum products,2013-06-01,All India,0.964320154291225,percent YoY growth,monthly,Index of Industrial Production (1).xlsx,
industry,IIP use-based,Manufacture of coke and refined petroleum products,2013-07-01,All India,3.68968779564805,percent YoY growth,monthly,Index of Industrial Production (1).xlsx,
industry,IIP use-based,Manufacture of coke and refined petroleum products,2013-08-01,All India,6.62251655629139,percent YoY growth,monthly,Index of Industrial Production (1).xlsx,
industry,IIP use-based,Manufacture of coke and refined petroleum products,2013-09-01,All India,8.66462793068298,percent YoY growth,monthly,Index of Industrial Production (1).xlsx,
industry,IIP use-based,Manufacture of coke and refined petroleum products,2013-10-01,All India,-5.42222222222222,percent YoY growth,monthly,Index of Industrial Production (1).xlsx,
industry,IIP use-based,Manufacture of coke and refined petroleum products,2013-11-01,All India,-5.46296296296297,percent YoY growth,monthly,Index of Industrial Production (1).xlsx,
industry,IIP use-based,Manufacture of coke and refined petroleum products,2013-12-01,All India,-0.624442462087412,percent YoY growth,monthly,Index of Industrial Production (1).xlsx,
industry,IIP use-based,Manufacture of coke and refined petroleum products,2014-01-01,All India,-1.69340463458111,percent YoY growth,monthly,Index of Industrial Production (1).xlsx,
industry,IIP use-based,Manufacture of coke and refined petroleum products,2014-02-01,All India,2.9673590504451,percent YoY growth,monthly,Index of Industrial Production (1).xlsx,
industry,IIP use-based,Manufacture of coke and refined petroleum products,2014-03-01,All India,2.95434198746643,percent YoY growth,monthly,Index of Industrial Production (1).xlsx,
industry,IIP use-based,Manufacture of coke and refined petroleum products,2014-04-01,All India,-0.289575289575287,percent YoY growth,monthly,Index of Industrial Production (1).xlsx,
industry,IIP use-based,Manufacture of coke and refined petroleum products,2014-05-01,All India,-1.18829981718465,percent YoY growth,monthly,Index of Industrial Production (1).xlsx,
industry,IIP use-based,Manufacture of coke and refined petroleum products,2014-06-01,All India,1.43266475644699,percent YoY growth,monthly,Index of Industrial Production (1).xlsx,
industry,IIP use-based,Manufacture of coke and refined petroleum products,2014-07-01,All India,-5.47445255474453,percent YoY growth,monthly,Index of Industrial Production (1).xlsx,
industry,IIP use-based,Manufacture of coke and refined petroleum products,2014-08-01,All India,-5.50133096716948,percent YoY growth,monthly,Index of Industrial Production (1).xlsx,
industry,IIP use-based,Manufacture of coke and refined petroleum products,2014-09-01,All India,0.938086303939963,percent YoY growth,monthly,Index of Industrial Production (1).xlsx,
industry,IIP use-based,Manufacture of coke and refined petroleum products,2014-10-01,All India,4.98120300751879,percent YoY growth,monthly,Index of Industrial Production (1).xlsx,
industry,IIP use-based,Manufacture of coke and refined petroleum products,2014-11-01,All India,9.69637610186093,percent YoY growth,monthly,Index of Industrial Production (1).xlsx,
industry,IIP use-based,Manufacture of coke and refined petroleum products,2014-12-01,All India,4.21903052064631,percent YoY growth,monthly,Index of Industrial Production (1).xlsx,
industry,IIP use-based,Manufacture of coke and refined petroleum products,2015-01-01,All India,2.62919310970082,percent YoY growth,monthly,Index of Industrial Production (1).xlsx,
industry,IIP use-based,Manufacture of coke and refined petroleum products,2015-02-01,All India,-0.672430355427463,percent YoY growth,monthly,Index of Industrial Production (1).xlsx,
industry,IIP use-based,Manufacture of coke and refined petroleum products,2015-03-01,All India,-2.78260869565218,percent YoY growth,monthly,Index of Industrial Production (1).xlsx,
industry,IIP use-based,Manufacture of coke and refined petroleum products,2015-04-01,All India,-6.29235237173282,percent YoY growth,monthly,Index of Industrial Production (1).xlsx,
industry,IIP use-based,Manufacture of coke and refined petroleum products,2015-05-01,All India,6.56799259944497,percent YoY growth,monthly,Index of Industrial Production (1).xlsx,
industry,IIP use-based,Manufacture of coke and refined petroleum products,2015-06-01,All India,6.59133709981168,percent YoY growth,monthly,Index of Industrial Production (1).xlsx,
industry,IIP use-based,Manufacture of coke and refined petroleum products,2015-07-01,All India,6.56370656370658,percent YoY growth,monthly,Index of Industrial Production (1).xlsx,
industry,IIP use-based,Manufacture of coke and refined petroleum products,2015-08-01,All India,9.48356807511737,percent YoY growth,monthly,Index of Industrial Production (1).xlsx,
industry,IIP use-based,Manufacture of coke and refined petroleum products,2015-09-01,All India,-1.39405204460967,percent YoY growth,monthly,Index of Industrial Production (1).xlsx,
industry,IIP use-based,Manufacture of coke and refined petroleum products,2015-10-01,All India,-3.49149507609669,percent YoY growth,monthly,Index of Industrial Production (1).xlsx,
industry,IIP use-based,Manufacture of coke and refined petroleum products,2015-11-01,All India,4.19642857142857,percent YoY growth,monthly,Index of Industrial Production (1).xlsx,
industry,IIP use-based,Manufacture of coke and refined petroleum products,2015-12-01,All India,1.89491817398794,percent YoY growth,monthly,Index of Industrial Production (1).xlsx,
industry,IIP use-based,Manufacture of coke and refined petroleum products,2016-01-01,All India,7.59717314487632,percent YoY growth,monthly,Index of Industrial Production (1).xlsx,
industry,IIP use-based,Manufacture of coke and refined petroleum products,2016-02-01,All India,10.7350096711799,percent YoY growth,monthly,Index of Industrial Production (1).xlsx,
industry,IIP use-based,Manufacture of coke and refined petroleum products,2016-03-01,All India,13.3273703041145,percent YoY growth,monthly,Index of Industrial Production (1).xlsx,
industry,IIP use-based,Manufacture of coke and refined petroleum products,2016-04-01,All India,18.4917355371901,percent YoY growth,monthly,Index of Industrial Production (1).xlsx,
industry,IIP use-based,Manufacture of coke and refined petroleum products,2016-05-01,All India,1.82291666666666,percent YoY growth,monthly,Index of Industrial Production (1).xlsx,
industry,IIP use-based,Manufacture of coke and refined petroleum products,2016-06-01,All India,5.03533568904594,percent YoY growth,monthly,Index of Industrial Production (1).xlsx,
industry,IIP use-based,Manufacture of coke and refined petroleum products,2016-07-01,All India,11.6847826086956,percent YoY growth,monthly,Index of Industrial Production (1).xlsx,
industry,IIP use-based,Manufacture of coke and refined petroleum products,2016-08-01,All India,0.943396226415102,percent YoY growth,monthly,Index of Industrial Production (1).xlsx,
industry,IIP use-based,Manufacture of coke and refined petroleum products,2016-09-01,All India,5.37229029217719,percent YoY growth,monthly,Index of Industrial Production (1).xlsx,
industry,IIP use-based,Manufacture of coke and refined petroleum products,2016-10-01,All India,15.0278293135436,percent YoY growth,monthly,Index of Industrial Production (1).xlsx,
industry,IIP use-based,Manufacture of coke and refined petroleum products,2016-11-01,All India,0.428449014567267,percent YoY growth,monthly,Index of Industrial Production (1).xlsx,
industry,IIP use-based,Manufacture of coke and refined petroleum products,2016-12-01,All India,5.07185122569738,percent YoY growth,monthly,Index of Industrial Production (1).xlsx,
industry,IIP use-based,Manufacture of coke and refined petroleum products,2017-01-01,All India,-1.80623973727422,percent YoY growth,monthly,Index of Industrial Production (1).xlsx,
industry,IIP use-based,Manufacture of coke and refined petroleum products,2017-02-01,All India,-2.88209606986899,percent YoY growth,monthly,Index of Industrial Production (1).xlsx,
industry,IIP use-based,Manufacture of coke and refined petroleum products,2017-03-01,All India,2.20994475138121,percent YoY growth,monthly,Index of Industrial Production (1).xlsx,
industry,IIP use-based,Manufacture of coke and refined petroleum products,2017-04-01,All India,1.3949433304272,percent YoY growth,monthly,Index of Industrial Production (1).xlsx,
industry,IIP use-based,Manufacture of coke and refined petroleum products,2017-05-01,All India,5.37084398976982,percent YoY growth,monthly,Index of Industrial Production (1).xlsx,
industry,IIP use-based,Manufacture of coke and refined petroleum products,2017-06-01,All India,-1.17746005046258,percent YoY growth,monthly,Index of Industrial Production (1).xlsx,
industry,IIP use-based,Manufacture of coke and refined petroleum products,2017-07-01,All India,-4.13625304136253,percent YoY growth,monthly,Index of Industrial Production (1).xlsx,
industry,IIP use-based,Manufacture of coke and refined petroleum products,2017-08-01,All India,2.97366185216653,percent YoY growth,monthly,Index of Industrial Production (1).xlsx,
industry,IIP use-based,Manufacture of coke and refined petroleum products,2017-09-01,All India,8.58676207513418,percent YoY growth,monthly,Index of Industrial Production (1).xlsx,
industry,IIP use-based,Manufacture of coke and refined petroleum products,2017-10-01,All India,4.11290322580645,percent YoY growth,monthly,Index of Industrial Production (1).xlsx,
industry,IIP use-based,Manufacture of coke and refined petroleum products,2017-11-01,All India,4.94880546075085,percent YoY growth,monthly,Index of Industrial Production (1).xlsx,
industry,IIP use-based,Manufacture of coke and refined petroleum products,2017-12-01,All India,5.79243765084473,percent YoY growth,monthly,Index of Industrial Production (1).xlsx,
industry,IIP use-based,Manufacture of coke and refined petroleum products,2018-01-01,All India,11.4548494983278,percent YoY growth,monthly,Index of Industrial Production (1).xlsx,
industry,IIP use-based,Manufacture of coke and refined petroleum products,2018-02-01,All India,6.83453237410071,percent YoY growth,monthly,Index of Industrial Production (1).xlsx,
industry,IIP use-based,Manufacture of coke and refined petroleum products,2018-03-01,All India,-0.694980694980699,percent YoY growth,monthly,Index of Industrial Production (1).xlsx,
industry,IIP use-based,Manufacture of coke and refined petroleum products,2018-04-01,All India,1.20378331900258,percent YoY growth,monthly,Index of Industrial Production (1).xlsx,
industry,IIP use-based,Manufacture of coke and refined petroleum products,2018-05-01,All India,4.93527508090615,percent YoY growth,monthly,Index of Industrial Production (1).xlsx,
industry,IIP use-based,Manufacture of coke and refined petroleum products,2018-06-01,All India,11.7446808510638,percent YoY growth,monthly,Index of Industrial Production (1).xlsx,
industry,IIP use-based,Manufacture of coke and refined petroleum products,2018-07-01,All India,10.82910321489,percent YoY growth,monthly,Index of Industrial Production (1).xlsx,
industry,IIP use-based,Manufacture of coke and refined petroleum products,2018-08-01,All India,2.22772277227723,percent YoY growth,monthly,Index of Industrial Production (1).xlsx,
industry,IIP use-based,Manufacture of coke and refined petroleum products,2018-09-01,All India,0.247116968698515,percent YoY growth,monthly,Index of Industrial Production (1).xlsx,
industry,IIP use-based,Manufacture of coke and refined petroleum products,2018-10-01,All India,1.6266460108443,percent YoY growth,monthly,Index of Industrial Production (1).xlsx,
industry,IIP use-based,Manufacture of coke and refined petroleum products,2018-11-01,All India,3.00813008130082,percent YoY growth,monthly,Index of Industrial Production (1).xlsx,
industry,IIP use-based,Manufacture of coke and refined petroleum products,2018-12-01,All India,-5.39923954372623,percent YoY growth,monthly,Index of Industrial Production (1).xlsx,
industry,IIP use-based,Manufacture of coke and refined petroleum products,2019-01-01,All India,-2.32558139534885,percent YoY growth,monthly,Index of Industrial Production (1).xlsx,
industry,IIP use-based,Manufacture of coke and refined petroleum products,2019-02-01,All India,-0.420875420875421,percent YoY growth,monthly,Index of Industrial Production (1).xlsx,
industry,IIP use-based,Manufacture of coke and refined petroleum products,2019-03-01,All India,4.6656298600311,percent YoY growth,monthly,Index of Industrial Production (1).xlsx,
industry,IIP use-based,Manufacture of coke and refined petroleum products,2019-04-01,All India,3.90824129141886,percent YoY growth,monthly,Index of Industrial Production (1).xlsx,
industry,IIP use-based,Manufacture of coke and refined petroleum products,2019-05-01,All India,-2.0817270624518,percent YoY growth,monthly,Index of Industrial Production (1).xlsx,
industry,IIP use-based,Manufacture of coke and refined petroleum products,2019-06-01,All India,-7.6923076923077,percent YoY growth,monthly,Index of Industrial Production (1).xlsx,
industry,IIP use-based,Manufacture of coke and refined petroleum products,2019-07-01,All India,0.687022900763363,percent YoY growth,monthly,Index of Industrial Production (1).xlsx,
industry,IIP use-based,Manufacture of coke and refined petroleum products,2019-08-01,All India,3.3091202582728,percent YoY growth,monthly,Index of Industrial Production (1).xlsx,
industry,IIP use-based,Manufacture of coke and refined petroleum products,2019-09-01,All India,-5.34100246507806,percent YoY growth,monthly,Index of Industrial Production (1).xlsx,
industry,IIP use-based,Manufacture of coke and refined petroleum products,2019-10-01,All India,0.685975609756102,percent YoY growth,monthly,Index of Industrial Production (1).xlsx,
industry,IIP use-based,Manufacture of coke and refined petroleum products,2019-11-01,All India,1.81531176006314,percent YoY growth,monthly,Index of Industrial Production (1).xlsx,
industry,IIP use-based,Manufacture of coke and refined petroleum products,2019-12-01,All India,1.20578778135048,percent YoY growth,monthly,Index of Industrial Production (1).xlsx,
industry,IIP use-based,Manufacture of coke and refined petroleum products,2020-01-01,All India,-0.230414746543766,percent YoY growth,monthly,Index of Industrial Production (1).xlsx,
industry,IIP use-based,Manufacture of coke and refined petroleum products,2020-02-01,All India,6.08622147083686,percent YoY growth,monthly,Index of Industrial Production (1).xlsx,
industry,IIP use-based,Manufacture of coke and refined petroleum products,2020-03-01,All India,-1.70876671619612,percent YoY growth,monthly,Index of Industrial Production (1).xlsx,
industry,IIP use-based,Manufacture of coke and refined petroleum products,2020-04-01,All India,-28.2910874897792,percent YoY growth,monthly,Index of Industrial Production (1).xlsx,
industry,IIP use-based,Manufacture of coke and refined petroleum products,2020-05-01,All India,-24.4881889763779,percent YoY growth,monthly,Index of Industrial Production (1).xlsx,
industry,IIP use-based,Manufacture of coke and refined petroleum products,2020-06-01,All India,-13.7788778877888,percent YoY growth,monthly,Index of Industrial Production (1).xlsx,
industry,IIP use-based,Manufacture of coke and refined petroleum products,2020-07-01,All India,-17.0583775587566,percent YoY growth,monthly,Index of Industrial Production (1).xlsx,
industry,IIP use-based,Manufacture of coke and refined petroleum products,2020-08-01,All India,-21.40625,percent YoY growth,monthly,Index of Industrial Production (1).xlsx,
industry,IIP use-based,Manufacture of coke and refined petroleum products,2020-09-01,All India,-10.4166666666667,percent YoY growth,monthly,Index of Industrial Production (1).xlsx,
industry,IIP use-based,Manufacture of coke and refined petroleum products,2020-10-01,All India,-17.2596517789553,percent YoY growth,monthly,Index of Industrial Production (1).xlsx,
industry,IIP use-based,Manufacture of coke and refined petroleum products,2020-11-01,All India,-3.25581395348837,percent YoY growth,monthly,Index of Industrial Production (1).xlsx,
industry,IIP use-based,Manufacture of coke and refined petroleum products,2020-12-01,All India,-0.71485305798253,percent YoY growth,monthly,Index of Industrial Production (1).xlsx,
industry,IIP use-based,Manufacture of coke and refined petroleum products,2021-01-01,All India,-0.461893764434176,percent YoY growth,monthly,Index of Industrial Production (1).xlsx,
industry,IIP use-based,Manufacture of coke and refined petroleum products,2021-02-01,All India,-9.40239043824701,percent YoY growth,monthly,Index of Industrial Production (1).xlsx,
industry,IIP use-based,Manufacture of coke and refined petroleum products,2021-03-01,All India,-1.05820105820106,percent YoY growth,monthly,Index of Industrial Production (1).xlsx,
industry,IIP use-based,Manufacture of coke and refined petroleum products,2021-05-01,All India,18.6652763295099,percent YoY growth,monthly,Index of Industrial Production (1).xlsx,
industry,IIP use-based,Manufacture of coke and refined petroleum products,2021-06-01,All India,5.35885167464114,percent YoY growth,monthly,Index of Industrial Production (1).xlsx,
industry,IIP use-based,Manufacture of coke and refined petroleum products,2021-07-01,All India,7.76965265082267,percent YoY growth,monthly,Index of Industrial Production (1).xlsx,
industry,IIP use-based,Manufacture of coke and refined petroleum products,2021-08-01,All India,11.4314115308151,percent YoY growth,monthly,Index of Industrial Production (1).xlsx,
industry,IIP use-based,Manufacture of coke and refined petroleum products,2021-09-01,All India,5.13565891472868,percent YoY growth,monthly,Index of Industrial Production (1).xlsx,
industry,IIP use-based,Manufacture of coke and refined petroleum products,2021-10-01,All India,13.3577310155535,percent YoY growth,monthly,Index of Industrial Production (1).xlsx,
industry,IIP use-based,Manufacture of coke and refined petroleum products,2021-11-01,All India,3.36538461538462,percent YoY growth,monthly,Index of Industrial Production (1).xlsx,
industry,IIP use-based,Manufacture of coke and refined petroleum products,2021-12-01,All India,3.68,percent YoY growth,monthly,Index of Industrial Production (1).xlsx,
industry,IIP use-based,Manufacture of coke and refined petroleum products,2022-01-01,All India,0.850734725444698,percent YoY growth,monthly,Index of Industrial Production (1).xlsx,
industry,IIP use-based,Manufacture of coke and refined petroleum products,2022-02-01,All India,5.80474934036939,percent YoY growth,monthly,Index of Industrial Production (1).xlsx,
industry,IIP use-based,Manufacture of coke and refined petroleum products,2022-03-01,All India,6.34071810542397,percent YoY growth,monthly,Index of Industrial Production (1).xlsx,
industry,IIP use-based,Manufacture of coke and refined petroleum products,2022-04-01,All India,10.6329113924051,percent YoY growth,monthly,Index of Industrial Production (1).xlsx,
industry,IIP use-based,Manufacture of coke and refined petroleum products,2022-05-01,All India,18.1019332161687,percent YoY growth,monthly,Index of Industrial Production (1).xlsx,
industry,IIP use-based,Manufacture of coke and refined petroleum products,2022-06-01,All India,17.4386920980927,percent YoY growth,monthly,Index of Industrial Production (1).xlsx,
industry,IIP use-based,Manufacture of coke and refined petroleum products,2022-07-01,All India,7.20949957591179,percent YoY growth,monthly,Index of Industrial Production (1).xlsx,
industry,IIP use-based,Manufacture of coke and refined petroleum products,2022-08-01,All India,6.60124888492418,percent YoY growth,monthly,Index of Industrial Production (1).xlsx,
industry,IIP use-based,Manufacture of coke and refined petroleum products,2022-09-01,All India,9.86175115207373,percent YoY growth,monthly,Index of Industrial Production (1).xlsx,
industry,IIP use-based,Manufacture of coke and refined petroleum products,2022-10-01,All India,-0.96852300242131,percent YoY growth,monthly,Index of Industrial Production (1).xlsx,
industry,IIP use-based,Manufacture of coke and refined petroleum products,2022-11-01,All India,-9.6124031007752,percent YoY growth,monthly,Index of Industrial Production (1).xlsx,
industry,IIP use-based,Manufacture of coke and refined petroleum products,2022-12-01,All India,2.08333333333335,percent YoY growth,monthly,Index of Industrial Production (1).xlsx,
industry,IIP use-based,Manufacture of coke and refined petroleum products,2023-01-01,All India,5.52147239263803,percent YoY growth,monthly,Index of Industrial Production (1).xlsx,
industry,IIP use-based,Manufacture of coke and refined petroleum products,2023-02-01,All India,4.73815461346634,percent YoY growth,monthly,Index of Industrial Production (1).xlsx,
industry,IIP use-based,Manufacture of coke and refined petroleum products,2023-03-01,All India,1.36494252873564,percent YoY growth,monthly,Index of Industrial Production (1).xlsx,
industry,IIP use-based,Manufacture of coke and refined petroleum products,2023-04-01,All India,-1.5255530129672,percent YoY growth,monthly,Index of Industrial Production (1).xlsx,
industry,IIP use-based,Manufacture of coke and refined petroleum products,2023-05-01,All India,2.67857142857142,percent YoY growth,monthly,Index of Industrial Production (1).xlsx,
industry,IIP use-based,Manufacture of coke and refined petroleum products,2023-06-01,All India,3.24825986078885,percent YoY growth,monthly,Index of Industrial Production (1).xlsx,
industry,IIP use-based,Manufacture of coke and refined petroleum products,2023-07-01,All India,4.35126582278481,percent YoY growth,monthly,Index of Industrial Production (1).xlsx,
industry,IIP use-based,Manufacture of coke and refined petroleum products,2023-08-01,All India,10.2092050209205,percent YoY growth,monthly,Index of Industrial Production (1).xlsx,
industry,IIP use-based,Manufacture of coke and refined petroleum products,2023-09-01,All India,2.68456375838926,percent YoY growth,monthly,Index of Industrial Production (1).xlsx,
industry,IIP use-based,Manufacture of coke and refined petroleum products,2023-10-01,All India,2.44498777506112,percent YoY growth,monthly,Index of Industrial Production (1).xlsx,
industry,IIP use-based,Manufacture of coke and refined petroleum products,2023-11-01,All India,13.9794168096055,percent YoY growth,monthly,Index of Industrial Production (1).xlsx,
industry,IIP use-based,Manufacture of coke and refined petroleum products,2023-12-01,All India,7.25623582766439,percent YoY growth,monthly,Index of Industrial Production (1).xlsx,
industry,IIP use-based,Manufacture of coke and refined petroleum products,2024-01-01,All India,-2.10755813953489,percent YoY growth,monthly,Index of Industrial Production (1).xlsx,
industry,IIP use-based,Manufacture of coke and refined petroleum products,2024-02-01,All India,4.12698412698412,percent YoY growth,monthly,Index of Industrial Production (1).xlsx,
industry,IIP use-based,Manufacture of coke and refined petroleum products,2024-03-01,All India,0.921332388377046,percent YoY growth,monthly,Index of Industrial Production (1).xlsx,
industry,IIP use-based,Manufacture of coke and refined petroleum products,2024-04-01,All India,4.87993803253293,percent YoY growth,monthly,Index of Industrial Production (1).xlsx,
industry,IIP use-based,Manufacture of coke and refined petroleum products,2024-05-01,All India,1.95652173913043,percent YoY growth,monthly,Index of Industrial Production (1).xlsx,
industry,IIP use-based,Manufacture of coke and refined petroleum products,2024-06-01,All India,-0.973782771535589,percent YoY growth,monthly,Index of Industrial Production (1).xlsx,
industry,IIP use-based,Manufacture of coke and refined petroleum products,2024-07-01,All India,6.82335102350265,percent YoY growth,monthly,Index of Industrial Production (1).xlsx,
industry,IIP use-based,Manufacture of coke and refined petroleum products,2024-08-01,All India,-0.68337129840545,percent YoY growth,monthly,Index of Industrial Production (1).xlsx,
industry,IIP use-based,Manufacture of coke and refined petroleum products,2024-09-01,All India,5.22875816993465,percent YoY growth,monthly,Index of Industrial Production (1).xlsx,
industry,IIP use-based,Manufacture of coke and refined petroleum products,2024-10-01,All India,5.64836913285601,percent YoY growth,monthly,Index of Industrial Production (1).xlsx,
industry,IIP use-based,Manufacture of coke and refined petroleum products,2024-11-01,All India,2.0316027088036,percent YoY growth,monthly,Index of Industrial Production (1).xlsx,
industry,IIP use-based,Manufacture of coke and refined petroleum products,2024-12-01,All India,3.87596899224806,percent YoY growth,monthly,Index of Industrial Production (1).xlsx,
industry,IIP use-based,Manufacture of coke and refined petroleum products,2025-01-01,All India,8.61172976985897,percent YoY growth,monthly,Index of Industrial Production (1).xlsx,
industry,IIP use-based,Manufacture of coke and refined petroleum products,2025-02-01,All India,0.457317073170749,percent YoY growth,monthly,Index of Industrial Production (1).xlsx,
industry,IIP use-based,Manufacture of coke and refined petroleum products,2025-03-01,All India,2.52808988764045,percent YoY growth,monthly,Index of Industrial Production (1).xlsx,
industry,IIP use-based,Manufacture of coke and refined petroleum products,2025-04-01,All India,-2.14180206794683,percent YoY growth,monthly,Index of Industrial Production (1).xlsx,
industry,IIP use-based,Manufacture of coke and refined petroleum products,2025-05-01,All India,1.06609808102345,percent YoY growth,monthly,Index of Industrial Production (1).xlsx,
industry,IIP use-based,Manufacture of coke and refined petroleum products,2025-06-01,All India,4.53857791225416,percent YoY growth,monthly,Index of Industrial Production (1).xlsx,
industry,IIP use-based,Manufacture of coke and refined petroleum products,2025-07-01,All India,0.7097232079489,percent YoY growth,monthly,Index of Industrial Production (1).xlsx,
industry,IIP use-based,Manufacture of coke and refined petroleum products,2025-08-01,All India,5.35168195718654,percent YoY growth,monthly,Index of Industrial Production (1).xlsx,
industry,IIP use-based,Manufacture of coke and refined petroleum products,2025-09-01,All India,0.232919254658372,percent YoY growth,monthly,Index of Industrial Production (1).xlsx,
industry,IIP use-based,Manufacture of coke and refined petroleum products,2025-10-01,All India,6.17469879518071,percent YoY growth,monthly,Index of Industrial Production (1).xlsx,
industry,IIP use-based,Manufacture of coke and refined petroleum products,2025-11-01,All India,0.368731563421829,percent YoY growth,monthly,Index of Industrial Production (1).xlsx,
industry,IIP use-based,Manufacture of coke and refined petroleum products,2025-12-01,All India,-0.407055630936224,percent YoY growth,monthly,Index of Industrial Production (1).xlsx,
industry,IIP use-based,Manufacture of coke and refined petroleum products,2026-01-01,All India,-0.341763499658237,percent YoY growth,monthly,Index of Industrial Production (1).xlsx,
industry,IIP use-based,Manufacture of coke and refined petroleum products,2026-02-01,All India,-0.303490136570566,percent YoY growth,monthly,Index of Industrial Production (1).xlsx,
industry,IIP use-based,Manufacture of coke and refined petroleum products,2026-03-01,All India,0.890410958904117,percent YoY growth,monthly,Index of Industrial Production (1).xlsx,
industry,IIP use-based,"Manufacture of computer, electronic and optical products",2013-04-01,All India,10.0,percent YoY growth,monthly,Index of Industrial Production (1).xlsx,
industry,IIP use-based,"Manufacture of computer, electronic and optical products",2013-05-01,All India,8.28092243186582,percent YoY growth,monthly,Index of Industrial Production (1).xlsx,
industry,IIP use-based,"Manufacture of computer, electronic and optical products",2013-06-01,All India,2.72373540856031,percent YoY growth,monthly,Index of Industrial Production (1).xlsx,
industry,IIP use-based,"Manufacture of computer, electronic and optical products",2013-07-01,All India,13.2462686567164,percent YoY growth,monthly,Index of Industrial Production (1).xlsx,
industry,IIP use-based,"Manufacture of computer, electronic and optical products",2013-08-01,All India,15.7073170731707,percent YoY growth,monthly,Index of Industrial Production (1).xlsx,
industry,IIP use-based,"Manufacture of computer, electronic and optical products",2013-09-01,All India,6.32279534109817,percent YoY growth,monthly,Index of Industrial Production (1).xlsx,
industry,IIP use-based,"Manufacture of computer, electronic and optical products",2013-10-01,All India,9.69551282051283,percent YoY growth,monthly,Index of Industrial Production (1).xlsx,
industry,IIP use-based,"Manufacture of computer, electronic and optical products",2013-11-01,All India,23.1847133757962,percent YoY growth,monthly,Index of Industrial Production (1).xlsx,
industry,IIP use-based,"Manufacture of computer, electronic and optical products",2013-12-01,All India,25.1748251748252,percent YoY growth,monthly,Index of Industrial Production (1).xlsx,
industry,IIP use-based,"Manufacture of computer, electronic and optical products",2014-01-01,All India,17.4698795180723,percent YoY growth,monthly,Index of Industrial Production (1).xlsx,
industry,IIP use-based,"Manufacture of computer, electronic and optical products",2014-02-01,All India,18.3157894736842,percent YoY growth,monthly,Index of Industrial Production (1).xlsx,
industry,IIP use-based,"Manufacture of computer, electronic and optical products",2014-03-01,All India,29.9319727891156,percent YoY growth,monthly,Index of Industrial Production (1).xlsx,
industry,IIP use-based,"Manufacture of computer, electronic and optical products",2014-04-01,All India,11.6600790513834,percent YoY growth,monthly,Index of Industrial Production (1).xlsx,
industry,IIP use-based,"Manufacture of computer, electronic and optical products",2014-05-01,All India,15.1984511132623,percent YoY growth,monthly,Index of Industrial Production (1).xlsx,
industry,IIP use-based,"Manufacture of computer, electronic and optical products",2014-06-01,All India,8.80681818181819,percent YoY growth,monthly,Index of Industrial Production (1).xlsx,
industry,IIP use-based,"Manufacture of computer, electronic and optical products",2014-07-01,All India,3.21252059308072,percent YoY growth,monthly,Index of Industrial Production (1).xlsx,
industry,IIP use-based,"Manufacture of computer, electronic and optical products",2014-08-01,All India,7.92580101180439,percent YoY growth,monthly,Index of Industrial Production (1).xlsx,
industry,IIP use-based,"Manufacture of computer, electronic and optical products",2014-09-01,All India,13.2237871674491,percent YoY growth,monthly,Index of Industrial Production (1).xlsx,
industry,IIP use-based,"Manufacture of computer, electronic and optical products",2014-10-01,All India,-12.563915266618,percent YoY growth,monthly,Index of Industrial Production (1).xlsx,
industry,IIP use-based,"Manufacture of computer, electronic and optical products",2014-11-01,All India,5.99793174767321,percent YoY growth,monthly,Index of Industrial Production (1).xlsx,
industry,IIP use-based,"Manufacture of computer, electronic and optical products",2014-12-01,All India,-10.9869646182495,percent YoY growth,monthly,Index of Industrial Production (1).xlsx,
industry,IIP use-based,"Manufacture of computer, electronic and optical products",2015-01-01,All India,-0.256410256410254,percent YoY growth,monthly,Index of Industrial Production (1).xlsx,
industry,IIP use-based,"Manufacture of computer, electronic and optical products",2015-02-01,All India,3.38078291814946,percent YoY growth,monthly,Index of Industrial Production (1).xlsx,
industry,IIP use-based,"Manufacture of computer, electronic and optical products",2015-03-01,All India,-13.2385938668661,percent YoY growth,monthly,Index of Industrial Production (1).xlsx,
industry,IIP use-based,"Manufacture of computer, electronic and optical products",2015-04-01,All India,2.92035398230088,percent YoY growth,monthly,Index of Industrial Production (1).xlsx,
industry,IIP use-based,"Manufacture of computer, electronic and optical products",2015-05-01,All India,-5.21008403361345,percent YoY growth,monthly,Index of Industrial Production (1).xlsx,
industry,IIP use-based,"Manufacture of computer, electronic and optical products",2015-06-01,All India,8.61618798955613,percent YoY growth,monthly,Index of Industrial Production (1).xlsx,
industry,IIP use-based,"Manufacture of computer, electronic and optical products",2015-07-01,All India,0.798084596967279,percent YoY growth,monthly,Index of Industrial Production (1).xlsx,
industry,IIP use-based,"Manufacture of computer, electronic and optical products",2015-08-01,All India,-4.6875,percent YoY growth,monthly,Index of Industrial Production (1).xlsx,
industry,IIP use-based,"Manufacture of computer, electronic and optical products",2015-09-01,All India,0.276434001382174,percent YoY growth,monthly,Index of Industrial Production (1).xlsx,
industry,IIP use-based,"Manufacture of computer, electronic and optical products",2015-10-01,All India,24.0601503759398,percent YoY growth,monthly,Index of Industrial Production (1).xlsx,
industry,IIP use-based,"Manufacture of computer, electronic and optical products",2015-11-01,All India,5.26829268292684,percent YoY growth,monthly,Index of Industrial Production (1).xlsx,
industry,IIP use-based,"Manufacture of computer, electronic and optical products",2015-12-01,All India,21.5481171548117,percent YoY growth,monthly,Index of Industrial Production (1).xlsx,
industry,IIP use-based,"Manufacture of computer, electronic and optical products",2016-01-01,All India,3.42759211653813,percent YoY growth,monthly,Index of Industrial Production (1).xlsx,
industry,IIP use-based,"Manufacture of computer, electronic and optical products",2016-02-01,All India,4.64716006884681,percent YoY growth,monthly,Index of Industrial Production (1).xlsx,
industry,IIP use-based,"Manufacture of computer, electronic and optical products",2016-03-01,All India,3.96551724137931,percent YoY growth,monthly,Index of Industrial Production (1).xlsx,
industry,IIP use-based,"Manufacture of computer, electronic and optical products",2016-04-01,All India,-0.1719690455718,percent YoY growth,monthly,Index of Industrial Production (1).xlsx,
industry,IIP use-based,"Manufacture of computer, electronic and optical products",2016-05-01,All India,6.64893617021277,percent YoY growth,monthly,Index of Industrial Production (1).xlsx,
industry,IIP use-based,"Manufacture of computer, electronic and optical products",2016-06-01,All India,1.68269230769231,percent YoY growth,monthly,Index of Industrial Production (1).xlsx,
industry,IIP use-based,"Manufacture of computer, electronic and optical products",2016-07-01,All India,-1.18764845605701,percent YoY growth,monthly,Index of Industrial Production (1).xlsx,
industry,IIP use-based,"Manufacture of computer, electronic and optical products",2016-08-01,All India,8.44262295081968,percent YoY growth,monthly,Index of Industrial Production (1).xlsx,
industry,IIP use-based,"Manufacture of computer, electronic and optical products",2016-09-01,All India,2.89455547898003,percent YoY growth,monthly,Index of Industrial Production (1).xlsx,
industry,IIP use-based,"Manufacture of computer, electronic and optical products",2016-10-01,All India,-6.53198653198653,percent YoY growth,monthly,Index of Industrial Production (1).xlsx,
industry,IIP use-based,"Manufacture of computer, electronic and optical products",2016-11-01,All India,5.56070435588508,percent YoY growth,monthly,Index of Industrial Production (1).xlsx,
industry,IIP use-based,"Manufacture of computer, electronic and optical products",2016-12-01,All India,-8.34767641996558,percent YoY growth,monthly,Index of Industrial Production (1).xlsx,
industry,IIP use-based,"Manufacture of computer, electronic and optical products",2017-01-01,All India,6.29660314830158,percent YoY growth,monthly,Index of Industrial Production (1).xlsx,
industry,IIP use-based,"Manufacture of computer, electronic and optical products",2017-02-01,All India,2.71381578947369,percent YoY growth,monthly,Index of Industrial Production (1).xlsx,
industry,IIP use-based,"Manufacture of computer, electronic and optical products",2017-03-01,All India,15.0912106135987,percent YoY growth,monthly,Index of Industrial Production (1).xlsx,
industry,IIP use-based,"Manufacture of computer, electronic and optical products",2017-04-01,All India,0.344530577088722,percent YoY growth,monthly,Index of Industrial Production (1).xlsx,
industry,IIP use-based,"Manufacture of computer, electronic and optical products",2017-05-01,All India,13.1338320864505,percent YoY growth,monthly,Index of Industrial Production (1).xlsx,
industry,IIP use-based,"Manufacture of computer, electronic and optical products",2017-06-01,All India,-2.28526398739165,percent YoY growth,monthly,Index of Industrial Production (1).xlsx,
industry,IIP use-based,"Manufacture of computer, electronic and optical products",2017-07-01,All India,8.33333333333333,percent YoY growth,monthly,Index of Industrial Production (1).xlsx,
industry,IIP use-based,"Manufacture of computer, electronic and optical products",2017-08-01,All India,34.9206349206349,percent YoY growth,monthly,Index of Industrial Production (1).xlsx,
industry,IIP use-based,"Manufacture of computer, electronic and optical products",2017-09-01,All India,23.3757535164099,percent YoY growth,monthly,Index of Industrial Production (1).xlsx,
industry,IIP use-based,"Manufacture of computer, electronic and optical products",2017-10-01,All India,9.5100864553314,percent YoY growth,monthly,Index of Industrial Production (1).xlsx,
industry,IIP use-based,"Manufacture of computer, electronic and optical products",2017-11-01,All India,28.0948200175593,percent YoY growth,monthly,Index of Industrial Production (1).xlsx,
industry,IIP use-based,"Manufacture of computer, electronic and optical products",2017-12-01,All India,37.8403755868545,percent YoY growth,monthly,Index of Industrial Production (1).xlsx,
industry,IIP use-based,"Manufacture of computer, electronic and optical products",2018-01-01,All India,22.5253312548714,percent YoY growth,monthly,Index of Industrial Production (1).xlsx,
industry,IIP use-based,"Manufacture of computer, electronic and optical products",2018-02-01,All India,16.4931945556445,percent YoY growth,monthly,Index of Industrial Production (1).xlsx,
industry,IIP use-based,"Manufacture of computer, electronic and optical products",2018-03-01,All India,15.1296829971182,percent YoY growth,monthly,Index of Industrial Production (1).xlsx,
industry,IIP use-based,"Manufacture of computer, electronic and optical products",2018-04-01,All India,30.1287553648069,percent YoY growth,monthly,Index of Industrial Production (1).xlsx,
industry,IIP use-based,"Manufacture of computer, electronic and optical products",2018-05-01,All India,35.7825128581925,percent YoY growth,monthly,Index of Industrial Production (1).xlsx,
industry,IIP use-based,"Manufacture of computer, electronic and optical products",2018-06-01,All India,44.2741935483871,percent YoY growth,monthly,Index of Industrial Production (1).xlsx,
industry,IIP use-based,"Manufacture of computer, electronic and optical products",2018-07-01,All India,27.7366863905325,percent YoY growth,monthly,Index of Industrial Production (1).xlsx,
industry,IIP use-based,"Manufacture of computer, electronic and optical products",2018-08-01,All India,-5.71428571428571,percent YoY growth,monthly,Index of Industrial Production (1).xlsx,
industry,IIP use-based,"Manufacture of computer, electronic and optical products",2018-09-01,All India,-0.922909880564598,percent YoY growth,monthly,Index of Industrial Production (1).xlsx,
industry,IIP use-based,"Manufacture of computer, electronic and optical products",2018-10-01,All India,29.7368421052632,percent YoY growth,monthly,Index of Industrial Production (1).xlsx,
industry,IIP use-based,"Manufacture of computer, electronic and optical products",2018-11-01,All India,1.02810143934202,percent YoY growth,monthly,Index of Industrial Production (1).xlsx,
industry,IIP use-based,"Manufacture of computer, electronic and optical products",2018-12-01,All India,3.88283378746593,percent YoY growth,monthly,Index of Industrial Production (1).xlsx,
industry,IIP use-based,"Manufacture of computer, electronic and optical products",2019-01-01,All India,1.08142493638678,percent YoY growth,monthly,Index of Industrial Production (1).xlsx,
industry,IIP use-based,"Manufacture of computer, electronic and optical products",2019-02-01,All India,3.78006872852234,percent YoY growth,monthly,Index of Industrial Production (1).xlsx,
industry,IIP use-based,"Manufacture of computer, electronic and optical products",2019-03-01,All India,11.3892365456821,percent YoY growth,monthly,Index of Industrial Production (1).xlsx,
industry,IIP use-based,"Manufacture of computer, electronic and optical products",2019-04-01,All India,12.0712401055409,percent YoY growth,monthly,Index of Industrial Production (1).xlsx,
industry,IIP use-based,"Manufacture of computer, electronic and optical products",2019-05-01,All India,9.57792207792207,percent YoY growth,monthly,Index of Industrial Production (1).xlsx,
industry,IIP use-based,"Manufacture of computer, electronic and optical products",2019-06-01,All India,-15.8188932364449,percent YoY growth,monthly,Index of Industrial Production (1).xlsx,
industry,IIP use-based,"Manufacture of computer, electronic and optical products",2019-07-01,All India,3.70584829183556,percent YoY growth,monthly,Index of Industrial Production (1).xlsx,
industry,IIP use-based,"Manufacture of computer, electronic and optical products",2019-08-01,All India,-2.02020202020202,percent YoY growth,monthly,Index of Industrial Production (1).xlsx,
industry,IIP use-based,"Manufacture of computer, electronic and optical products",2019-09-01,All India,-10.7945205479452,percent YoY growth,monthly,Index of Industrial Production (1).xlsx,
industry,IIP use-based,"Manufacture of computer, electronic and optical products",2019-10-01,All India,-31.0344827586207,percent YoY growth,monthly,Index of Industrial Production (1).xlsx,
industry,IIP use-based,"Manufacture of computer, electronic and optical products",2019-11-01,All India,-7.93758480325646,percent YoY growth,monthly,Index of Industrial Production (1).xlsx,
industry,IIP use-based,"Manufacture of computer, electronic and optical products",2019-12-01,All India,-25.0491803278689,percent YoY growth,monthly,Index of Industrial Production (1).xlsx,
industry,IIP use-based,"Manufacture of computer, electronic and optical products",2020-01-01,All India,-0.377595972309625,percent YoY growth,monthly,Index of Industrial Production (1).xlsx,
industry,IIP use-based,"Manufacture of computer, electronic and optical products",2020-02-01,All India,-8.80794701986756,percent YoY growth,monthly,Index of Industrial Production (1).xlsx,
industry,IIP use-based,"Manufacture of computer, electronic and optical products",2020-03-01,All India,-43.4831460674157,percent YoY growth,monthly,Index of Industrial Production (1).xlsx,
industry,IIP use-based,"Manufacture of computer, electronic and optical products",2020-04-01,All India,-92.583872866392,percent YoY growth,monthly,Index of Industrial Production (1).xlsx,
industry,IIP use-based,"Manufacture of computer, electronic and optical products",2020-05-01,All India,-68.1481481481482,percent YoY growth,monthly,Index of Industrial Production (1).xlsx,
industry,IIP use-based,"Manufacture of computer, electronic and optical products",2020-06-01,All India,-23.7715803452855,percent YoY growth,monthly,Index of Industrial Production (1).xlsx,
industry,IIP use-based,"Manufacture of computer, electronic and optical products",2020-07-01,All India,-19.0954773869347,percent YoY growth,monthly,Index of Industrial Production (1).xlsx,
industry,IIP use-based,"Manufacture of computer, electronic and optical products",2020-08-01,All India,-11.2795633717404,percent YoY growth,monthly,Index of Industrial Production (1).xlsx,
industry,IIP use-based,"Manufacture of computer, electronic and optical products",2020-09-01,All India,2.70270270270269,percent YoY growth,monthly,Index of Industrial Production (1).xlsx,
industry,IIP use-based,"Manufacture of computer, electronic and optical products",2020-10-01,All India,11.1029411764706,percent YoY growth,monthly,Index of Industrial Production (1).xlsx,
industry,IIP use-based,"Manufacture of computer, electronic and optical products",2020-11-01,All India,-15.2542372881356,percent YoY growth,monthly,Index of Industrial Production (1).xlsx,
industry,IIP use-based,"Manufacture of computer, electronic and optical products",2020-12-01,All India,21.4348206474191,percent YoY growth,monthly,Index of Industrial Production (1).xlsx,
industry,IIP use-based,"Manufacture of computer, electronic and optical products",2021-01-01,All India,-1.70562223626028,percent YoY growth,monthly,Index of Industrial Production (1).xlsx,
industry,IIP use-based,"Manufacture of computer, electronic and optical products",2021-02-01,All India,20.9150326797386,percent YoY growth,monthly,Index of Industrial Production (1).xlsx,
industry,IIP use-based,"Manufacture of computer, electronic and optical products",2021-03-01,All India,104.970178926441,percent YoY growth,monthly,Index of Industrial Production (1).xlsx,
industry,IIP use-based,"Manufacture of computer, electronic and optical products",2021-05-01,All India,47.5968992248062,percent YoY growth,monthly,Index of Industrial Production (1).xlsx,
industry,IIP use-based,"Manufacture of computer, electronic and optical products",2021-06-01,All India,9.40766550522648,percent YoY growth,monthly,Index of Industrial Production (1).xlsx,
industry,IIP use-based,"Manufacture of computer, electronic and optical products",2021-07-01,All India,-4.48585231193927,percent YoY growth,monthly,Index of Industrial Production (1).xlsx,
industry,IIP use-based,"Manufacture of computer, electronic and optical products",2021-08-01,All India,-4.64798359535202,percent YoY growth,monthly,Index of Industrial Production (1).xlsx,
industry,IIP use-based,"Manufacture of computer, electronic and optical products",2021-09-01,All India,-2.21291866028707,percent YoY growth,monthly,Index of Industrial Production (1).xlsx,
industry,IIP use-based,"Manufacture of computer, electronic and optical products",2021-10-01,All India,0.463269358041044,percent YoY growth,monthly,Index of Industrial Production (1).xlsx,
industry,IIP use-based,"Manufacture of computer, electronic and optical products",2021-11-01,All India,9.21739130434782,percent YoY growth,monthly,Index of Industrial Production (1).xlsx,
industry,IIP use-based,"Manufacture of computer, electronic and optical products",2021-12-01,All India,35.7348703170029,percent YoY growth,monthly,Index of Industrial Production (1).xlsx,
industry,IIP use-based,"Manufacture of computer, electronic and optical products",2022-01-01,All India,19.5372750642674,percent YoY growth,monthly,Index of Industrial Production (1).xlsx,
industry,IIP use-based,"Manufacture of computer, electronic and optical products",2022-02-01,All India,-16.036036036036,percent YoY growth,monthly,Index of Industrial Production (1).xlsx,
industry,IIP use-based,"Manufacture of computer, electronic and optical products",2022-03-01,All India,-9.55383123181377,percent YoY growth,monthly,Index of Industrial Production (1).xlsx,
industry,IIP use-based,"Manufacture of computer, electronic and optical products",2022-04-01,All India,6.29194630872483,percent YoY growth,monthly,Index of Industrial Production (1).xlsx,
industry,IIP use-based,"Manufacture of computer, electronic and optical products",2022-05-01,All India,28.6764705882353,percent YoY growth,monthly,Index of Industrial Production (1).xlsx,
industry,IIP use-based,"Manufacture of computer, electronic and optical products",2022-06-01,All India,43.7898089171975,percent YoY growth,monthly,Index of Industrial Production (1).xlsx,
industry,IIP use-based,"Manufacture of computer, electronic and optical products",2022-07-01,All India,2.74566473988438,percent YoY growth,monthly,Index of Industrial Production (1).xlsx,
industry,IIP use-based,"Manufacture of computer, electronic and optical products",2022-08-01,All India,3.29749103942652,percent YoY growth,monthly,Index of Industrial Production (1).xlsx,
industry,IIP use-based,"Manufacture of computer, electronic and optical products",2022-09-01,All India,0.183486238532117,percent YoY growth,monthly,Index of Industrial Production (1).xlsx,
industry,IIP use-based,"Manufacture of computer, electronic and optical products",2022-10-01,All India,-12.5164690382082,percent YoY growth,monthly,Index of Industrial Production (1).xlsx,
industry,IIP use-based,"Manufacture of computer, electronic and optical products",2022-11-01,All India,1.11464968152867,percent YoY growth,monthly,Index of Industrial Production (1).xlsx,
industry,IIP use-based,"Manufacture of computer, electronic and optical products",2022-12-01,All India,-37.5265392781316,percent YoY growth,monthly,Index of Industrial Production (1).xlsx,
industry,IIP use-based,"Manufacture of computer, electronic and optical products",2023-01-01,All India,-29.7311827956989,percent YoY growth,monthly,Index of Industrial Production (1).xlsx,
industry,IIP use-based,"Manufacture of computer, electronic and optical products",2023-02-01,All India,-11.444921316166,percent YoY growth,monthly,Index of Industrial Production (1).xlsx,
industry,IIP use-based,"Manufacture of computer, electronic and optical products",2023-03-01,All India,-28.0965147453083,percent YoY growth,monthly,Index of Industrial Production (1).xlsx,
industry,IIP use-based,"Manufacture of computer, electronic and optical products",2023-04-01,All India,-11.9968429360695,percent YoY growth,monthly,Index of Industrial Production (1).xlsx,
industry,IIP use-based,"Manufacture of computer, electronic and optical products",2023-05-01,All India,-6.04081632653062,percent YoY growth,monthly,Index of Industrial Production (1).xlsx,
industry,IIP use-based,"Manufacture of computer, electronic and optical products",2023-06-01,All India,-32.5027685492802,percent YoY growth,monthly,Index of Industrial Production (1).xlsx,
industry,IIP use-based,"Manufacture of computer, electronic and optical products",2023-07-01,All India,-16.5963431786217,percent YoY growth,monthly,Index of Industrial Production (1).xlsx,
industry,IIP use-based,"Manufacture of computer, electronic and optical products",2023-08-01,All India,-8.81332408049965,percent YoY growth,monthly,Index of Industrial Production (1).xlsx,
industry,IIP use-based,"Manufacture of computer, electronic and optical products",2023-09-01,All India,-8.7912087912088,percent YoY growth,monthly,Index of Industrial Production (1).xlsx,
industry,IIP use-based,"Manufacture of computer, electronic and optical products",2023-10-01,All India,-7.30421686746989,percent YoY growth,monthly,Index of Industrial Production (1).xlsx,
industry,IIP use-based,"Manufacture of computer, electronic and optical products",2023-11-01,All India,-23.8582677165354,percent YoY growth,monthly,Index of Industrial Production (1).xlsx,
industry,IIP use-based,"Manufacture of computer, electronic and optical products",2023-12-01,All India,-5.18266779949024,percent YoY growth,monthly,Index of Industrial Production (1).xlsx,
industry,IIP use-based,"Manufacture of computer, electronic and optical products",2024-01-01,All India,-7.57459831675592,percent YoY growth,monthly,Index of Industrial Production (1).xlsx,
industry,IIP use-based,"Manufacture of computer, electronic and optical products",2024-02-01,All India,1.61550888529887,percent YoY growth,monthly,Index of Industrial Production (1).xlsx,
industry,IIP use-based,"Manufacture of computer, electronic and optical products",2024-03-01,All India,0.447427293064873,percent YoY growth,monthly,Index of Industrial Production (1).xlsx,
industry,IIP use-based,"Manufacture of computer, electronic and optical products",2024-04-01,All India,2.42152466367713,percent YoY growth,monthly,Index of Industrial Production (1).xlsx,
industry,IIP use-based,"Manufacture of computer, electronic and optical products",2024-05-01,All India,18.5925282363163,percent YoY growth,monthly,Index of Industrial Production (1).xlsx,
industry,IIP use-based,"Manufacture of computer, electronic and optical products",2024-06-01,All India,10.5824446267432,percent YoY growth,monthly,Index of Industrial Production (1).xlsx,
industry,IIP use-based,"Manufacture of computer, electronic and optical products",2024-07-01,All India,10.3709949409781,percent YoY growth,monthly,Index of Industrial Production (1).xlsx,
industry,IIP use-based,"Manufacture of computer, electronic and optical products",2024-08-01,All India,11.5677321156773,percent YoY growth,monthly,Index of Industrial Production (1).xlsx,
industry,IIP use-based,"Manufacture of computer, electronic and optical products",2024-09-01,All India,-1.80722891566266,percent YoY growth,monthly,Index of Industrial Production (1).xlsx,
industry,IIP use-based,"Manufacture of computer, electronic and optical products",2024-10-01,All India,0.893582453290015,percent YoY growth,monthly,Index of Industrial Production (1).xlsx,
industry,IIP use-based,"Manufacture of computer, electronic and optical products",2024-11-01,All India,19.8552223371251,percent YoY growth,monthly,Index of Industrial Production (1).xlsx,
industry,IIP use-based,"Manufacture of computer, electronic and optical products",2024-12-01,All India,3.13620071684588,percent YoY growth,monthly,Index of Industrial Production (1).xlsx,
industry,IIP use-based,"Manufacture of computer, electronic and optical products",2025-01-01,All India,4.30463576158941,percent YoY growth,monthly,Index of Industrial Production (1).xlsx,
industry,IIP use-based,"Manufacture of computer, electronic and optical products",2025-02-01,All India,11.20826709062,percent YoY growth,monthly,Index of Industrial Production (1).xlsx,
industry,IIP use-based,"Manufacture of computer, electronic and optical products",2025-03-01,All India,22.6429101707498,percent YoY growth,monthly,Index of Industrial Production (1).xlsx,
industry,IIP use-based,"Manufacture of computer, electronic and optical products",2025-04-01,All India,10.5954465849387,percent YoY growth,monthly,Index of Industrial Production (1).xlsx,
industry,IIP use-based,"Manufacture of computer, electronic and optical products",2025-05-01,All India,-4.9084249084249,percent YoY growth,monthly,Index of Industrial Production (1).xlsx,
industry,IIP use-based,"Manufacture of computer, electronic and optical products",2025-06-01,All India,-0.296735905044515,percent YoY growth,monthly,Index of Industrial Production (1).xlsx,
industry,IIP use-based,"Manufacture of computer, electronic and optical products",2025-07-01,All India,4.73644003055767,percent YoY growth,monthly,Index of Industrial Production (1).xlsx,
industry,IIP use-based,"Manufacture of computer, electronic and optical products",2025-08-01,All India,1.36425648021828,percent YoY growth,monthly,Index of Industrial Production (1).xlsx,
industry,IIP use-based,"Manufacture of computer, electronic and optical products",2025-09-01,All India,7.02113156100887,percent YoY growth,monthly,Index of Industrial Production (1).xlsx,
industry,IIP use-based,"Manufacture of computer, electronic and optical products",2025-10-01,All India,9.01771336553946,percent YoY growth,monthly,Index of Industrial Production (1).xlsx,
industry,IIP use-based,"Manufacture of computer, electronic and optical products",2025-11-01,All India,15.1855047454702,percent YoY growth,monthly,Index of Industrial Production (1).xlsx,
industry,IIP use-based,"Manufacture of computer, electronic and optical products",2025-12-01,All India,35.7080799304952,percent YoY growth,monthly,Index of Industrial Production (1).xlsx,
industry,IIP use-based,"Manufacture of computer, electronic and optical products",2026-01-01,All India,17.6984126984127,percent YoY growth,monthly,Index of Industrial Production (1).xlsx,
industry,IIP use-based,"Manufacture of computer, electronic and optical products",2026-02-01,All India,6.00428877769836,percent YoY growth,monthly,Index of Industrial Production (1).xlsx,
industry,IIP use-based,"Manufacture of computer, electronic and optical products",2026-03-01,All India,-8.23244552058111,percent YoY growth,monthly,Index of Industrial Production (1).xlsx,
industry,IIP use-based,Manufacture of electrical equipment,2013-04-01,All India,21.1087420042644,percent YoY growth,monthly,Index of Industrial Production (1).xlsx,
industry,IIP use-based,Manufacture of electrical equipment,2013-05-01,All India,13.9685476410731,percent YoY growth,monthly,Index of Industrial Production (1).xlsx,
industry,IIP use-based,Manufacture of electrical equipment,2013-06-01,All India,-5.25838621940163,percent YoY growth,monthly,Index of Industrial Production (1).xlsx,
industry,IIP use-based,Manufacture of electrical equipment,2013-07-01,All India,-8.37887067395264,percent YoY growth,monthly,Index of Industrial Production (1).xlsx,
industry,IIP use-based,Manufacture of electrical equipment,2013-08-01,All India,-19.7933227344992,percent YoY growth,monthly,Index of Industrial Production (1).xlsx,
industry,IIP use-based,Manufacture of electrical equipment,2013-09-01,All India,13.3505598621878,percent YoY growth,monthly,Index of Industrial Production (1).xlsx,
industry,IIP use-based,Manufacture of electrical equipment,2013-10-01,All India,24.6268656716418,percent YoY growth,monthly,Index of Industrial Production (1).xlsx,
industry,IIP use-based,Manufacture of electrical equipment,2013-11-01,All India,37.753036437247,percent YoY growth,monthly,Index of Industrial Production (1).xlsx,
industry,IIP use-based,Manufacture of electrical equipment,2013-12-01,All India,-0.982142857142852,percent YoY growth,monthly,Index of Industrial Production (1).xlsx,
industry,IIP use-based,Manufacture of electrical equipment,2014-01-01,All India,-8.49909584086799,percent YoY growth,monthly,Index of Industrial Production (1).xlsx,
industry,IIP use-based,Manufacture of electrical equipment,2014-02-01,All India,0.866551126516465,percent YoY growth,monthly,Index of Industrial Production (1).xlsx,
industry,IIP use-based,Manufacture of electrical equipment,2014-03-01,All India,-11.4243323442137,percent YoY growth,monthly,Index of Industrial Production (1).xlsx,
industry,IIP use-based,Manufacture of electrical equipment,2014-04-01,All India,-19.6302816901408,percent YoY growth,monthly,Index of Industrial Production (1).xlsx,
industry,IIP use-based,Manufacture of electrical equipment,2014-05-01,All India,-10.1461038961039,percent YoY growth,monthly,Index of Industrial Production (1).xlsx,
industry,IIP use-based,Manufacture of electrical equipment,2014-06-01,All India,23.444976076555,percent YoY growth,monthly,Index of Industrial Production (1).xlsx,
industry,IIP use-based,Manufacture of electrical equipment,2014-07-01,All India,2.08747514910538,percent YoY growth,monthly,Index of Industrial Production (1).xlsx,
industry,IIP use-based,Manufacture of electrical equipment,2014-08-01,All India,9.11793855302278,percent YoY growth,monthly,Index of Industrial Production (1).xlsx,
industry,IIP use-based,Manufacture of electrical equipment,2014-09-01,All India,15.6534954407295,percent YoY growth,monthly,Index of Industrial Production (1).xlsx,
industry,IIP use-based,Manufacture of electrical equipment,2014-10-01,All India,-19.6939454424484,percent YoY growth,monthly,Index of Industrial Production (1).xlsx,
industry,IIP use-based,Manufacture of electrical equipment,2014-11-01,All India,2.27773695811903,percent YoY growth,monthly,Index of Industrial Production (1).xlsx,
industry,IIP use-based,Manufacture of electrical equipment,2014-12-01,All India,25.4283137962128,percent YoY growth,monthly,Index of Industrial Production (1).xlsx,
industry,IIP use-based,Manufacture of electrical equipment,2015-01-01,All India,7.90513833992095,percent YoY growth,monthly,Index of Industrial Production (1).xlsx,
industry,IIP use-based,Manufacture of electrical equipment,2015-02-01,All India,4.03780068728521,percent YoY growth,monthly,Index of Industrial Production (1).xlsx,
industry,IIP use-based,Manufacture of electrical equipment,2015-03-01,All India,16.2479061976549,percent YoY growth,monthly,Index of Industrial Production (1).xlsx,
industry,IIP use-based,Manufacture of electrical equipment,2015-04-01,All India,23.4392113910186,percent YoY growth,monthly,Index of Industrial Production (1).xlsx,
industry,IIP use-based,Manufacture of electrical equipment,2015-05-01,All India,11.5627822944896,percent YoY growth,monthly,Index of Industrial Production (1).xlsx,
industry,IIP use-based,Manufacture of electrical equipment,2015-06-01,All India,-3.4108527131783,percent YoY growth,monthly,Index of Industrial Production (1).xlsx,
industry,IIP use-based,Manufacture of electrical equipment,2015-07-01,All India,19.6689386562804,percent YoY growth,monthly,Index of Industrial Production (1).xlsx,
industry,IIP use-based,Manufacture of electrical equipment,2015-08-01,All India,3.6330608537693,percent YoY growth,monthly,Index of Industrial Production (1).xlsx,
industry,IIP use-based,Manufacture of electrical equipment,2015-09-01,All India,-12.2864651773982,percent YoY growth,monthly,Index of Industrial Production (1).xlsx,
industry,IIP use-based,Manufacture of electrical equipment,2015-10-01,All India,18.6412593206296,percent YoY growth,monthly,Index of Industrial Production (1).xlsx,
industry,IIP use-based,Manufacture of electrical equipment,2015-11-01,All India,-4.95689655172412,percent YoY growth,monthly,Index of Industrial Production (1).xlsx,
industry,IIP use-based,Manufacture of electrical equipment,2015-12-01,All India,5.17613227893603,percent YoY growth,monthly,Index of Industrial Production (1).xlsx,
industry,IIP use-based,Manufacture of electrical equipment,2016-01-01,All India,11.6300366300366,percent YoY growth,monthly,Index of Industrial Production (1).xlsx,
industry,IIP use-based,Manufacture of electrical equipment,2016-02-01,All India,5.45004128819158,percent YoY growth,monthly,Index of Industrial Production (1).xlsx,
industry,IIP use-based,Manufacture of electrical equipment,2016-03-01,All India,-0.432276657060535,percent YoY growth,monthly,Index of Industrial Production (1).xlsx,
industry,IIP use-based,Manufacture of electrical equipment,2016-04-01,All India,3.72670807453416,percent YoY growth,monthly,Index of Industrial Production (1).xlsx,
industry,IIP use-based,Manufacture of electrical equipment,2016-05-01,All India,1.53846153846154,percent YoY growth,monthly,Index of Industrial Production (1).xlsx,
industry,IIP use-based,Manufacture of electrical equipment,2016-06-01,All India,-3.21027287319422,percent YoY growth,monthly,Index of Industrial Production (1).xlsx,
industry,IIP use-based,Manufacture of electrical equipment,2016-07-01,All India,-9.27583401139138,percent YoY growth,monthly,Index of Industrial Production (1).xlsx,
industry,IIP use-based,Manufacture of electrical equipment,2016-08-01,All India,0.788781770376867,percent YoY growth,monthly,Index of Industrial Production (1).xlsx,
industry,IIP use-based,Manufacture of electrical equipment,2016-09-01,All India,5.61797752808989,percent YoY growth,monthly,Index of Industrial Production (1).xlsx,
industry,IIP use-based,Manufacture of electrical equipment,2016-10-01,All India,-3.14245810055866,percent YoY growth,monthly,Index of Industrial Production (1).xlsx,
industry,IIP use-based,Manufacture of electrical equipment,2016-11-01,All India,-2.34315948601665,percent YoY growth,monthly,Index of Industrial Production (1).xlsx,
industry,IIP use-based,Manufacture of electrical equipment,2016-12-01,All India,-11.2098427887902,percent YoY growth,monthly,Index of Industrial Production (1).xlsx,
industry,IIP use-based,Manufacture of electrical equipment,2017-01-01,All India,-10.746513535685,percent YoY growth,monthly,Index of Industrial Production (1).xlsx,
industry,IIP use-based,Manufacture of electrical equipment,2017-02-01,All India,-15.1135473766641,percent YoY growth,monthly,Index of Industrial Production (1).xlsx,
industry,IIP use-based,Manufacture of electrical equipment,2017-03-01,All India,-8.82778581765557,percent YoY growth,monthly,Index of Industrial Production (1).xlsx,
industry,IIP use-based,Manufacture of electrical equipment,2017-04-01,All India,-16.082121471343,percent YoY growth,monthly,Index of Industrial Production (1).xlsx,
industry,IIP use-based,Manufacture of electrical equipment,2017-05-01,All India,-14.1945773524721,percent YoY growth,monthly,Index of Industrial Production (1).xlsx,
industry,IIP use-based,Manufacture of electrical equipment,2017-06-01,All India,-19.0713101160862,percent YoY growth,monthly,Index of Industrial Production (1).xlsx,
industry,IIP use-based,Manufacture of electrical equipment,2017-07-01,All India,-13.6322869955157,percent YoY growth,monthly,Index of Industrial Production (1).xlsx,
industry,IIP use-based,Manufacture of electrical equipment,2017-08-01,All India,-7.73913043478261,percent YoY growth,monthly,Index of Industrial Production (1).xlsx,
industry,IIP use-based,Manufacture of electrical equipment,2017-09-01,All India,-19.0780141843972,percent YoY growth,monthly,Index of Industrial Production (1).xlsx,
industry,IIP use-based,Manufacture of electrical equipment,2017-10-01,All India,-18.6012977649603,percent YoY growth,monthly,Index of Industrial Production (1).xlsx,
industry,IIP use-based,Manufacture of electrical equipment,2017-11-01,All India,-9.82972136222909,percent YoY growth,monthly,Index of Industrial Production (1).xlsx,
industry,IIP use-based,Manufacture of electrical equipment,2017-12-01,All India,-15.242494226328,percent YoY growth,monthly,Index of Industrial Production (1).xlsx,
industry,IIP use-based,Manufacture of electrical equipment,2018-01-01,All India,-2.5735294117647,percent YoY growth,monthly,Index of Industrial Production (1).xlsx,
industry,IIP use-based,Manufacture of electrical equipment,2018-02-01,All India,-2.67527675276753,percent YoY growth,monthly,Index of Industrial Production (1).xlsx,
industry,IIP use-based,Manufacture of electrical equipment,2018-03-01,All India,-6.82539682539682,percent YoY growth,monthly,Index of Industrial Production (1).xlsx,
industry,IIP use-based,Manufacture of electrical equipment,2018-04-01,All India,4.07747196738022,percent YoY growth,monthly,Index of Industrial Production (1).xlsx,
industry,IIP use-based,Manufacture of electrical equipment,2018-05-01,All India,2.23048327137547,percent YoY growth,monthly,Index of Industrial Production (1).xlsx,
industry,IIP use-based,Manufacture of electrical equipment,2018-06-01,All India,14.2418032786885,percent YoY growth,monthly,Index of Industrial Production (1).xlsx,
industry,IIP use-based,Manufacture of electrical equipment,2018-07-01,All India,7.89200415368641,percent YoY growth,monthly,Index of Industrial Production (1).xlsx,
industry,IIP use-based,Manufacture of electrical equipment,2018-08-01,All India,1.60226201696513,percent YoY growth,monthly,Index of Industrial Production (1).xlsx,
industry,IIP use-based,Manufacture of electrical equipment,2018-09-01,All India,-2.19106047326906,percent YoY growth,monthly,Index of Industrial Production (1).xlsx,
industry,IIP use-based,Manufacture of electrical equipment,2018-10-01,All India,2.39149689991142,percent YoY growth,monthly,Index of Industrial Production (1).xlsx,
industry,IIP use-based,Manufacture of electrical equipment,2018-11-01,All India,-9.69957081545064,percent YoY growth,monthly,Index of Industrial Production (1).xlsx,
industry,IIP use-based,Manufacture of electrical equipment,2018-12-01,All India,13.4423251589464,percent YoY growth,monthly,Index of Industrial Production (1).xlsx,
industry,IIP use-based,Manufacture of electrical equipment,2019-01-01,All India,8.58490566037735,percent YoY growth,monthly,Index of Industrial Production (1).xlsx,
industry,IIP use-based,Manufacture of electrical equipment,2019-02-01,All India,-0.663507109004742,percent YoY growth,monthly,Index of Industrial Production (1).xlsx,
industry,IIP use-based,Manufacture of electrical equipment,2019-03-01,All India,-7.5809199318569,percent YoY growth,monthly,Index of Industrial Production (1).xlsx,
industry,IIP use-based,Manufacture of electrical equipment,2019-04-01,All India,-0.489715964740451,percent YoY growth,monthly,Index of Industrial Production (1).xlsx,
industry,IIP use-based,Manufacture of electrical equipment,2019-05-01,All India,-5.0,percent YoY growth,monthly,Index of Industrial Production (1).xlsx,
industry,IIP use-based,Manufacture of electrical equipment,2019-06-01,All India,-11.7488789237668,percent YoY growth,monthly,Index of Industrial Production (1).xlsx,
industry,IIP use-based,Manufacture of electrical equipment,2019-07-01,All India,1.2512030798845,percent YoY growth,monthly,Index of Industrial Production (1).xlsx,
industry,IIP use-based,Manufacture of electrical equipment,2019-08-01,All India,-0.371057513914649,percent YoY growth,monthly,Index of Industrial Production (1).xlsx,
industry,IIP use-based,Manufacture of electrical equipment,2019-09-01,All India,1.25448028673836,percent YoY growth,monthly,Index of Industrial Production (1).xlsx,
industry,IIP use-based,Manufacture of electrical equipment,2019-10-01,All India,-5.1038062283737,percent YoY growth,monthly,Index of Industrial Production (1).xlsx,
industry,IIP use-based,Manufacture of electrical equipment,2019-11-01,All India,9.1254752851711,percent YoY growth,monthly,Index of Industrial Production (1).xlsx,
industry,IIP use-based,Manufacture of electrical equipment,2019-12-01,All India,-3.68294635708568,percent YoY growth,monthly,Index of Industrial Production (1).xlsx,
industry,IIP use-based,Manufacture of electrical equipment,2020-01-01,All India,-1.82450043440486,percent YoY growth,monthly,Index of Industrial Production (1).xlsx,
industry,IIP use-based,Manufacture of electrical equipment,2020-02-01,All India,-1.90839694656489,percent YoY growth,monthly,Index of Industrial Production (1).xlsx,
industry,IIP use-based,Manufacture of electrical equipment,2020-03-01,All India,-34.1935483870968,percent YoY growth,monthly,Index of Industrial Production (1).xlsx,
industry,IIP use-based,Manufacture of electrical equipment,2020-04-01,All India,-94.488188976378,percent YoY growth,monthly,Index of Industrial Production (1).xlsx,
industry,IIP use-based,Manufacture of electrical equipment,2020-05-01,All India,-69.7607655502392,percent YoY growth,monthly,Index of Industrial Production (1).xlsx,
industry,IIP use-based,Manufacture of electrical equipment,2020-06-01,All India,-37.2967479674797,percent YoY growth,monthly,Index of Industrial Production (1).xlsx,
industry,IIP use-based,Manufacture of electrical equipment,2020-07-01,All India,-21.4828897338403,percent YoY growth,monthly,Index of Industrial Production (1).xlsx,
industry,IIP use-based,Manufacture of electrical equipment,2020-08-01,All India,-12.1042830540037,percent YoY growth,monthly,Index of Industrial Production (1).xlsx,
industry,IIP use-based,Manufacture of electrical equipment,2020-09-01,All India,11.9469026548673,percent YoY growth,monthly,Index of Industrial Production (1).xlsx,
industry,IIP use-based,Manufacture of electrical equipment,2020-10-01,All India,20.6927985414768,percent YoY growth,monthly,Index of Industrial Production (1).xlsx,
industry,IIP use-based,Manufacture of electrical equipment,2020-11-01,All India,-0.348432055749122,percent YoY growth,monthly,Index of Industrial Production (1).xlsx,
industry,IIP use-based,Manufacture of electrical equipment,2020-12-01,All India,9.55943474646718,percent YoY growth,monthly,Index of Industrial Production (1).xlsx,
industry,IIP use-based,Manufacture of electrical equipment,2021-01-01,All India,-2.92035398230088,percent YoY growth,monthly,Index of Industrial Production (1).xlsx,
industry,IIP use-based,Manufacture of electrical equipment,2021-02-01,All India,3.40466926070039,percent YoY growth,monthly,Index of Industrial Production (1).xlsx,
industry,IIP use-based,Manufacture of electrical equipment,2021-03-01,All India,54.2016806722689,percent YoY growth,monthly,Index of Industrial Production (1).xlsx,
industry,IIP use-based,Manufacture of electrical equipment,2021-05-01,All India,94.9367088607595,percent YoY growth,monthly,Index of Industrial Production (1).xlsx,
industry,IIP use-based,Manufacture of electrical equipment,2021-06-01,All India,36.4667747163695,percent YoY growth,monthly,Index of Industrial Production (1).xlsx,
industry,IIP use-based,Manufacture of electrical equipment,2021-07-01,All India,43.3414043583535,percent YoY growth,monthly,Index of Industrial Production (1).xlsx,
industry,IIP use-based,Manufacture of electrical equipment,2021-08-01,All India,36.3347457627118,percent YoY growth,monthly,Index of Industrial Production (1).xlsx,
industry,IIP use-based,Manufacture of electrical equipment,2021-09-01,All India,14.1501976284585,percent YoY growth,monthly,Index of Industrial Production (1).xlsx,
industry,IIP use-based,Manufacture of electrical equipment,2021-10-01,All India,-4.38066465256799,percent YoY growth,monthly,Index of Industrial Production (1).xlsx,
industry,IIP use-based,Manufacture of electrical equipment,2021-11-01,All India,-7.08041958041959,percent YoY growth,monthly,Index of Industrial Production (1).xlsx,
industry,IIP use-based,Manufacture of electrical equipment,2021-12-01,All India,-16.6160849772382,percent YoY growth,monthly,Index of Industrial Production (1).xlsx,
industry,IIP use-based,Manufacture of electrical equipment,2022-01-01,All India,-14.767547857794,percent YoY growth,monthly,Index of Industrial Production (1).xlsx,
industry,IIP use-based,Manufacture of electrical equipment,2022-02-01,All India,-15.0517403574788,percent YoY growth,monthly,Index of Industrial Production (1).xlsx,
industry,IIP use-based,Manufacture of electrical equipment,2022-03-01,All India,-14.3505903723887,percent YoY growth,monthly,Index of Industrial Production (1).xlsx,
industry,IIP use-based,Manufacture of electrical equipment,2022-04-01,All India,8.28402366863906,percent YoY growth,monthly,Index of Industrial Production (1).xlsx,
industry,IIP use-based,Manufacture of electrical equipment,2022-05-01,All India,59.5779220779221,percent YoY growth,monthly,Index of Industrial Production (1).xlsx,
industry,IIP use-based,Manufacture of electrical equipment,2022-06-01,All India,11.0451306413302,percent YoY growth,monthly,Index of Industrial Production (1).xlsx,
industry,IIP use-based,Manufacture of electrical equipment,2022-07-01,All India,-16.0472972972973,percent YoY growth,monthly,Index of Industrial Production (1).xlsx,
industry,IIP use-based,Manufacture of electrical equipment,2022-08-01,All India,-28.5159285159285,percent YoY growth,monthly,Index of Industrial Production (1).xlsx,
industry,IIP use-based,Manufacture of electrical equipment,2022-09-01,All India,-30.7479224376731,percent YoY growth,monthly,Index of Industrial Production (1).xlsx,
industry,IIP use-based,Manufacture of electrical equipment,2022-10-01,All India,-33.5703001579779,percent YoY growth,monthly,Index of Industrial Production (1).xlsx,
industry,IIP use-based,Manufacture of electrical equipment,2022-11-01,All India,1.12888052681092,percent YoY growth,monthly,Index of Industrial Production (1).xlsx,
industry,IIP use-based,Manufacture of electrical equipment,2022-12-01,All India,-0.72793448589628,percent YoY growth,monthly,Index of Industrial Production (1).xlsx,
industry,IIP use-based,Manufacture of electrical equipment,2023-01-01,All India,12.7272727272727,percent YoY growth,monthly,Index of Industrial Production (1).xlsx,
industry,IIP use-based,Manufacture of electrical equipment,2023-02-01,All India,12.5138427464009,percent YoY growth,monthly,Index of Industrial Production (1).xlsx,
industry,IIP use-based,Manufacture of electrical equipment,2023-03-01,All India,15.270413573701,percent YoY growth,monthly,Index of Industrial Production (1).xlsx,
industry,IIP use-based,Manufacture of electrical equipment,2023-04-01,All India,16.5027322404372,percent YoY growth,monthly,Index of Industrial Production (1).xlsx,
industry,IIP use-based,Manufacture of electrical equipment,2023-05-01,All India,8.44354018311292,percent YoY growth,monthly,Index of Industrial Production (1).xlsx,
industry,IIP use-based,Manufacture of electrical equipment,2023-06-01,All India,10.6951871657754,percent YoY growth,monthly,Index of Industrial Production (1).xlsx,
industry,IIP use-based,Manufacture of electrical equipment,2023-07-01,All India,3.11871227364185,percent YoY growth,monthly,Index of Industrial Production (1).xlsx,
industry,IIP use-based,Manufacture of electrical equipment,2023-08-01,All India,18.0434782608696,percent YoY growth,monthly,Index of Industrial Production (1).xlsx,
industry,IIP use-based,Manufacture of electrical equipment,2023-09-01,All India,8.0,percent YoY growth,monthly,Index of Industrial Production (1).xlsx,
industry,IIP use-based,Manufacture of electrical equipment,2023-10-01,All India,12.7229488703924,percent YoY growth,monthly,Index of Industrial Production (1).xlsx,
industry,IIP use-based,Manufacture of electrical equipment,2023-11-01,All India,-17.2093023255814,percent YoY growth,monthly,Index of Industrial Production (1).xlsx,
industry,IIP use-based,Manufacture of electrical equipment,2023-12-01,All India,6.87442713107241,percent YoY growth,monthly,Index of Industrial Production (1).xlsx,
industry,IIP use-based,Manufacture of electrical equipment,2024-01-01,All India,2.561669829222,percent YoY growth,monthly,Index of Industrial Production (1).xlsx,
industry,IIP use-based,Manufacture of electrical equipment,2024-02-01,All India,9.74409448818898,percent YoY growth,monthly,Index of Industrial Production (1).xlsx,
industry,IIP use-based,Manufacture of electrical equipment,2024-03-01,All India,14.7194112235511,percent YoY growth,monthly,Index of Industrial Production (1).xlsx,
industry,IIP use-based,Manufacture of electrical equipment,2024-04-01,All India,3.56472795497187,percent YoY growth,monthly,Index of Industrial Production (1).xlsx,
industry,IIP use-based,Manufacture of electrical equipment,2024-05-01,All India,15.1031894934334,percent YoY growth,monthly,Index of Industrial Production (1).xlsx,
industry,IIP use-based,Manufacture of electrical equipment,2024-06-01,All India,32.1739130434783,percent YoY growth,monthly,Index of Industrial Production (1).xlsx,
industry,IIP use-based,Manufacture of electrical equipment,2024-07-01,All India,28.5853658536585,percent YoY growth,monthly,Index of Industrial Production (1).xlsx,
industry,IIP use-based,Manufacture of electrical equipment,2024-08-01,All India,17.5874769797422,percent YoY growth,monthly,Index of Industrial Production (1).xlsx,
industry,IIP use-based,Manufacture of electrical equipment,2024-09-01,All India,18.6111111111111,percent YoY growth,monthly,Index of Industrial Production (1).xlsx,
industry,IIP use-based,Manufacture of electrical equipment,2024-10-01,All India,32.8059071729958,percent YoY growth,monthly,Index of Industrial Production (1).xlsx,
industry,IIP use-based,Manufacture of electrical equipment,2024-11-01,All India,36.0674157303371,percent YoY growth,monthly,Index of Industrial Production (1).xlsx,
industry,IIP use-based,Manufacture of electrical equipment,2024-12-01,All India,40.5660377358491,percent YoY growth,monthly,Index of Industrial Production (1).xlsx,
industry,IIP use-based,Manufacture of electrical equipment,2025-01-01,All India,21.5541165587419,percent YoY growth,monthly,Index of Industrial Production (1).xlsx,
industry,IIP use-based,Manufacture of electrical equipment,2025-02-01,All India,9.5067264573991,percent YoY growth,monthly,Index of Industrial Production (1).xlsx,
industry,IIP use-based,Manufacture of electrical equipment,2025-03-01,All India,16.1186848436247,percent YoY growth,monthly,Index of Industrial Production (1).xlsx,
industry,IIP use-based,Manufacture of electrical equipment,2025-04-01,All India,14.0398550724638,percent YoY growth,monthly,Index of Industrial Production (1).xlsx,
industry,IIP use-based,Manufacture of electrical equipment,2025-05-01,All India,7.82396088019561,percent YoY growth,monthly,Index of Industrial Production (1).xlsx,
industry,IIP use-based,Manufacture of electrical equipment,2025-06-01,All India,4.60526315789472,percent YoY growth,monthly,Index of Industrial Production (1).xlsx,
industry,IIP use-based,Manufacture of electrical equipment,2025-07-01,All India,14.2640364188164,percent YoY growth,monthly,Index of Industrial Production (1).xlsx,
industry,IIP use-based,Manufacture of electrical equipment,2025-08-01,All India,11.1981205951449,percent YoY growth,monthly,Index of Industrial Production (1).xlsx,
industry,IIP use-based,Manufacture of electrical equipment,2025-09-01,All India,28.9617486338798,percent YoY growth,monthly,Index of Industrial Production (1).xlsx,
industry,IIP use-based,Manufacture of electrical equipment,2025-10-01,All India,3.9714058776807,percent YoY growth,monthly,Index of Industrial Production (1).xlsx,
industry,IIP use-based,Manufacture of electrical equipment,2025-11-01,All India,16.6804293971924,percent YoY growth,monthly,Index of Industrial Production (1).xlsx,
industry,IIP use-based,Manufacture of electrical equipment,2025-12-01,All India,-11.1653447223917,percent YoY growth,monthly,Index of Industrial Production (1).xlsx,
industry,IIP use-based,Manufacture of electrical equipment,2026-01-01,All India,6.39269406392694,percent YoY growth,monthly,Index of Industrial Production (1).xlsx,
industry,IIP use-based,Manufacture of electrical equipment,2026-02-01,All India,8.5995085995086,percent YoY growth,monthly,Index of Industrial Production (1).xlsx,
industry,IIP use-based,Manufacture of electrical equipment,2026-03-01,All India,5.87016574585635,percent YoY growth,monthly,Index of Industrial Production (1).xlsx,
industry,IIP use-based,"Manufacture of fabricated metal products, except machinery and equipment",2013-04-01,All India,-8.45986984815618,percent YoY growth,monthly,Index of Industrial Production (1).xlsx,
industry,IIP use-based,"Manufacture of fabricated metal products, except machinery and equipment",2013-05-01,All India,-8.75486381322957,percent YoY growth,monthly,Index of Industrial Production (1).xlsx,
industry,IIP use-based,"Manufacture of fabricated metal products, except machinery and equipment",2013-06-01,All India,-7.0657507360157,percent YoY growth,monthly,Index of Industrial Production (1).xlsx,
industry,IIP use-based,"Manufacture of fabricated metal products, except machinery and equipment",2013-07-01,All India,14.5161290322581,percent YoY growth,monthly,Index of Industrial Production (1).xlsx,
industry,IIP use-based,"Manufacture of fabricated metal products, except machinery and equipment",2013-08-01,All India,16.878612716763,percent YoY growth,monthly,Index of Industrial Production (1).xlsx,
industry,IIP use-based,"Manufacture of fabricated metal products, except machinery and equipment",2013-09-01,All India,-2.83613445378152,percent YoY growth,monthly,Index of Industrial Production (1).xlsx,
industry,IIP use-based,"Manufacture of fabricated metal products, except machinery and equipment",2013-10-01,All India,4.53172205438067,percent YoY growth,monthly,Index of Industrial Production (1).xlsx,
industry,IIP use-based,"Manufacture of fabricated metal products, except machinery and equipment",2013-11-01,All India,9.38242280285035,percent YoY growth,monthly,Index of Industrial Production (1).xlsx,
industry,IIP use-based,"Manufacture of fabricated metal products, except machinery and equipment",2013-12-01,All India,11.6545265348595,percent YoY growth,monthly,Index of Industrial Production (1).xlsx,
industry,IIP use-based,"Manufacture of fabricated metal products, except machinery and equipment",2014-01-01,All India,7.53768844221106,percent YoY growth,monthly,Index of Industrial Production (1).xlsx,
industry,IIP use-based,"Manufacture of fabricated metal products, except machinery and equipment",2014-02-01,All India,16.8264110756123,percent YoY growth,monthly,Index of Industrial Production (1).xlsx,
industry,IIP use-based,"Manufacture of fabricated metal products, except machinery and equipment",2014-03-01,All India,5.74620909816441,percent YoY growth,monthly,Index of Industrial Production (1).xlsx,
industry,IIP use-based,"Manufacture of fabricated metal products, except machinery and equipment",2014-04-01,All India,20.6161137440758,percent YoY growth,monthly,Index of Industrial Production (1).xlsx,
industry,IIP use-based,"Manufacture of fabricated metal products, except machinery and equipment",2014-05-01,All India,17.3773987206823,percent YoY growth,monthly,Index of Industrial Production (1).xlsx,
industry,IIP use-based,"Manufacture of fabricated metal products, except machinery and equipment",2014-06-01,All India,15.4171066525871,percent YoY growth,monthly,Index of Industrial Production (1).xlsx,
industry,IIP use-based,"Manufacture of fabricated metal products, except machinery and equipment",2014-07-01,All India,16.4989939637827,percent YoY growth,monthly,Index of Industrial Production (1).xlsx,
industry,IIP use-based,"Manufacture of fabricated metal products, except machinery and equipment",2014-08-01,All India,-5.34124629080118,percent YoY growth,monthly,Index of Industrial Production (1).xlsx,
industry,IIP use-based,"Manufacture of fabricated metal products, except machinery and equipment",2014-09-01,All India,20.0,percent YoY growth,monthly,Index of Industrial Production (1).xlsx,
industry,IIP use-based,"Manufacture of fabricated metal products, except machinery and equipment",2014-10-01,All India,-10.7899807321773,percent YoY growth,monthly,Index of Industrial Production (1).xlsx,
industry,IIP use-based,"Manufacture of fabricated metal products, except machinery and equipment",2014-11-01,All India,7.60043431053203,percent YoY growth,monthly,Index of Industrial Production (1).xlsx,
industry,IIP use-based,"Manufacture of fabricated metal products, except machinery and equipment",2014-12-01,All India,4.47343895619757,percent YoY growth,monthly,Index of Industrial Production (1).xlsx,
industry,IIP use-based,"Manufacture of fabricated metal products, except machinery and equipment",2015-01-01,All India,-7.94392523364486,percent YoY growth,monthly,Index of Industrial Production (1).xlsx,
industry,IIP use-based,"Manufacture of fabricated metal products, except machinery and equipment",2015-02-01,All India,-7.65724703737466,percent YoY growth,monthly,Index of Industrial Production (1).xlsx,
industry,IIP use-based,"Manufacture of fabricated metal products, except machinery and equipment",2015-03-01,All India,-6.64150943396226,percent YoY growth,monthly,Index of Industrial Production (1).xlsx,
industry,IIP use-based,"Manufacture of fabricated metal products, except machinery and equipment",2015-04-01,All India,-13.5559921414538,percent YoY growth,monthly,Index of Industrial Production (1).xlsx,
industry,IIP use-based,"Manufacture of fabricated metal products, except machinery and equipment",2015-05-01,All India,-20.6176203451408,percent YoY growth,monthly,Index of Industrial Production (1).xlsx,
industry,IIP use-based,"Manufacture of fabricated metal products, except machinery and equipment",2015-06-01,All India,-11.4364135407136,percent YoY growth,monthly,Index of Industrial Production (1).xlsx,
industry,IIP use-based,"Manufacture of fabricated metal products, except machinery and equipment",2015-07-01,All India,-15.8894645941278,percent YoY growth,monthly,Index of Industrial Production (1).xlsx,
industry,IIP use-based,"Manufacture of fabricated metal products, except machinery and equipment",2015-08-01,All India,1.14942528735632,percent YoY growth,monthly,Index of Industrial Production (1).xlsx,
industry,IIP use-based,"Manufacture of fabricated metal products, except machinery and equipment",2015-09-01,All India,-3.42342342342342,percent YoY growth,monthly,Index of Industrial Production (1).xlsx,
industry,IIP use-based,"Manufacture of fabricated metal products, except machinery and equipment",2015-10-01,All India,17.6025917926566,percent YoY growth,monthly,Index of Industrial Production (1).xlsx,
industry,IIP use-based,"Manufacture of fabricated metal products, except machinery and equipment",2015-11-01,All India,3.22906155398588,percent YoY growth,monthly,Index of Industrial Production (1).xlsx,
industry,IIP use-based,"Manufacture of fabricated metal products, except machinery and equipment",2015-12-01,All India,-1.6057091882248,percent YoY growth,monthly,Index of Industrial Production (1).xlsx,
industry,IIP use-based,"Manufacture of fabricated metal products, except machinery and equipment",2016-01-01,All India,13.0964467005076,percent YoY growth,monthly,Index of Industrial Production (1).xlsx,
industry,IIP use-based,"Manufacture of fabricated metal products, except machinery and equipment",2016-02-01,All India,12.4383020730504,percent YoY growth,monthly,Index of Industrial Production (1).xlsx,
industry,IIP use-based,"Manufacture of fabricated metal products, except machinery and equipment",2016-03-01,All India,-2.82942603071948,percent YoY growth,monthly,Index of Industrial Production (1).xlsx,
industry,IIP use-based,"Manufacture of fabricated metal products, except machinery and equipment",2016-04-01,All India,16.3636363636364,percent YoY growth,monthly,Index of Industrial Production (1).xlsx,
industry,IIP use-based,"Manufacture of fabricated metal products, except machinery and equipment",2016-05-01,All India,26.2013729977117,percent YoY growth,monthly,Index of Industrial Production (1).xlsx,
industry,IIP use-based,"Manufacture of fabricated metal products, except machinery and equipment",2016-06-01,All India,17.7685950413223,percent YoY growth,monthly,Index of Industrial Production (1).xlsx,
industry,IIP use-based,"Manufacture of fabricated metal products, except machinery and equipment",2016-07-01,All India,4.41478439425051,percent YoY growth,monthly,Index of Industrial Production (1).xlsx,
industry,IIP use-based,"Manufacture of fabricated metal products, except machinery and equipment",2016-08-01,All India,3.92561983471074,percent YoY growth,monthly,Index of Industrial Production (1).xlsx,
industry,IIP use-based,"Manufacture of fabricated metal products, except machinery and equipment",2016-09-01,All India,-2.23880597014926,percent YoY growth,monthly,Index of Industrial Production (1).xlsx,
industry,IIP use-based,"Manufacture of fabricated metal products, except machinery and equipment",2016-10-01,All India,-12.5803489439853,percent YoY growth,monthly,Index of Industrial Production (1).xlsx,
industry,IIP use-based,"Manufacture of fabricated metal products, except machinery and equipment",2016-11-01,All India,-3.61681329423265,percent YoY growth,monthly,Index of Industrial Production (1).xlsx,
industry,IIP use-based,"Manufacture of fabricated metal products, except machinery and equipment",2016-12-01,All India,0.906618313689937,percent YoY growth,monthly,Index of Industrial Production (1).xlsx,
industry,IIP use-based,"Manufacture of fabricated metal products, except machinery and equipment",2017-01-01,All India,-5.29622980251347,percent YoY growth,monthly,Index of Industrial Production (1).xlsx,
industry,IIP use-based,"Manufacture of fabricated metal products, except machinery and equipment",2017-02-01,All India,-10.6233538191396,percent YoY growth,monthly,Index of Industrial Production (1).xlsx,
industry,IIP use-based,"Manufacture of fabricated metal products, except machinery and equipment",2017-03-01,All India,-0.415973377703827,percent YoY growth,monthly,Index of Industrial Production (1).xlsx,
industry,IIP use-based,"Manufacture of fabricated metal products, except machinery and equipment",2017-04-01,All India,-8.20312500000001,percent YoY growth,monthly,Index of Industrial Production (1).xlsx,
industry,IIP use-based,"Manufacture of fabricated metal products, except machinery and equipment",2017-05-01,All India,-13.689936536718,percent YoY growth,monthly,Index of Industrial Production (1).xlsx,
industry,IIP use-based,"Manufacture of fabricated metal products, except machinery and equipment",2017-06-01,All India,-14.7368421052632,percent YoY growth,monthly,Index of Industrial Production (1).xlsx,
industry,IIP use-based,"Manufacture of fabricated metal products, except machinery and equipment",2017-07-01,All India,-5.11307767944936,percent YoY growth,monthly,Index of Industrial Production (1).xlsx,
industry,IIP use-based,"Manufacture of fabricated metal products, except machinery and equipment",2017-08-01,All India,9.74155069582506,percent YoY growth,monthly,Index of Industrial Production (1).xlsx,
industry,IIP use-based,"Manufacture of fabricated metal products, except machinery and equipment",2017-09-01,All India,5.24809160305344,percent YoY growth,monthly,Index of Industrial Production (1).xlsx,
industry,IIP use-based,"Manufacture of fabricated metal products, except machinery and equipment",2017-10-01,All India,7.66806722689075,percent YoY growth,monthly,Index of Industrial Production (1).xlsx,
industry,IIP use-based,"Manufacture of fabricated metal products, except machinery and equipment",2017-11-01,All India,9.4320486815416,percent YoY growth,monthly,Index of Industrial Production (1).xlsx,
industry,IIP use-based,"Manufacture of fabricated metal products, except machinery and equipment",2017-12-01,All India,2.60557053009884,percent YoY growth,monthly,Index of Industrial Production (1).xlsx,
industry,IIP use-based,"Manufacture of fabricated metal products, except machinery and equipment",2018-01-01,All India,8.43601895734598,percent YoY growth,monthly,Index of Industrial Production (1).xlsx,
industry,IIP use-based,"Manufacture of fabricated metal products, except machinery and equipment",2018-02-01,All India,17.0923379174853,percent YoY growth,monthly,Index of Industrial Production (1).xlsx,
industry,IIP use-based,"Manufacture of fabricated metal products, except machinery and equipment",2018-03-01,All India,11.0275689223058,percent YoY growth,monthly,Index of Industrial Production (1).xlsx,
industry,IIP use-based,"Manufacture of fabricated metal products, except machinery and equipment",2018-04-01,All India,9.25531914893617,percent YoY growth,monthly,Index of Industrial Production (1).xlsx,
industry,IIP use-based,"Manufacture of fabricated metal products, except machinery and equipment",2018-05-01,All India,12.9201680672269,percent YoY growth,monthly,Index of Industrial Production (1).xlsx,
industry,IIP use-based,"Manufacture of fabricated metal products, except machinery and equipment",2018-06-01,All India,12.6543209876543,percent YoY growth,monthly,Index of Industrial Production (1).xlsx,
industry,IIP use-based,"Manufacture of fabricated metal products, except machinery and equipment",2018-07-01,All India,8.91191709844559,percent YoY growth,monthly,Index of Industrial Production (1).xlsx,
industry,IIP use-based,"Manufacture of fabricated metal products, except machinery and equipment",2018-08-01,All India,-1.81159420289855,percent YoY growth,monthly,Index of Industrial Production (1).xlsx,
industry,IIP use-based,"Manufacture of fabricated metal products, except machinery and equipment",2018-09-01,All India,1.72257479601088,percent YoY growth,monthly,Index of Industrial Production (1).xlsx,
industry,IIP use-based,"Manufacture of fabricated metal products, except machinery and equipment",2018-10-01,All India,3.31707317073171,percent YoY growth,monthly,Index of Industrial Production (1).xlsx,
industry,IIP use-based,"Manufacture of fabricated metal products, except machinery and equipment",2018-11-01,All India,-13.9017608897127,percent YoY growth,monthly,Index of Industrial Production (1).xlsx,
industry,IIP use-based,"Manufacture of fabricated metal products, except machinery and equipment",2018-12-01,All India,-3.15236427320491,percent YoY growth,monthly,Index of Industrial Production (1).xlsx,
industry,IIP use-based,"Manufacture of fabricated metal products, except machinery and equipment",2019-01-01,All India,-10.4895104895105,percent YoY growth,monthly,Index of Industrial Production (1).xlsx,
industry,IIP use-based,"Manufacture of fabricated metal products, except machinery and equipment",2019-02-01,All India,-12.5,percent YoY growth,monthly,Index of Industrial Production (1).xlsx,
industry,IIP use-based,"Manufacture of fabricated metal products, except machinery and equipment",2019-03-01,All India,-15.4251316779533,percent YoY growth,monthly,Index of Industrial Production (1).xlsx,
industry,IIP use-based,"Manufacture of fabricated metal products, except machinery and equipment",2019-04-01,All India,-10.0292112950341,percent YoY growth,monthly,Index of Industrial Production (1).xlsx,
industry,IIP use-based,"Manufacture of fabricated metal products, except machinery and equipment",2019-05-01,All India,-8.37209302325582,percent YoY growth,monthly,Index of Industrial Production (1).xlsx,
industry,IIP use-based,"Manufacture of fabricated metal products, except machinery and equipment",2019-06-01,All India,-11.5981735159817,percent YoY growth,monthly,Index of Industrial Production (1).xlsx,
industry,IIP use-based,"Manufacture of fabricated metal products, except machinery and equipment",2019-07-01,All India,-9.99048525214082,percent YoY growth,monthly,Index of Industrial Production (1).xlsx,
industry,IIP use-based,"Manufacture of fabricated metal products, except machinery and equipment",2019-08-01,All India,-19.0959409594096,percent YoY growth,monthly,Index of Industrial Production (1).xlsx,
industry,IIP use-based,"Manufacture of fabricated metal products, except machinery and equipment",2019-09-01,All India,-22.8163992869875,percent YoY growth,monthly,Index of Industrial Production (1).xlsx,
industry,IIP use-based,"Manufacture of fabricated metal products, except machinery and equipment",2019-10-01,All India,-20.2077431539188,percent YoY growth,monthly,Index of Industrial Production (1).xlsx,
industry,IIP use-based,"Manufacture of fabricated metal products, except machinery and equipment",2019-11-01,All India,-5.70505920344458,percent YoY growth,monthly,Index of Industrial Production (1).xlsx,
industry,IIP use-based,"Manufacture of fabricated metal products, except machinery and equipment",2019-12-01,All India,-13.3815551537071,percent YoY growth,monthly,Index of Industrial Production (1).xlsx,
industry,IIP use-based,"Manufacture of fabricated metal products, except machinery and equipment",2020-01-01,All India,-7.61718750000001,percent YoY growth,monthly,Index of Industrial Production (1).xlsx,
industry,IIP use-based,"Manufacture of fabricated metal products, except machinery and equipment",2020-02-01,All India,-9.30009587727709,percent YoY growth,monthly,Index of Industrial Production (1).xlsx,
industry,IIP use-based,"Manufacture of fabricated metal products, except machinery and equipment",2020-03-01,All India,-34.9644128113879,percent YoY growth,monthly,Index of Industrial Production (1).xlsx,
industry,IIP use-based,"Manufacture of fabricated metal products, except machinery and equipment",2020-04-01,All India,-95.995670995671,percent YoY growth,monthly,Index of Industrial Production (1).xlsx,
industry,IIP use-based,"Manufacture of fabricated metal products, except machinery and equipment",2020-05-01,All India,-55.1269035532995,percent YoY growth,monthly,Index of Industrial Production (1).xlsx,
industry,IIP use-based,"Manufacture of fabricated metal products, except machinery and equipment",2020-06-01,All India,-30.4752066115703,percent YoY growth,monthly,Index of Industrial Production (1).xlsx,
industry,IIP use-based,"Manufacture of fabricated metal products, except machinery and equipment",2020-07-01,All India,-13.3192389006342,percent YoY growth,monthly,Index of Industrial Production (1).xlsx,
industry,IIP use-based,"Manufacture of fabricated metal products, except machinery and equipment",2020-08-01,All India,-4.33295324971493,percent YoY growth,monthly,Index of Industrial Production (1).xlsx,
industry,IIP use-based,"Manufacture of fabricated metal products, except machinery and equipment",2020-09-01,All India,6.35103926096998,percent YoY growth,monthly,Index of Industrial Production (1).xlsx,
industry,IIP use-based,"Manufacture of fabricated metal products, except machinery and equipment",2020-10-01,All India,13.2544378698225,percent YoY growth,monthly,Index of Industrial Production (1).xlsx,
industry,IIP use-based,"Manufacture of fabricated metal products, except machinery and equipment",2020-11-01,All India,-6.62100456621004,percent YoY growth,monthly,Index of Industrial Production (1).xlsx,
industry,IIP use-based,"Manufacture of fabricated metal products, except machinery and equipment",2020-12-01,All India,3.34029227557412,percent YoY growth,monthly,Index of Industrial Production (1).xlsx,
industry,IIP use-based,"Manufacture of fabricated metal products, except machinery and equipment",2021-01-01,All India,-0.951374207188152,percent YoY growth,monthly,Index of Industrial Production (1).xlsx,
industry,IIP use-based,"Manufacture of fabricated metal products, except machinery and equipment",2021-02-01,All India,-2.32558139534883,percent YoY growth,monthly,Index of Industrial Production (1).xlsx,
industry,IIP use-based,"Manufacture of fabricated metal products, except machinery and equipment",2021-03-01,All India,39.5348837209302,percent YoY growth,monthly,Index of Industrial Production (1).xlsx,
industry,IIP use-based,"Manufacture of fabricated metal products, except machinery and equipment",2021-05-01,All India,45.7013574660634,percent YoY growth,monthly,Index of Industrial Production (1).xlsx,
industry,IIP use-based,"Manufacture of fabricated metal products, except machinery and equipment",2021-06-01,All India,18.4249628528975,percent YoY growth,monthly,Index of Industrial Production (1).xlsx,
industry,IIP use-based,"Manufacture of fabricated metal products, except machinery and equipment",2021-07-01,All India,10.1219512195122,percent YoY growth,monthly,Index of Industrial Production (1).xlsx,
industry,IIP use-based,"Manufacture of fabricated metal products, except machinery and equipment",2021-08-01,All India,12.0381406436234,percent YoY growth,monthly,Index of Industrial Production (1).xlsx,
industry,IIP use-based,"Manufacture of fabricated metal products, except machinery and equipment",2021-09-01,All India,-1.1943539630836,percent YoY growth,monthly,Index of Industrial Production (1).xlsx,
industry,IIP use-based,"Manufacture of fabricated metal products, except machinery and equipment",2021-10-01,All India,-7.1055381400209,percent YoY growth,monthly,Index of Industrial Production (1).xlsx,
industry,IIP use-based,"Manufacture of fabricated metal products, except machinery and equipment",2021-11-01,All India,-1.95599022004889,percent YoY growth,monthly,Index of Industrial Production (1).xlsx,
industry,IIP use-based,"Manufacture of fabricated metal products, except machinery and equipment",2021-12-01,All India,-3.23232323232323,percent YoY growth,monthly,Index of Industrial Production (1).xlsx,
industry,IIP use-based,"Manufacture of fabricated metal products, except machinery and equipment",2022-01-01,All India,-5.54962646744931,percent YoY growth,monthly,Index of Industrial Production (1).xlsx,
industry,IIP use-based,"Manufacture of fabricated metal products, except machinery and equipment",2022-02-01,All India,-1.51515151515152,percent YoY growth,monthly,Index of Industrial Production (1).xlsx,
industry,IIP use-based,"Manufacture of fabricated metal products, except machinery and equipment",2022-03-01,All India,-4.01960784313725,percent YoY growth,monthly,Index of Industrial Production (1).xlsx,
industry,IIP use-based,"Manufacture of fabricated metal products, except machinery and equipment",2022-04-01,All India,-0.383631713554984,percent YoY growth,monthly,Index of Industrial Production (1).xlsx,
industry,IIP use-based,"Manufacture of fabricated metal products, except machinery and equipment",2022-05-01,All India,29.1925465838509,percent YoY growth,monthly,Index of Industrial Production (1).xlsx,
industry,IIP use-based,"Manufacture of fabricated metal products, except machinery and equipment",2022-06-01,All India,14.3036386449184,percent YoY growth,monthly,Index of Industrial Production (1).xlsx,
industry,IIP use-based,"Manufacture of fabricated metal products, except machinery and equipment",2022-07-01,All India,-4.09745293466224,percent YoY growth,monthly,Index of Industrial Production (1).xlsx,
industry,IIP use-based,"Manufacture of fabricated metal products, except machinery and equipment",2022-08-01,All India,-14.3617021276596,percent YoY growth,monthly,Index of Industrial Production (1).xlsx,
industry,IIP use-based,"Manufacture of fabricated metal products, except machinery and equipment",2022-09-01,All India,-3.4065934065934,percent YoY growth,monthly,Index of Industrial Production (1).xlsx,
industry,IIP use-based,"Manufacture of fabricated metal products, except machinery and equipment",2022-10-01,All India,-12.4859392575928,percent YoY growth,monthly,Index of Industrial Production (1).xlsx,
industry,IIP use-based,"Manufacture of fabricated metal products, except machinery and equipment",2022-11-01,All India,7.60598503740648,percent YoY growth,monthly,Index of Industrial Production (1).xlsx,
industry,IIP use-based,"Manufacture of fabricated metal products, except machinery and equipment",2022-12-01,All India,-3.65344467640919,percent YoY growth,monthly,Index of Industrial Production (1).xlsx,
industry,IIP use-based,"Manufacture of fabricated metal products, except machinery and equipment",2023-01-01,All India,-8.02259887005649,percent YoY growth,monthly,Index of Industrial Production (1).xlsx,
industry,IIP use-based,"Manufacture of fabricated metal products, except machinery and equipment",2023-02-01,All India,-8.02197802197802,percent YoY growth,monthly,Index of Industrial Production (1).xlsx,
industry,IIP use-based,"Manufacture of fabricated metal products, except machinery and equipment",2023-03-01,All India,-2.55362614913177,percent YoY growth,monthly,Index of Industrial Production (1).xlsx,
industry,IIP use-based,"Manufacture of fabricated metal products, except machinery and equipment",2023-04-01,All India,-1.92554557124519,percent YoY growth,monthly,Index of Industrial Production (1).xlsx,
industry,IIP use-based,"Manufacture of fabricated metal products, except machinery and equipment",2023-05-01,All India,4.68749999999999,percent YoY growth,monthly,Index of Industrial Production (1).xlsx,
industry,IIP use-based,"Manufacture of fabricated metal products, except machinery and equipment",2023-06-01,All India,-4.82985729967068,percent YoY growth,monthly,Index of Industrial Production (1).xlsx,
industry,IIP use-based,"Manufacture of fabricated metal products, except machinery and equipment",2023-07-01,All India,-3.23325635103926,percent YoY growth,monthly,Index of Industrial Production (1).xlsx,
industry,IIP use-based,"Manufacture of fabricated metal products, except machinery and equipment",2023-08-01,All India,24.2236024844721,percent YoY growth,monthly,Index of Industrial Production (1).xlsx,
industry,IIP use-based,"Manufacture of fabricated metal products, except machinery and equipment",2023-09-01,All India,10.4664391353811,percent YoY growth,monthly,Index of Industrial Production (1).xlsx,
industry,IIP use-based,"Manufacture of fabricated metal products, except machinery and equipment",2023-10-01,All India,19.280205655527,percent YoY growth,monthly,Index of Industrial Production (1).xlsx,
industry,IIP use-based,"Manufacture of fabricated metal products, except machinery and equipment",2023-11-01,All India,-6.14136732329084,percent YoY growth,monthly,Index of Industrial Production (1).xlsx,
industry,IIP use-based,"Manufacture of fabricated metal products, except machinery and equipment",2023-12-01,All India,6.28385698808234,percent YoY growth,monthly,Index of Industrial Production (1).xlsx,
industry,IIP use-based,"Manufacture of fabricated metal products, except machinery and equipment",2024-01-01,All India,16.8304668304668,percent YoY growth,monthly,Index of Industrial Production (1).xlsx,
industry,IIP use-based,"Manufacture of fabricated metal products, except machinery and equipment",2024-02-01,All India,14.336917562724,percent YoY growth,monthly,Index of Industrial Production (1).xlsx,
industry,IIP use-based,"Manufacture of fabricated metal products, except machinery and equipment",2024-03-01,All India,20.545073375262,percent YoY growth,monthly,Index of Industrial Production (1).xlsx,
industry,IIP use-based,"Manufacture of fabricated metal products, except machinery and equipment",2024-04-01,All India,11.2565445026178,percent YoY growth,monthly,Index of Industrial Production (1).xlsx,
industry,IIP use-based,"Manufacture of fabricated metal products, except machinery and equipment",2024-05-01,All India,12.284730195178,percent YoY growth,monthly,Index of Industrial Production (1).xlsx,
industry,IIP use-based,"Manufacture of fabricated metal products, except machinery and equipment",2024-06-01,All India,3.22952710495963,percent YoY growth,monthly,Index of Industrial Production (1).xlsx,
industry,IIP use-based,"Manufacture of fabricated metal products, except machinery and equipment",2024-07-01,All India,11.8138424821002,percent YoY growth,monthly,Index of Industrial Production (1).xlsx,
industry,IIP use-based,"Manufacture of fabricated metal products, except machinery and equipment",2024-08-01,All India,-7.2,percent YoY growth,monthly,Index of Industrial Production (1).xlsx,
industry,IIP use-based,"Manufacture of fabricated metal products, except machinery and equipment",2024-09-01,All India,2.47167868177138,percent YoY growth,monthly,Index of Industrial Production (1).xlsx,
industry,IIP use-based,"Manufacture of fabricated metal products, except machinery and equipment",2024-10-01,All India,7.97413793103449,percent YoY growth,monthly,Index of Industrial Production (1).xlsx,
industry,IIP use-based,"Manufacture of fabricated metal products, except machinery and equipment",2024-11-01,All India,17.5308641975309,percent YoY growth,monthly,Index of Industrial Production (1).xlsx,
industry,IIP use-based,"Manufacture of fabricated metal products, except machinery and equipment",2024-12-01,All India,9.48012232415903,percent YoY growth,monthly,Index of Industrial Production (1).xlsx,
industry,IIP use-based,"Manufacture of fabricated metal products, except machinery and equipment",2025-01-01,All India,9.35856992639328,percent YoY growth,monthly,Index of Industrial Production (1).xlsx,
industry,IIP use-based,"Manufacture of fabricated metal products, except machinery and equipment",2025-02-01,All India,6.79205851619645,percent YoY growth,monthly,Index of Industrial Production (1).xlsx,
industry,IIP use-based,"Manufacture of fabricated metal products, except machinery and equipment",2025-03-01,All India,-4.0,percent YoY growth,monthly,Index of Industrial Production (1).xlsx,
industry,IIP use-based,"Manufacture of fabricated metal products, except machinery and equipment",2025-04-01,All India,10.7058823529412,percent YoY growth,monthly,Index of Industrial Production (1).xlsx,
industry,IIP use-based,"Manufacture of fabricated metal products, except machinery and equipment",2025-05-01,All India,-0.10224948875255,percent YoY growth,monthly,Index of Industrial Production (1).xlsx,
industry,IIP use-based,"Manufacture of fabricated metal products, except machinery and equipment",2025-06-01,All India,14.8603351955307,percent YoY growth,monthly,Index of Industrial Production (1).xlsx,
industry,IIP use-based,"Manufacture of fabricated metal products, except machinery and equipment",2025-07-01,All India,9.39167556029882,percent YoY growth,monthly,Index of Industrial Production (1).xlsx,
industry,IIP use-based,"Manufacture of fabricated metal products, except machinery and equipment",2025-08-01,All India,8.62068965517242,percent YoY growth,monthly,Index of Industrial Production (1).xlsx,
industry,IIP use-based,"Manufacture of fabricated metal products, except machinery and equipment",2025-09-01,All India,7.8391959798995,percent YoY growth,monthly,Index of Industrial Production (1).xlsx,
industry,IIP use-based,"Manufacture of fabricated metal products, except machinery and equipment",2025-10-01,All India,-4.39121756487027,percent YoY growth,monthly,Index of Industrial Production (1).xlsx,
industry,IIP use-based,"Manufacture of fabricated metal products, except machinery and equipment",2025-11-01,All India,11.5546218487395,percent YoY growth,monthly,Index of Industrial Production (1).xlsx,
industry,IIP use-based,"Manufacture of fabricated metal products, except machinery and equipment",2025-12-01,All India,8.28677839851023,percent YoY growth,monthly,Index of Industrial Production (1).xlsx,
industry,IIP use-based,"Manufacture of fabricated metal products, except machinery and equipment",2026-01-01,All India,10.1923076923077,percent YoY growth,monthly,Index of Industrial Production (1).xlsx,
industry,IIP use-based,"Manufacture of fabricated metal products, except machinery and equipment",2026-02-01,All India,6.06653620352251,percent YoY growth,monthly,Index of Industrial Production (1).xlsx,
industry,IIP use-based,"Manufacture of fabricated metal products, except machinery and equipment",2026-03-01,All India,8.42391304347826,percent YoY growth,monthly,Index of Industrial Production (1).xlsx,
industry,IIP use-based,Manufacture of food products,2013-04-01,All India,4.93319630010277,percent YoY growth,monthly,Index of Industrial Production (1).xlsx,
industry,IIP use-based,Manufacture of food products,2013-05-01,All India,-1.63576881134133,percent YoY growth,monthly,Index of Industrial Production (1).xlsx,
industry,IIP use-based,Manufacture of food products,2013-06-01,All India,4.64576074332172,percent YoY growth,monthly,Index of Industrial Production (1).xlsx,
industry,IIP use-based,Manufacture of food products,2013-07-01,All India,7.6049943246311,percent YoY growth,monthly,Index of Industrial Production (1).xlsx,
industry,IIP use-based,Manufacture of food products,2013-08-01,All India,3.49243306169965,percent YoY growth,monthly,Index of Industrial Production (1).xlsx,
industry,IIP use-based,Manufacture of food products,2013-09-01,All India,7.96670630202141,percent YoY growth,monthly,Index of Industrial Production (1).xlsx,
industry,IIP use-based,Manufacture of food products,2013-10-01,All India,2.24032586558045,percent YoY growth,monthly,Index of Industrial Production (1).xlsx,
industry,IIP use-based,Manufacture of food products,2013-11-01,All India,-10.3479853479853,percent YoY growth,monthly,Index of Industrial Production (1).xlsx,
industry,IIP use-based,Manufacture of food products,2013-12-01,All India,-7.15361445783133,percent YoY growth,monthly,Index of Industrial Production (1).xlsx,
industry,IIP use-based,Manufacture of food products,2014-01-01,All India,2.05371248025276,percent YoY growth,monthly,Index of Industrial Production (1).xlsx,
industry,IIP use-based,Manufacture of food products,2014-02-01,All India,1.52155536770921,percent YoY growth,monthly,Index of Industrial Production (1).xlsx,
industry,IIP use-based,Manufacture of food products,2014-03-01,All India,4.86397361912614,percent YoY growth,monthly,Index of Industrial Production (1).xlsx,
industry,IIP use-based,Manufacture of food products,2014-04-01,All India,0.783545543584732,percent YoY growth,monthly,Index of Industrial Production (1).xlsx,
industry,IIP use-based,Manufacture of food products,2014-05-01,All India,7.53880266075388,percent YoY growth,monthly,Index of Industrial Production (1).xlsx,
industry,IIP use-based,Manufacture of food products,2014-06-01,All India,6.65926748057714,percent YoY growth,monthly,Index of Industrial Production (1).xlsx,
industry,IIP use-based,Manufacture of food products,2014-07-01,All India,19.3037974683544,percent YoY growth,monthly,Index of Industrial Production (1).xlsx,
industry,IIP use-based,Manufacture of food products,2014-08-01,All India,15.4105736782902,percent YoY growth,monthly,Index of Industrial Production (1).xlsx,
industry,IIP use-based,Manufacture of food products,2014-09-01,All India,6.82819383259912,percent YoY growth,monthly,Index of Industrial Production (1).xlsx,
industry,IIP use-based,Manufacture of food products,2014-10-01,All India,-3.68525896414343,percent YoY growth,monthly,Index of Industrial Production (1).xlsx,
industry,IIP use-based,Manufacture of food products,2014-11-01,All India,12.7681307456588,percent YoY growth,monthly,Index of Industrial Production (1).xlsx,
industry,IIP use-based,Manufacture of food products,2014-12-01,All India,10.3811841038118,percent YoY growth,monthly,Index of Industrial Production (1).xlsx,
industry,IIP use-based,Manufacture of food products,2015-01-01,All India,0.928792569659456,percent YoY growth,monthly,Index of Industrial Production (1).xlsx,
industry,IIP use-based,Manufacture of food products,2015-02-01,All India,4.41298917568694,percent YoY growth,monthly,Index of Industrial Production (1).xlsx,
industry,IIP use-based,Manufacture of food products,2015-03-01,All India,-3.69496855345912,percent YoY growth,monthly,Index of Industrial Production (1).xlsx,
industry,IIP use-based,Manufacture of food products,2015-04-01,All India,5.92808551992225,percent YoY growth,monthly,Index of Industrial Production (1).xlsx,
industry,IIP use-based,Manufacture of food products,2015-05-01,All India,-3.71134020618556,percent YoY growth,monthly,Index of Industrial Production (1).xlsx,
industry,IIP use-based,Manufacture of food products,2015-06-01,All India,-8.01248699271591,percent YoY growth,monthly,Index of Industrial Production (1).xlsx,
industry,IIP use-based,Manufacture of food products,2015-07-01,All India,-21.8390804597701,percent YoY growth,monthly,Index of Industrial Production (1).xlsx,
industry,IIP use-based,Manufacture of food products,2015-08-01,All India,-9.55165692007797,percent YoY growth,monthly,Index of Industrial Production (1).xlsx,
industry,IIP use-based,Manufacture of food products,2015-09-01,All India,-1.44329896907217,percent YoY growth,monthly,Index of Industrial Production (1).xlsx,
industry,IIP use-based,Manufacture of food products,2015-10-01,All India,1.13753877973112,percent YoY growth,monthly,Index of Industrial Production (1).xlsx,
industry,IIP use-based,Manufacture of food products,2015-11-01,All India,-6.79347826086957,percent YoY growth,monthly,Index of Industrial Production (1).xlsx,
industry,IIP use-based,Manufacture of food products,2015-12-01,All India,-5.73108008817045,percent YoY growth,monthly,Index of Industrial Production (1).xlsx,
industry,IIP use-based,Manufacture of food products,2016-01-01,All India,-2.99079754601227,percent YoY growth,monthly,Index of Industrial Production (1).xlsx,
industry,IIP use-based,Manufacture of food products,2016-02-01,All India,-4.06698564593302,percent YoY growth,monthly,Index of Industrial Production (1).xlsx,
industry,IIP use-based,Manufacture of food products,2016-03-01,All India,-8.0,percent YoY growth,monthly,Index of Industrial Production (1).xlsx,
industry,IIP use-based,Manufacture of food products,2016-04-01,All India,-12.7522935779817,percent YoY growth,monthly,Index of Industrial Production (1).xlsx,
industry,IIP use-based,Manufacture of food products,2016-05-01,All India,-2.99785867237689,percent YoY growth,monthly,Index of Industrial Production (1).xlsx,
industry,IIP use-based,Manufacture of food products,2016-06-01,All India,3.61990950226243,percent YoY growth,monthly,Index of Industrial Production (1).xlsx,
industry,IIP use-based,Manufacture of food products,2016-07-01,All India,4.75113122171944,percent YoY growth,monthly,Index of Industrial Production (1).xlsx,
industry,IIP use-based,Manufacture of food products,2016-08-01,All India,-3.98706896551724,percent YoY growth,monthly,Index of Industrial Production (1).xlsx,
industry,IIP use-based,Manufacture of food products,2016-09-01,All India,-3.66108786610879,percent YoY growth,monthly,Index of Industrial Production (1).xlsx,
industry,IIP use-based,Manufacture of food products,2016-10-01,All India,-1.63599182004089,percent YoY growth,monthly,Index of Industrial Production (1).xlsx,
industry,IIP use-based,Manufacture of food products,2016-11-01,All India,0.29154518950437,percent YoY growth,monthly,Index of Industrial Production (1).xlsx,
industry,IIP use-based,Manufacture of food products,2016-12-01,All India,-7.87217459080281,percent YoY growth,monthly,Index of Industrial Production (1).xlsx,
industry,IIP use-based,Manufacture of food products,2017-01-01,All India,-9.32806324110672,percent YoY growth,monthly,Index of Industrial Production (1).xlsx,
industry,IIP use-based,Manufacture of food products,2017-02-01,All India,-15.7938487115544,percent YoY growth,monthly,Index of Industrial Production (1).xlsx,
industry,IIP use-based,Manufacture of food products,2017-03-01,All India,-9.93788819875777,percent YoY growth,monthly,Index of Industrial Production (1).xlsx,
industry,IIP use-based,Manufacture of food products,2017-04-01,All India,-3.78548895899053,percent YoY growth,monthly,Index of Industrial Production (1).xlsx,
industry,IIP use-based,Manufacture of food products,2017-05-01,All India,0.331125827814582,percent YoY growth,monthly,Index of Industrial Production (1).xlsx,
industry,IIP use-based,Manufacture of food products,2017-06-01,All India,-2.51091703056768,percent YoY growth,monthly,Index of Industrial Production (1).xlsx,
industry,IIP use-based,Manufacture of food products,2017-07-01,All India,1.40388768898489,percent YoY growth,monthly,Index of Industrial Production (1).xlsx,
industry,IIP use-based,Manufacture of food products,2017-08-01,All India,7.29517396184063,percent YoY growth,monthly,Index of Industrial Production (1).xlsx,
industry,IIP use-based,Manufacture of food products,2017-09-01,All India,3.14875135722042,percent YoY growth,monthly,Index of Industrial Production (1).xlsx,
industry,IIP use-based,Manufacture of food products,2017-10-01,All India,2.5987525987526,percent YoY growth,monthly,Index of Industrial Production (1).xlsx,
industry,IIP use-based,Manufacture of food products,2017-11-01,All India,18.6046511627907,percent YoY growth,monthly,Index of Industrial Production (1).xlsx,
industry,IIP use-based,Manufacture of food products,2017-12-01,All India,13.9593908629441,percent YoY growth,monthly,Index of Industrial Production (1).xlsx,
industry,IIP use-based,Manufacture of food products,2018-01-01,All India,14.5597210113339,percent YoY growth,monthly,Index of Industrial Production (1).xlsx,
industry,IIP use-based,Manufacture of food products,2018-02-01,All India,24.284304047384,percent YoY growth,monthly,Index of Industrial Production (1).xlsx,
industry,IIP use-based,Manufacture of food products,2018-03-01,All India,26.4039408866995,percent YoY growth,monthly,Index of Industrial Production (1).xlsx,
industry,IIP use-based,Manufacture of food products,2018-04-01,All India,19.1256830601093,percent YoY growth,monthly,Index of Industrial Production (1).xlsx,
industry,IIP use-based,Manufacture of food products,2018-05-01,All India,12.1012101210121,percent YoY growth,monthly,Index of Industrial Production (1).xlsx,
industry,IIP use-based,Manufacture of food products,2018-06-01,All India,5.59910414333707,percent YoY growth,monthly,Index of Industrial Production (1).xlsx,
industry,IIP use-based,Manufacture of food products,2018-07-01,All India,2.44941427050053,percent YoY growth,monthly,Index of Industrial Production (1).xlsx,
industry,IIP use-based,Manufacture of food products,2018-08-01,All India,9.6234309623431,percent YoY growth,monthly,Index of Industrial Production (1).xlsx,
industry,IIP use-based,Manufacture of food products,2018-09-01,All India,16.3157894736842,percent YoY growth,monthly,Index of Industrial Production (1).xlsx,
industry,IIP use-based,Manufacture of food products,2018-10-01,All India,19.3515704154002,percent YoY growth,monthly,Index of Industrial Production (1).xlsx,
industry,IIP use-based,Manufacture of food products,2018-11-01,All India,6.45424836601308,percent YoY growth,monthly,Index of Industrial Production (1).xlsx,
industry,IIP use-based,Manufacture of food products,2018-12-01,All India,14.6250927988122,percent YoY growth,monthly,Index of Industrial Production (1).xlsx,
industry,IIP use-based,Manufacture of food products,2019-01-01,All India,16.6666666666667,percent YoY growth,monthly,Index of Industrial Production (1).xlsx,
industry,IIP use-based,Manufacture of food products,2019-02-01,All India,14.3764892772041,percent YoY growth,monthly,Index of Industrial Production (1).xlsx,
industry,IIP use-based,Manufacture of food products,2019-03-01,All India,8.18394388152767,percent YoY growth,monthly,Index of Industrial Production (1).xlsx,
industry,IIP use-based,Manufacture of food products,2019-04-01,All India,11.2844036697248,percent YoY growth,monthly,Index of Industrial Production (1).xlsx,
industry,IIP use-based,Manufacture of food products,2019-05-01,All India,16.1923454367026,percent YoY growth,monthly,Index of Industrial Production (1).xlsx,
industry,IIP use-based,Manufacture of food products,2019-06-01,All India,15.9066808059385,percent YoY growth,monthly,Index of Industrial Production (1).xlsx,
industry,IIP use-based,Manufacture of food products,2019-07-01,All India,22.1413721413721,percent YoY growth,monthly,Index of Industrial Production (1).xlsx,
industry,IIP use-based,Manufacture of food products,2019-08-01,All India,5.53435114503817,percent YoY growth,monthly,Index of Industrial Production (1).xlsx,
industry,IIP use-based,Manufacture of food products,2019-09-01,All India,1.26696832579186,percent YoY growth,monthly,Index of Industrial Production (1).xlsx,
industry,IIP use-based,Manufacture of food products,2019-10-01,All India,-4.92359932088285,percent YoY growth,monthly,Index of Industrial Production (1).xlsx,
industry,IIP use-based,Manufacture of food products,2019-11-01,All India,-4.45126630851881,percent YoY growth,monthly,Index of Industrial Production (1).xlsx,
industry,IIP use-based,Manufacture of food products,2019-12-01,All India,-1.74870466321245,percent YoY growth,monthly,Index of Industrial Production (1).xlsx,
industry,IIP use-based,Manufacture of food products,2020-01-01,All India,-0.978473581213307,percent YoY growth,monthly,Index of Industrial Production (1).xlsx,
industry,IIP use-based,Manufacture of food products,2020-02-01,All India,-4.79166666666667,percent YoY growth,monthly,Index of Industrial Production (1).xlsx,
industry,IIP use-based,Manufacture of food products,2020-03-01,All India,-14.9135446685879,percent YoY growth,monthly,Index of Industrial Production (1).xlsx,
industry,IIP use-based,Manufacture of food products,2020-04-01,All India,-22.2588623248145,percent YoY growth,monthly,Index of Industrial Production (1).xlsx,
industry,IIP use-based,Manufacture of food products,2020-05-01,All India,-17.2297297297297,percent YoY growth,monthly,Index of Industrial Production (1).xlsx,
industry,IIP use-based,Manufacture of food products,2020-06-01,All India,-6.03842634949679,percent YoY growth,monthly,Index of Industrial Production (1).xlsx,
industry,IIP use-based,Manufacture of food products,2020-07-01,All India,-5.53191489361702,percent YoY growth,monthly,Index of Industrial Production (1).xlsx,
industry,IIP use-based,Manufacture of food products,2020-08-01,All India,-3.16455696202532,percent YoY growth,monthly,Index of Industrial Production (1).xlsx,
industry,IIP use-based,Manufacture of food products,2020-09-01,All India,-0.893655049151028,percent YoY growth,monthly,Index of Industrial Production (1).xlsx,
industry,IIP use-based,Manufacture of food products,2020-10-01,All India,1.69642857142858,percent YoY growth,monthly,Index of Industrial Production (1).xlsx,
industry,IIP use-based,Manufacture of food products,2020-11-01,All India,7.55020080321286,percent YoY growth,monthly,Index of Industrial Production (1).xlsx,
industry,IIP use-based,Manufacture of food products,2020-12-01,All India,-1.7139090309822,percent YoY growth,monthly,Index of Industrial Production (1).xlsx,
industry,IIP use-based,Manufacture of food products,2021-01-01,All India,-1.8445322793149,percent YoY growth,monthly,Index of Industrial Production (1).xlsx,
industry,IIP use-based,Manufacture of food products,2021-02-01,All India,-0.291757840991981,percent YoY growth,monthly,Index of Industrial Production (1).xlsx,
industry,IIP use-based,Manufacture of food products,2021-03-01,All India,17.104149026249,percent YoY growth,monthly,Index of Industrial Production (1).xlsx,
industry,IIP use-based,Manufacture of food products,2021-05-01,All India,13.6734693877551,percent YoY growth,monthly,Index of Industrial Production (1).xlsx,
industry,IIP use-based,Manufacture of food products,2021-06-01,All India,8.37390457643622,percent YoY growth,monthly,Index of Industrial Production (1).xlsx,
industry,IIP use-based,Manufacture of food products,2021-07-01,All India,4.68468468468469,percent YoY growth,monthly,Index of Industrial Production (1).xlsx,
industry,IIP use-based,Manufacture of food products,2021-08-01,All India,9.52380952380953,percent YoY growth,monthly,Index of Industrial Production (1).xlsx,
industry,IIP use-based,Manufacture of food products,2021-09-01,All India,-0.541027953110918,percent YoY growth,monthly,Index of Industrial Production (1).xlsx,
industry,IIP use-based,Manufacture of food products,2021-10-01,All India,4.30201931518875,percent YoY growth,monthly,Index of Industrial Production (1).xlsx,
industry,IIP use-based,Manufacture of food products,2021-11-01,All India,-2.83793876026887,percent YoY growth,monthly,Index of Industrial Production (1).xlsx,
industry,IIP use-based,Manufacture of food products,2021-12-01,All India,1.81086519114689,percent YoY growth,monthly,Index of Industrial Production (1).xlsx,
industry,IIP use-based,Manufacture of food products,2022-01-01,All India,-2.61744966442953,percent YoY growth,monthly,Index of Industrial Production (1).xlsx,
industry,IIP use-based,Manufacture of food products,2022-02-01,All India,2.34089246525239,percent YoY growth,monthly,Index of Industrial Production (1).xlsx,
industry,IIP use-based,Manufacture of food products,2022-03-01,All India,8.82140274765003,percent YoY growth,monthly,Index of Industrial Production (1).xlsx,
industry,IIP use-based,Manufacture of food products,2022-04-01,All India,3.83411580594679,percent YoY growth,monthly,Index of Industrial Production (1).xlsx,
industry,IIP use-based,Manufacture of food products,2022-05-01,All India,10.1436265709156,percent YoY growth,monthly,Index of Industrial Production (1).xlsx,
industry,IIP use-based,Manufacture of food products,2022-06-01,All India,5.12129380053909,percent YoY growth,monthly,Index of Industrial Production (1).xlsx,
industry,IIP use-based,Manufacture of food products,2022-07-01,All India,-2.58175559380379,percent YoY growth,monthly,Index of Industrial Production (1).xlsx,
industry,IIP use-based,Manufacture of food products,2022-08-01,All India,0.682011935208864,percent YoY growth,monthly,Index of Industrial Production (1).xlsx,
industry,IIP use-based,Manufacture of food products,2022-09-01,All India,4.80507706255666,percent YoY growth,monthly,Index of Industrial Production (1).xlsx,
industry,IIP use-based,Manufacture of food products,2022-10-01,All India,-2.94612794612795,percent YoY growth,monthly,Index of Industrial Production (1).xlsx,
industry,IIP use-based,Manufacture of food products,2022-11-01,All India,12.9900076863951,percent YoY growth,monthly,Index of Industrial Production (1).xlsx,
industry,IIP use-based,Manufacture of food products,2022-12-01,All India,2.43741765480895,percent YoY growth,monthly,Index of Industrial Production (1).xlsx,
industry,IIP use-based,Manufacture of food products,2023-01-01,All India,8.89042039972433,percent YoY growth,monthly,Index of Industrial Production (1).xlsx,
industry,IIP use-based,Manufacture of food products,2023-02-01,All India,4.93209435310937,percent YoY growth,monthly,Index of Industrial Production (1).xlsx,
industry,IIP use-based,Manufacture of food products,2023-03-01,All India,-2.19269102990034,percent YoY growth,monthly,Index of Industrial Production (1).xlsx,
industry,IIP use-based,Manufacture of food products,2023-04-01,All India,3.84325546345141,percent YoY growth,monthly,Index of Industrial Production (1).xlsx,
industry,IIP use-based,Manufacture of food products,2023-05-01,All India,0.407497962510187,percent YoY growth,monthly,Index of Industrial Production (1).xlsx,
industry,IIP use-based,Manufacture of food products,2023-06-01,All India,-2.90598290598291,percent YoY growth,monthly,Index of Industrial Production (1).xlsx,
industry,IIP use-based,Manufacture of food products,2023-07-01,All India,7.42049469964664,percent YoY growth,monthly,Index of Industrial Production (1).xlsx,
industry,IIP use-based,Manufacture of food products,2023-08-01,All India,4.91109229466555,percent YoY growth,monthly,Index of Industrial Production (1).xlsx,
industry,IIP use-based,Manufacture of food products,2023-09-01,All India,-0.865051903114187,percent YoY growth,monthly,Index of Industrial Production (1).xlsx,
industry,IIP use-based,Manufacture of food products,2023-10-01,All India,7.11188204683435,percent YoY growth,monthly,Index of Industrial Production (1).xlsx,
industry,IIP use-based,Manufacture of food products,2023-11-01,All India,-3.74149659863946,percent YoY growth,monthly,Index of Industrial Production (1).xlsx,
industry,IIP use-based,Manufacture of food products,2023-12-01,All India,3.40836012861737,percent YoY growth,monthly,Index of Industrial Production (1).xlsx,
industry,IIP use-based,Manufacture of food products,2024-01-01,All India,0.569620253164561,percent YoY growth,monthly,Index of Industrial Production (1).xlsx,
industry,IIP use-based,Manufacture of food products,2024-02-01,All India,3.47411444141689,percent YoY growth,monthly,Index of Industrial Production (1).xlsx,
industry,IIP use-based,Manufacture of food products,2024-03-01,All India,-3.26086956521738,percent YoY growth,monthly,Index of Industrial Production (1).xlsx,
industry,IIP use-based,Manufacture of food products,2024-04-01,All India,-13.0624092888244,percent YoY growth,monthly,Index of Industrial Production (1).xlsx,
industry,IIP use-based,Manufacture of food products,2024-05-01,All India,-5.51948051948052,percent YoY growth,monthly,Index of Industrial Production (1).xlsx,
industry,IIP use-based,Manufacture of food products,2024-06-01,All India,4.13732394366197,percent YoY growth,monthly,Index of Industrial Production (1).xlsx,
industry,IIP use-based,Manufacture of food products,2024-07-01,All India,-1.39802631578946,percent YoY growth,monthly,Index of Industrial Production (1).xlsx,
industry,IIP use-based,Manufacture of food products,2024-08-01,All India,-1.29136400322842,percent YoY growth,monthly,Index of Industrial Production (1).xlsx,
industry,IIP use-based,Manufacture of food products,2024-09-01,All India,5.14834205933683,percent YoY growth,monthly,Index of Industrial Production (1).xlsx,
industry,IIP use-based,Manufacture of food products,2024-10-01,All India,5.66801619433198,percent YoY growth,monthly,Index of Industrial Production (1).xlsx,
industry,IIP use-based,Manufacture of food products,2024-11-01,All India,-3.53356890459364,percent YoY growth,monthly,Index of Industrial Production (1).xlsx,
industry,IIP use-based,Manufacture of food products,2024-12-01,All India,-4.10447761194031,percent YoY growth,monthly,Index of Industrial Production (1).xlsx,
industry,IIP use-based,Manufacture of food products,2025-01-01,All India,0.188797986154804,percent YoY growth,monthly,Index of Industrial Production (1).xlsx,
industry,IIP use-based,Manufacture of food products,2025-02-01,All India,-6.05661619486505,percent YoY growth,monthly,Index of Industrial Production (1).xlsx,
industry,IIP use-based,Manufacture of food products,2025-03-01,All India,-7.58426966292136,percent YoY growth,monthly,Index of Industrial Production (1).xlsx,
industry,IIP use-based,Manufacture of food products,2025-04-01,All India,1.08514190317195,percent YoY growth,monthly,Index of Industrial Production (1).xlsx,
industry,IIP use-based,Manufacture of food products,2025-05-01,All India,1.71821305841924,percent YoY growth,monthly,Index of Industrial Production (1).xlsx,
industry,IIP use-based,Manufacture of food products,2025-06-01,All India,0.169061707523248,percent YoY growth,monthly,Index of Industrial Production (1).xlsx,
industry,IIP use-based,Manufacture of food products,2025-07-01,All India,-1.00083402835697,percent YoY growth,monthly,Index of Industrial Production (1).xlsx,
industry,IIP use-based,Manufacture of food products,2025-08-01,All India,-5.15126737530662,percent YoY growth,monthly,Index of Industrial Production (1).xlsx,
industry,IIP use-based,Manufacture of food products,2025-09-01,All India,-1.82572614107884,percent YoY growth,monthly,Index of Industrial Production (1).xlsx,
industry,IIP use-based,Manufacture of food products,2025-10-01,All India,-7.66283524904215,percent YoY growth,monthly,Index of Industrial Production (1).xlsx,
industry,IIP use-based,Manufacture of food products,2025-11-01,All India,7.3992673992674,percent YoY growth,monthly,Index of Industrial Production (1).xlsx,
industry,IIP use-based,Manufacture of food products,2025-12-01,All India,8.75486381322957,percent YoY growth,monthly,Index of Industrial Production (1).xlsx,
industry,IIP use-based,Manufacture of food products,2026-01-01,All India,2.1356783919598,percent YoY growth,monthly,Index of Industrial Production (1).xlsx,
industry,IIP use-based,Manufacture of food products,2026-02-01,All India,2.38262088297127,percent YoY growth,monthly,Index of Industrial Production (1).xlsx,
industry,IIP use-based,Manufacture of food products,2026-03-01,All India,0.455927051671728,percent YoY growth,monthly,Index of Industrial Production (1).xlsx,
industry,IIP use-based,Manufacture of furniture,2013-04-01,All India,-0.510204081632653,percent YoY growth,monthly,Index of Industrial Production (1).xlsx,
industry,IIP use-based,Manufacture of furniture,2013-05-01,All India,6.14525139664804,percent YoY growth,monthly,Index of Industrial Production (1).xlsx,
industry,IIP use-based,Manufacture of furniture,2013-06-01,All India,16.3555555555556,percent YoY growth,monthly,Index of Industrial Production (1).xlsx,
industry,IIP use-based,Manufacture of furniture,2013-07-01,All India,27.0218839200761,percent YoY growth,monthly,Index of Industrial Production (1).xlsx,
industry,IIP use-based,Manufacture of furniture,2013-08-01,All India,14.5438121047877,percent YoY growth,monthly,Index of Industrial Production (1).xlsx,
industry,IIP use-based,Manufacture of furniture,2013-09-01,All India,31.4390467461045,percent YoY growth,monthly,Index of Industrial Production (1).xlsx,
industry,IIP use-based,Manufacture of furniture,2013-10-01,All India,24.8643761301989,percent YoY growth,monthly,Index of Industrial Production (1).xlsx,
industry,IIP use-based,Manufacture of furniture,2013-11-01,All India,22.8515625,percent YoY growth,monthly,Index of Industrial Production (1).xlsx,
industry,IIP use-based,Manufacture of furniture,2013-12-01,All India,20.3764320785597,percent YoY growth,monthly,Index of Industrial Production (1).xlsx,
industry,IIP use-based,Manufacture of furniture,2014-01-01,All India,-9.1703056768559,percent YoY growth,monthly,Index of Industrial Production (1).xlsx,
industry,IIP use-based,Manufacture of furniture,2014-02-01,All India,-6.53095843935539,percent YoY growth,monthly,Index of Industrial Production (1).xlsx,
industry,IIP use-based,Manufacture of furniture,2014-03-01,All India,-7.51043115438109,percent YoY growth,monthly,Index of Industrial Production (1).xlsx,
industry,IIP use-based,Manufacture of furniture,2014-04-01,All India,-1.43589743589744,percent YoY growth,monthly,Index of Industrial Production (1).xlsx,
industry,IIP use-based,Manufacture of furniture,2014-05-01,All India,-8.1578947368421,percent YoY growth,monthly,Index of Industrial Production (1).xlsx,
industry,IIP use-based,Manufacture of furniture,2014-06-01,All India,-21.5431627196333,percent YoY growth,monthly,Index of Industrial Production (1).xlsx,
industry,IIP use-based,Manufacture of furniture,2014-07-01,All India,-24.9438202247191,percent YoY growth,monthly,Index of Industrial Production (1).xlsx,
industry,IIP use-based,Manufacture of furniture,2014-08-01,All India,-11.9085173501577,percent YoY growth,monthly,Index of Industrial Production (1).xlsx,
industry,IIP use-based,Manufacture of furniture,2014-09-01,All India,-10.8786610878661,percent YoY growth,monthly,Index of Industrial Production (1).xlsx,
industry,IIP use-based,Manufacture of furniture,2014-10-01,All India,-21.578566256336,percent YoY growth,monthly,Index of Industrial Production (1).xlsx,
industry,IIP use-based,Manufacture of furniture,2014-11-01,All India,-9.61844197138314,percent YoY growth,monthly,Index of Industrial Production (1).xlsx,
industry,IIP use-based,Manufacture of furniture,2014-12-01,All India,-14.7518694765466,percent YoY growth,monthly,Index of Industrial Production (1).xlsx,
industry,IIP use-based,Manufacture of furniture,2015-01-01,All India,14.9038461538462,percent YoY growth,monthly,Index of Industrial Production (1).xlsx,
industry,IIP use-based,Manufacture of furniture,2015-02-01,All India,22.6860254083484,percent YoY growth,monthly,Index of Industrial Production (1).xlsx,
industry,IIP use-based,Manufacture of furniture,2015-03-01,All India,6.76691729323308,percent YoY growth,monthly,Index of Industrial Production (1).xlsx,
industry,IIP use-based,Manufacture of furniture,2015-04-01,All India,47.0343392299688,percent YoY growth,monthly,Index of Industrial Production (1).xlsx,
industry,IIP use-based,Manufacture of furniture,2015-05-01,All India,74.8806112702961,percent YoY growth,monthly,Index of Industrial Production (1).xlsx,
industry,IIP use-based,Manufacture of furniture,2015-06-01,All India,68.6465433300876,percent YoY growth,monthly,Index of Industrial Production (1).xlsx,
industry,IIP use-based,Manufacture of furniture,2015-07-01,All India,85.7285429141716,percent YoY growth,monthly,Index of Industrial Production (1).xlsx,
industry,IIP use-based,Manufacture of furniture,2015-08-01,All India,36.3473589973142,percent YoY growth,monthly,Index of Industrial Production (1).xlsx,
industry,IIP use-based,Manufacture of furniture,2015-09-01,All India,22.5352112676056,percent YoY growth,monthly,Index of Industrial Production (1).xlsx,
industry,IIP use-based,Manufacture of furniture,2015-10-01,All India,41.1819021237304,percent YoY growth,monthly,Index of Industrial Production (1).xlsx,
industry,IIP use-based,Manufacture of furniture,2015-11-01,All India,21.2840809146878,percent YoY growth,monthly,Index of Industrial Production (1).xlsx,
industry,IIP use-based,Manufacture of furniture,2015-12-01,All India,27.511961722488,percent YoY growth,monthly,Index of Industrial Production (1).xlsx,
industry,IIP use-based,Manufacture of furniture,2016-01-01,All India,34.3096234309623,percent YoY growth,monthly,Index of Industrial Production (1).xlsx,
industry,IIP use-based,Manufacture of furniture,2016-02-01,All India,19.3786982248521,percent YoY growth,monthly,Index of Industrial Production (1).xlsx,
industry,IIP use-based,Manufacture of furniture,2016-03-01,All India,41.6197183098592,percent YoY growth,monthly,Index of Industrial Production (1).xlsx,
industry,IIP use-based,Manufacture of furniture,2016-04-01,All India,26.1146496815286,percent YoY growth,monthly,Index of Industrial Production (1).xlsx,
industry,IIP use-based,Manufacture of furniture,2016-05-01,All India,-8.73839432004369,percent YoY growth,monthly,Index of Industrial Production (1).xlsx,
industry,IIP use-based,Manufacture of furniture,2016-06-01,All India,-6.9284064665127,percent YoY growth,monthly,Index of Industrial Production (1).xlsx,
industry,IIP use-based,Manufacture of furniture,2016-07-01,All India,-15.905427189683,percent YoY growth,monthly,Index of Industrial Production (1).xlsx,
industry,IIP use-based,Manufacture of furniture,2016-08-01,All India,13.5259356533158,percent YoY growth,monthly,Index of Industrial Production (1).xlsx,
industry,IIP use-based,Manufacture of furniture,2016-09-01,All India,12.3882503192848,percent YoY growth,monthly,Index of Industrial Production (1).xlsx,
industry,IIP use-based,Manufacture of furniture,2016-10-01,All India,15.2387181164159,percent YoY growth,monthly,Index of Industrial Production (1).xlsx,
industry,IIP use-based,Manufacture of furniture,2016-11-01,All India,42.3495286439449,percent YoY growth,monthly,Index of Industrial Production (1).xlsx,
industry,IIP use-based,Manufacture of furniture,2016-12-01,All India,14.1963727329581,percent YoY growth,monthly,Index of Industrial Production (1).xlsx,
industry,IIP use-based,Manufacture of furniture,2017-01-01,All India,5.98130841121495,percent YoY growth,monthly,Index of Industrial Production (1).xlsx,
industry,IIP use-based,Manufacture of furniture,2017-02-01,All India,11.6480793060719,percent YoY growth,monthly,Index of Industrial Production (1).xlsx,
industry,IIP use-based,Manufacture of furniture,2017-03-01,All India,-1.7901541521631,percent YoY growth,monthly,Index of Industrial Production (1).xlsx,
industry,IIP use-based,Manufacture of furniture,2017-04-01,All India,-4.88215488215488,percent YoY growth,monthly,Index of Industrial Production (1).xlsx,
industry,IIP use-based,Manufacture of furniture,2017-05-01,All India,10.951526032316,percent YoY growth,monthly,Index of Industrial Production (1).xlsx,
industry,IIP use-based,Manufacture of furniture,2017-06-01,All India,15.3846153846154,percent YoY growth,monthly,Index of Industrial Production (1).xlsx,
industry,IIP use-based,Manufacture of furniture,2017-07-01,All India,-6.77316293929712,percent YoY growth,monthly,Index of Industrial Production (1).xlsx,
industry,IIP use-based,Manufacture of furniture,2017-08-01,All India,-6.99826489300173,percent YoY growth,monthly,Index of Industrial Production (1).xlsx,
industry,IIP use-based,Manufacture of furniture,2017-09-01,All India,3.46590909090909,percent YoY growth,monthly,Index of Industrial Production (1).xlsx,
industry,IIP use-based,Manufacture of furniture,2017-10-01,All India,-4.93757094211123,percent YoY growth,monthly,Index of Industrial Production (1).xlsx,
industry,IIP use-based,Manufacture of furniture,2017-11-01,All India,6.77534386143657,percent YoY growth,monthly,Index of Industrial Production (1).xlsx,
industry,IIP use-based,Manufacture of furniture,2017-12-01,All India,32.6396495071194,percent YoY growth,monthly,Index of Industrial Production (1).xlsx,
industry,IIP use-based,Manufacture of furniture,2018-01-01,All India,28.0423280423281,percent YoY growth,monthly,Index of Industrial Production (1).xlsx,
industry,IIP use-based,Manufacture of furniture,2018-02-01,All India,20.0887902330744,percent YoY growth,monthly,Index of Industrial Production (1).xlsx,
industry,IIP use-based,Manufacture of furniture,2018-03-01,All India,40.0,percent YoY growth,monthly,Index of Industrial Production (1).xlsx,
industry,IIP use-based,Manufacture of furniture,2018-04-01,All India,7.61061946902655,percent YoY growth,monthly,Index of Industrial Production (1).xlsx,
industry,IIP use-based,Manufacture of furniture,2018-05-01,All India,10.3559870550162,percent YoY growth,monthly,Index of Industrial Production (1).xlsx,
industry,IIP use-based,Manufacture of furniture,2018-06-01,All India,25.3763440860215,percent YoY growth,monthly,Index of Industrial Production (1).xlsx,
industry,IIP use-based,Manufacture of furniture,2018-07-01,All India,58.0534612748458,percent YoY growth,monthly,Index of Industrial Production (1).xlsx,
industry,IIP use-based,Manufacture of furniture,2018-08-01,All India,40.8582089552239,percent YoY growth,monthly,Index of Industrial Production (1).xlsx,
industry,IIP use-based,Manufacture of furniture,2018-09-01,All India,33.7726523887974,percent YoY growth,monthly,Index of Industrial Production (1).xlsx,
industry,IIP use-based,Manufacture of furniture,2018-10-01,All India,28.4776119402985,percent YoY growth,monthly,Index of Industrial Production (1).xlsx,
industry,IIP use-based,Manufacture of furniture,2018-11-01,All India,-11.2118320610687,percent YoY growth,monthly,Index of Industrial Production (1).xlsx,
industry,IIP use-based,Manufacture of furniture,2018-12-01,All India,-10.2394715111478,percent YoY growth,monthly,Index of Industrial Production (1).xlsx,
industry,IIP use-based,Manufacture of furniture,2019-01-01,All India,-14.7382920110193,percent YoY growth,monthly,Index of Industrial Production (1).xlsx,
industry,IIP use-based,Manufacture of furniture,2019-02-01,All India,-6.70055452865065,percent YoY growth,monthly,Index of Industrial Production (1).xlsx,
industry,IIP use-based,Manufacture of furniture,2019-03-01,All India,-19.0596745027125,percent YoY growth,monthly,Index of Industrial Production (1).xlsx,
industry,IIP use-based,Manufacture of furniture,2019-04-01,All India,1.48026315789473,percent YoY growth,monthly,Index of Industrial Production (1).xlsx,
industry,IIP use-based,Manufacture of furniture,2019-05-01,All India,-5.13196480938416,percent YoY growth,monthly,Index of Industrial Production (1).xlsx,
industry,IIP use-based,Manufacture of furniture,2019-06-01,All India,-13.4648370497427,percent YoY growth,monthly,Index of Industrial Production (1).xlsx,
industry,IIP use-based,Manufacture of furniture,2019-07-01,All India,-6.50477016478751,percent YoY growth,monthly,Index of Industrial Production (1).xlsx,
industry,IIP use-based,Manufacture of furniture,2019-08-01,All India,-3.44370860927153,percent YoY growth,monthly,Index of Industrial Production (1).xlsx,
industry,IIP use-based,Manufacture of furniture,2019-09-01,All India,-22.3727422003284,percent YoY growth,monthly,Index of Industrial Production (1).xlsx,
industry,IIP use-based,Manufacture of furniture,2019-10-01,All India,-12.6858736059479,percent YoY growth,monthly,Index of Industrial Production (1).xlsx,
industry,IIP use-based,Manufacture of furniture,2019-11-01,All India,6.2869425040301,percent YoY growth,monthly,Index of Industrial Production (1).xlsx,
industry,IIP use-based,Manufacture of furniture,2019-12-01,All India,-5.88776448942043,percent YoY growth,monthly,Index of Industrial Production (1).xlsx,
industry,IIP use-based,Manufacture of furniture,2020-01-01,All India,9.04684975767367,percent YoY growth,monthly,Index of Industrial Production (1).xlsx,
industry,IIP use-based,Manufacture of furniture,2020-02-01,All India,-0.198117880138685,percent YoY growth,monthly,Index of Industrial Production (1).xlsx,
industry,IIP use-based,Manufacture of furniture,2020-03-01,All India,-24.5308310991957,percent YoY growth,monthly,Index of Industrial Production (1).xlsx,
industry,IIP use-based,Manufacture of furniture,2020-04-01,All India,-99.2436520799568,percent YoY growth,monthly,Index of Industrial Production (1).xlsx,
industry,IIP use-based,Manufacture of furniture,2020-05-01,All India,-68.8304997424008,percent YoY growth,monthly,Index of Industrial Production (1).xlsx,
industry,IIP use-based,Manufacture of furniture,2020-06-01,All India,-28.2457879088206,percent YoY growth,monthly,Index of Industrial Production (1).xlsx,
industry,IIP use-based,Manufacture of furniture,2020-07-01,All India,-27.1799628942486,percent YoY growth,monthly,Index of Industrial Production (1).xlsx,
industry,IIP use-based,Manufacture of furniture,2020-08-01,All India,-17.1925011431184,percent YoY growth,monthly,Index of Industrial Production (1).xlsx,
industry,IIP use-based,Manufacture of furniture,2020-09-01,All India,-10.9994711792702,percent YoY growth,monthly,Index of Industrial Production (1).xlsx,
industry,IIP use-based,Manufacture of furniture,2020-10-01,All India,-10.7503991484832,percent YoY growth,monthly,Index of Industrial Production (1).xlsx,
industry,IIP use-based,Manufacture of furniture,2020-11-01,All India,-26.845298281092,percent YoY growth,monthly,Index of Industrial Production (1).xlsx,
industry,IIP use-based,Manufacture of furniture,2020-12-01,All India,-10.1173020527859,percent YoY growth,monthly,Index of Industrial Production (1).xlsx,
industry,IIP use-based,Manufacture of furniture,2021-01-01,All India,-19.3086419753086,percent YoY growth,monthly,Index of Industrial Production (1).xlsx,
industry,IIP use-based,Manufacture of furniture,2021-02-01,All India,-19.4044665012407,percent YoY growth,monthly,Index of Industrial Production (1).xlsx,
industry,IIP use-based,Manufacture of furniture,2021-03-01,All India,1.42095914742452,percent YoY growth,monthly,Index of Industrial Production (1).xlsx,
industry,IIP use-based,Manufacture of furniture,2021-05-01,All India,95.8677685950413,percent YoY growth,monthly,Index of Industrial Production (1).xlsx,
industry,IIP use-based,Manufacture of furniture,2021-06-01,All India,9.11602209944751,percent YoY growth,monthly,Index of Industrial Production (1).xlsx,
industry,IIP use-based,Manufacture of furniture,2021-07-01,All India,2.48407643312102,percent YoY growth,monthly,Index of Industrial Production (1).xlsx,
industry,IIP use-based,Manufacture of furniture,2021-08-01,All India,-8.50358917725014,percent YoY growth,monthly,Index of Industrial Production (1).xlsx,
industry,IIP use-based,Manufacture of furniture,2021-09-01,All India,2.91146761734996,percent YoY growth,monthly,Index of Industrial Production (1).xlsx,
industry,IIP use-based,Manufacture of furniture,2021-10-01,All India,9.60047704233752,percent YoY growth,monthly,Index of Industrial Production (1).xlsx,
industry,IIP use-based,Manufacture of furniture,2021-11-01,All India,24.3953006219765,percent YoY growth,monthly,Index of Industrial Production (1).xlsx,
industry,IIP use-based,Manufacture of furniture,2021-12-01,All India,17.1288743882545,percent YoY growth,monthly,Index of Industrial Production (1).xlsx,
industry,IIP use-based,Manufacture of furniture,2022-01-01,All India,16.5238678090575,percent YoY growth,monthly,Index of Industrial Production (1).xlsx,
industry,IIP use-based,Manufacture of furniture,2022-02-01,All India,22.1674876847291,percent YoY growth,monthly,Index of Industrial Production (1).xlsx,
industry,IIP use-based,Manufacture of furniture,2022-03-01,All India,35.6684179801518,percent YoY growth,monthly,Index of Industrial Production (1).xlsx,
industry,IIP use-based,Manufacture of furniture,2022-04-01,All India,59.296875,percent YoY growth,monthly,Index of Industrial Production (1).xlsx,
industry,IIP use-based,Manufacture of furniture,2022-05-01,All India,73.6708860759494,percent YoY growth,monthly,Index of Industrial Production (1).xlsx,
industry,IIP use-based,Manufacture of furniture,2022-06-01,All India,31.7721518987342,percent YoY growth,monthly,Index of Industrial Production (1).xlsx,
industry,IIP use-based,Manufacture of furniture,2022-07-01,All India,32.4425108763207,percent YoY growth,monthly,Index of Industrial Production (1).xlsx,
industry,IIP use-based,Manufacture of furniture,2022-08-01,All India,44.115872057936,percent YoY growth,monthly,Index of Industrial Production (1).xlsx,
industry,IIP use-based,Manufacture of furniture,2022-09-01,All India,31.0046189376444,percent YoY growth,monthly,Index of Industrial Production (1).xlsx,
industry,IIP use-based,Manufacture of furniture,2022-10-01,All India,2.93797606093579,percent YoY growth,monthly,Index of Industrial Production (1).xlsx,
industry,IIP use-based,Manufacture of furniture,2022-11-01,All India,15.3333333333333,percent YoY growth,monthly,Index of Industrial Production (1).xlsx,
industry,IIP use-based,Manufacture of furniture,2022-12-01,All India,-7.89229340761374,percent YoY growth,monthly,Index of Industrial Production (1).xlsx,
industry,IIP use-based,Manufacture of furniture,2023-01-01,All India,-9.13865546218488,percent YoY growth,monthly,Index of Industrial Production (1).xlsx,
industry,IIP use-based,Manufacture of furniture,2023-02-01,All India,-12.6512096774194,percent YoY growth,monthly,Index of Industrial Production (1).xlsx,
industry,IIP use-based,Manufacture of furniture,2023-03-01,All India,-9.2512908777969,percent YoY growth,monthly,Index of Industrial Production (1).xlsx,
industry,IIP use-based,Manufacture of furniture,2023-04-01,All India,-29.0338401177048,percent YoY growth,monthly,Index of Industrial Production (1).xlsx,
industry,IIP use-based,Manufacture of furniture,2023-05-01,All India,-12.5850340136054,percent YoY growth,monthly,Index of Industrial Production (1).xlsx,
industry,IIP use-based,Manufacture of furniture,2023-06-01,All India,-12.1037463976945,percent YoY growth,monthly,Index of Industrial Production (1).xlsx,
industry,IIP use-based,Manufacture of furniture,2023-07-01,All India,-10.5584232754575,percent YoY growth,monthly,Index of Industrial Production (1).xlsx,
industry,IIP use-based,Manufacture of furniture,2023-08-01,All India,-20.6448911222781,percent YoY growth,monthly,Index of Industrial Production (1).xlsx,
industry,IIP use-based,Manufacture of furniture,2023-09-01,All India,-18.4222124283826,percent YoY growth,monthly,Index of Industrial Production (1).xlsx,
industry,IIP use-based,Manufacture of furniture,2023-10-01,All India,-6.55391120507398,percent YoY growth,monthly,Index of Industrial Production (1).xlsx,
industry,IIP use-based,Manufacture of furniture,2023-11-01,All India,-30.3949903660886,percent YoY growth,monthly,Index of Industrial Production (1).xlsx,
industry,IIP use-based,Manufacture of furniture,2023-12-01,All India,-0.504032258064516,percent YoY growth,monthly,Index of Industrial Production (1).xlsx,
industry,IIP use-based,Manufacture of furniture,2024-01-01,All India,15.028901734104,percent YoY growth,monthly,Index of Industrial Production (1).xlsx,
industry,IIP use-based,Manufacture of furniture,2024-02-01,All India,31.3906520484709,percent YoY growth,monthly,Index of Industrial Production (1).xlsx,
industry,IIP use-based,Manufacture of furniture,2024-03-01,All India,40.5405405405405,percent YoY growth,monthly,Index of Industrial Production (1).xlsx,
industry,IIP use-based,Manufacture of furniture,2024-04-01,All India,52.5915687629579,percent YoY growth,monthly,Index of Industrial Production (1).xlsx,
industry,IIP use-based,Manufacture of furniture,2024-05-01,All India,36.7426347971095,percent YoY growth,monthly,Index of Industrial Production (1).xlsx,
industry,IIP use-based,Manufacture of furniture,2024-06-01,All India,18.5792349726776,percent YoY growth,monthly,Index of Industrial Production (1).xlsx,
industry,IIP use-based,Manufacture of furniture,2024-07-01,All India,9.75865687303253,percent YoY growth,monthly,Index of Industrial Production (1).xlsx,
industry,IIP use-based,Manufacture of furniture,2024-08-01,All India,19.3667546174142,percent YoY growth,monthly,Index of Industrial Production (1).xlsx,
industry,IIP use-based,Manufacture of furniture,2024-09-01,All India,33.22528363047,percent YoY growth,monthly,Index of Industrial Production (1).xlsx,
industry,IIP use-based,Manufacture of furniture,2024-10-01,All India,19.5701357466063,percent YoY growth,monthly,Index of Industrial Production (1).xlsx,
industry,IIP use-based,Manufacture of furniture,2024-11-01,All India,39.5847750865052,percent YoY growth,monthly,Index of Industrial Production (1).xlsx,
industry,IIP use-based,Manufacture of furniture,2024-12-01,All India,21.0739614994934,percent YoY growth,monthly,Index of Industrial Production (1).xlsx,
industry,IIP use-based,Manufacture of furniture,2025-01-01,All India,6.58291457286432,percent YoY growth,monthly,Index of Industrial Production (1).xlsx,
industry,IIP use-based,Manufacture of furniture,2025-02-01,All India,2.67896354852878,percent YoY growth,monthly,Index of Industrial Production (1).xlsx,
industry,IIP use-based,Manufacture of furniture,2025-03-01,All India,-19.2307692307692,percent YoY growth,monthly,Index of Industrial Production (1).xlsx,
industry,IIP use-based,Manufacture of furniture,2025-04-01,All India,1.31340579710144,percent YoY growth,monthly,Index of Industrial Production (1).xlsx,
industry,IIP use-based,Manufacture of furniture,2025-05-01,All India,-5.69105691056911,percent YoY growth,monthly,Index of Industrial Production (1).xlsx,
industry,IIP use-based,Manufacture of furniture,2025-06-01,All India,10.2304147465438,percent YoY growth,monthly,Index of Industrial Production (1).xlsx,
industry,IIP use-based,Manufacture of furniture,2025-07-01,All India,6.59655831739962,percent YoY growth,monthly,Index of Industrial Production (1).xlsx,
industry,IIP use-based,Manufacture of furniture,2025-08-01,All India,-2.82935455349247,percent YoY growth,monthly,Index of Industrial Production (1).xlsx,
industry,IIP use-based,Manufacture of furniture,2025-09-01,All India,-4.37956204379561,percent YoY growth,monthly,Index of Industrial Production (1).xlsx,
industry,IIP use-based,Manufacture of furniture,2025-10-01,All India,7.99432355723747,percent YoY growth,monthly,Index of Industrial Production (1).xlsx,
industry,IIP use-based,Manufacture of furniture,2025-11-01,All India,13.1879028259792,percent YoY growth,monthly,Index of Industrial Production (1).xlsx,
industry,IIP use-based,Manufacture of furniture,2025-12-01,All India,0.669456066945604,percent YoY growth,monthly,Index of Industrial Production (1).xlsx,
industry,IIP use-based,Manufacture of furniture,2026-01-01,All India,18.1046676096181,percent YoY growth,monthly,Index of Industrial Production (1).xlsx,
industry,IIP use-based,Manufacture of furniture,2026-02-01,All India,1.1120615911035,percent YoY growth,monthly,Index of Industrial Production (1).xlsx,
industry,IIP use-based,Manufacture of furniture,2026-03-01,All India,2.71512113617377,percent YoY growth,monthly,Index of Industrial Production (1).xlsx,
industry,IIP use-based,Manufacture of leather and related products,2013-04-01,All India,17.6076555023924,percent YoY growth,monthly,Index of Industrial Production (1).xlsx,
industry,IIP use-based,Manufacture of leather and related products,2013-05-01,All India,1.46048109965635,percent YoY growth,monthly,Index of Industrial Production (1).xlsx,
industry,IIP use-based,Manufacture of leather and related products,2013-06-01,All India,4.82256596906278,percent YoY growth,monthly,Index of Industrial Production (1).xlsx,
industry,IIP use-based,Manufacture of leather and related products,2013-07-01,All India,7.92626728110599,percent YoY growth,monthly,Index of Industrial Production (1).xlsx,
industry,IIP use-based,Manufacture of leather and related products,2013-08-01,All India,4.31726907630523,percent YoY growth,monthly,Index of Industrial Production (1).xlsx,
industry,IIP use-based,Manufacture of leather and related products,2013-09-01,All India,-3.13986679352997,percent YoY growth,monthly,Index of Industrial Production (1).xlsx,
industry,IIP use-based,Manufacture of leather and related products,2013-10-01,All India,-1.95167286245353,percent YoY growth,monthly,Index of Industrial Production (1).xlsx,
industry,IIP use-based,Manufacture of leather and related products,2013-11-01,All India,-5.10105871029837,percent YoY growth,monthly,Index of Industrial Production (1).xlsx,
industry,IIP use-based,Manufacture of leather and related products,2013-12-01,All India,-0.421585160202361,percent YoY growth,monthly,Index of Industrial Production (1).xlsx,
industry,IIP use-based,Manufacture of leather and related products,2014-01-01,All India,1.82724252491693,percent YoY growth,monthly,Index of Industrial Production (1).xlsx,
industry,IIP use-based,Manufacture of leather and related products,2014-02-01,All India,-1.05726872246696,percent YoY growth,monthly,Index of Industrial Production (1).xlsx,
industry,IIP use-based,Manufacture of leather and related products,2014-03-01,All India,1.17944397641111,percent YoY growth,monthly,Index of Industrial Production (1).xlsx,
industry,IIP use-based,Manufacture of leather and related products,2014-04-01,All India,3.17331163547599,percent YoY growth,monthly,Index of Industrial Production (1).xlsx,
industry,IIP use-based,Manufacture of leather and related products,2014-05-01,All India,11.8543607112616,percent YoY growth,monthly,Index of Industrial Production (1).xlsx,
industry,IIP use-based,Manufacture of leather and related products,2014-06-01,All India,7.55208333333334,percent YoY growth,monthly,Index of Industrial Production (1).xlsx,
industry,IIP use-based,Manufacture of leather and related products,2014-07-01,All India,6.40478223740393,percent YoY growth,monthly,Index of Industrial Production (1).xlsx,
industry,IIP use-based,Manufacture of leather and related products,2014-08-01,All India,5.10105871029836,percent YoY growth,monthly,Index of Industrial Production (1).xlsx,
industry,IIP use-based,Manufacture of leather and related products,2014-09-01,All India,15.8153241650295,percent YoY growth,monthly,Index of Industrial Production (1).xlsx,
industry,IIP use-based,Manufacture of leather and related products,2014-10-01,All India,-3.60189573459715,percent YoY growth,monthly,Index of Industrial Production (1).xlsx,
industry,IIP use-based,Manufacture of leather and related products,2014-11-01,All India,19.1683569979716,percent YoY growth,monthly,Index of Industrial Production (1).xlsx,
industry,IIP use-based,Manufacture of leather and related products,2014-12-01,All India,8.97544453852667,percent YoY growth,monthly,Index of Industrial Production (1).xlsx,
industry,IIP use-based,Manufacture of leather and related products,2015-01-01,All India,4.81239804241436,percent YoY growth,monthly,Index of Industrial Production (1).xlsx,
industry,IIP use-based,Manufacture of leather and related products,2015-02-01,All India,17.8094390026714,percent YoY growth,monthly,Index of Industrial Production (1).xlsx,
industry,IIP use-based,Manufacture of leather and related products,2015-03-01,All India,10.9908409658618,percent YoY growth,monthly,Index of Industrial Production (1).xlsx,
industry,IIP use-based,Manufacture of leather and related products,2015-04-01,All India,0.630914826498421,percent YoY growth,monthly,Index of Industrial Production (1).xlsx,
industry,IIP use-based,Manufacture of leather and related products,2015-05-01,All India,-4.16351249053747,percent YoY growth,monthly,Index of Industrial Production (1).xlsx,
industry,IIP use-based,Manufacture of leather and related products,2015-06-01,All India,1.85633575464084,percent YoY growth,monthly,Index of Industrial Production (1).xlsx,
industry,IIP use-based,Manufacture of leather and related products,2015-07-01,All India,-0.481540930979129,percent YoY growth,monthly,Index of Industrial Production (1).xlsx,
industry,IIP use-based,Manufacture of leather and related products,2015-08-01,All India,4.12087912087912,percent YoY growth,monthly,Index of Industrial Production (1).xlsx,
industry,IIP use-based,Manufacture of leather and related products,2015-09-01,All India,-3.64715860899068,percent YoY growth,monthly,Index of Industrial Production (1).xlsx,
industry,IIP use-based,Manufacture of leather and related products,2015-10-01,All India,10.5211406096362,percent YoY growth,monthly,Index of Industrial Production (1).xlsx,
industry,IIP use-based,Manufacture of leather and related products,2015-11-01,All India,-9.53191489361702,percent YoY growth,monthly,Index of Industrial Production (1).xlsx,
industry,IIP use-based,Manufacture of leather and related products,2015-12-01,All India,-0.23310023310022,percent YoY growth,monthly,Index of Industrial Production (1).xlsx,
industry,IIP use-based,Manufacture of leather and related products,2016-01-01,All India,3.26848249027236,percent YoY growth,monthly,Index of Industrial Production (1).xlsx,
industry,IIP use-based,Manufacture of leather and related products,2016-02-01,All India,5.66893424036281,percent YoY growth,monthly,Index of Industrial Production (1).xlsx,
industry,IIP use-based,Manufacture of leather and related products,2016-03-01,All India,-1.42535633908478,percent YoY growth,monthly,Index of Industrial Production (1).xlsx,
industry,IIP use-based,Manufacture of leather and related products,2016-04-01,All India,1.01880877742948,percent YoY growth,monthly,Index of Industrial Production (1).xlsx,
industry,IIP use-based,Manufacture of leather and related products,2016-05-01,All India,3.15955766192733,percent YoY growth,monthly,Index of Industrial Production (1).xlsx,
industry,IIP use-based,Manufacture of leather and related products,2016-06-01,All India,2.69413629160063,percent YoY growth,monthly,Index of Industrial Production (1).xlsx,
industry,IIP use-based,Manufacture of leather and related products,2016-07-01,All India,2.33870967741936,percent YoY growth,monthly,Index of Industrial Production (1).xlsx,
industry,IIP use-based,Manufacture of leather and related products,2016-08-01,All India,8.53122251539138,percent YoY growth,monthly,Index of Industrial Production (1).xlsx,
industry,IIP use-based,Manufacture of leather and related products,2016-09-01,All India,8.97887323943662,percent YoY growth,monthly,Index of Industrial Production (1).xlsx,
industry,IIP use-based,Manufacture of leather and related products,2016-10-01,All India,-2.13523131672598,percent YoY growth,monthly,Index of Industrial Production (1).xlsx,
industry,IIP use-based,Manufacture of leather and related products,2016-11-01,All India,3.9510818438382,percent YoY growth,monthly,Index of Industrial Production (1).xlsx,
industry,IIP use-based,Manufacture of leather and related products,2016-12-01,All India,-16.0436137071651,percent YoY growth,monthly,Index of Industrial Production (1).xlsx,
industry,IIP use-based,Manufacture of leather and related products,2017-01-01,All India,-12.7354935945742,percent YoY growth,monthly,Index of Industrial Production (1).xlsx,
industry,IIP use-based,Manufacture of leather and related products,2017-02-01,All India,-10.3004291845494,percent YoY growth,monthly,Index of Industrial Production (1).xlsx,
industry,IIP use-based,Manufacture of leather and related products,2017-03-01,All India,2.20700152207002,percent YoY growth,monthly,Index of Industrial Production (1).xlsx,
industry,IIP use-based,Manufacture of leather and related products,2017-04-01,All India,1.93948797517455,percent YoY growth,monthly,Index of Industrial Production (1).xlsx,
industry,IIP use-based,Manufacture of leather and related products,2017-05-01,All India,4.67075038284839,percent YoY growth,monthly,Index of Industrial Production (1).xlsx,
industry,IIP use-based,Manufacture of leather and related products,2017-06-01,All India,-0.771604938271605,percent YoY growth,monthly,Index of Industrial Production (1).xlsx,
industry,IIP use-based,Manufacture of leather and related products,2017-07-01,All India,-2.28526398739165,percent YoY growth,monthly,Index of Industrial Production (1).xlsx,
industry,IIP use-based,Manufacture of leather and related products,2017-08-01,All India,-5.10534846029174,percent YoY growth,monthly,Index of Industrial Production (1).xlsx,
industry,IIP use-based,Manufacture of leather and related products,2017-09-01,All India,-6.62358642972537,percent YoY growth,monthly,Index of Industrial Production (1).xlsx,
industry,IIP use-based,Manufacture of leather and related products,2017-10-01,All India,-2.72727272727273,percent YoY growth,monthly,Index of Industrial Production (1).xlsx,
industry,IIP use-based,Manufacture of leather and related products,2017-11-01,All India,7.23981900452489,percent YoY growth,monthly,Index of Industrial Production (1).xlsx,
industry,IIP use-based,Manufacture of leather and related products,2017-12-01,All India,17.6252319109462,percent YoY growth,monthly,Index of Industrial Production (1).xlsx,
industry,IIP use-based,Manufacture of leather and related products,2018-01-01,All India,8.46286701208981,percent YoY growth,monthly,Index of Industrial Production (1).xlsx,
industry,IIP use-based,Manufacture of leather and related products,2018-02-01,All India,0.0797448165869173,percent YoY growth,monthly,Index of Industrial Production (1).xlsx,
industry,IIP use-based,Manufacture of leather and related products,2018-03-01,All India,-2.97840655249442,percent YoY growth,monthly,Index of Industrial Production (1).xlsx,
industry,IIP use-based,Manufacture of leather and related products,2018-04-01,All India,-3.88127853881279,percent YoY growth,monthly,Index of Industrial Production (1).xlsx,
industry,IIP use-based,Manufacture of leather and related products,2018-05-01,All India,-2.77980980248719,percent YoY growth,monthly,Index of Industrial Production (1).xlsx,
industry,IIP use-based,Manufacture of leather and related products,2018-06-01,All India,1.71073094867808,percent YoY growth,monthly,Index of Industrial Production (1).xlsx,
industry,IIP use-based,Manufacture of leather and related products,2018-07-01,All India,8.22580645161289,percent YoY growth,monthly,Index of Industrial Production (1).xlsx,
industry,IIP use-based,Manufacture of leather and related products,2018-08-01,All India,5.55081127241674,percent YoY growth,monthly,Index of Industrial Production (1).xlsx,
industry,IIP use-based,Manufacture of leather and related products,2018-09-01,All India,2.50865051903115,percent YoY growth,monthly,Index of Industrial Production (1).xlsx,
industry,IIP use-based,Manufacture of leather and related products,2018-10-01,All India,11.4018691588785,percent YoY growth,monthly,Index of Industrial Production (1).xlsx,
industry,IIP use-based,Manufacture of leather and related products,2018-11-01,All India,-8.94514767932489,percent YoY growth,monthly,Index of Industrial Production (1).xlsx,
industry,IIP use-based,Manufacture of leather and related products,2018-12-01,All India,-3.62776025236593,percent YoY growth,monthly,Index of Industrial Production (1).xlsx,
industry,IIP use-based,Manufacture of leather and related products,2019-01-01,All India,0.955414012738856,percent YoY growth,monthly,Index of Industrial Production (1).xlsx,
industry,IIP use-based,Manufacture of leather and related products,2019-02-01,All India,-1.19521912350598,percent YoY growth,monthly,Index of Industrial Production (1).xlsx,
industry,IIP use-based,Manufacture of leather and related products,2019-03-01,All India,2.37912509593246,percent YoY growth,monthly,Index of Industrial Production (1).xlsx,
industry,IIP use-based,Manufacture of leather and related products,2019-04-01,All India,3.32541567695962,percent YoY growth,monthly,Index of Industrial Production (1).xlsx,
industry,IIP use-based,Manufacture of leather and related products,2019-05-01,All India,-0.150489089541021,percent YoY growth,monthly,Index of Industrial Production (1).xlsx,
industry,IIP use-based,Manufacture of leather and related products,2019-06-01,All India,-5.81039755351683,percent YoY growth,monthly,Index of Industrial Production (1).xlsx,
industry,IIP use-based,Manufacture of leather and related products,2019-07-01,All India,-0.670640834575244,percent YoY growth,monthly,Index of Industrial Production (1).xlsx,
industry,IIP use-based,Manufacture of leather and related products,2019-08-01,All India,-4.85436893203883,percent YoY growth,monthly,Index of Industrial Production (1).xlsx,
industry,IIP use-based,Manufacture of leather and related products,2019-09-01,All India,-0.590717299578062,percent YoY growth,monthly,Index of Industrial Production (1).xlsx,
industry,IIP use-based,Manufacture of leather and related products,2019-10-01,All India,-7.21476510067115,percent YoY growth,monthly,Index of Industrial Production (1).xlsx,
industry,IIP use-based,Manufacture of leather and related products,2019-11-01,All India,6.58016682113067,percent YoY growth,monthly,Index of Industrial Production (1).xlsx,
industry,IIP use-based,Manufacture of leather and related products,2019-12-01,All India,5.64648117839607,percent YoY growth,monthly,Index of Industrial Production (1).xlsx,
industry,IIP use-based,Manufacture of leather and related products,2020-01-01,All India,2.99684542586751,percent YoY growth,monthly,Index of Industrial Production (1).xlsx,
industry,IIP use-based,Manufacture of leather and related products,2020-02-01,All India,6.12903225806451,percent YoY growth,monthly,Index of Industrial Production (1).xlsx,
industry,IIP use-based,Manufacture of leather and related products,2020-03-01,All India,-24.4377811094453,percent YoY growth,monthly,Index of Industrial Production (1).xlsx,
industry,IIP use-based,Manufacture of leather and related products,2020-04-01,All India,-98.6973180076628,percent YoY growth,monthly,Index of Industrial Production (1).xlsx,
industry,IIP use-based,Manufacture of leather and related products,2020-05-01,All India,-60.5124340617935,percent YoY growth,monthly,Index of Industrial Production (1).xlsx,
industry,IIP use-based,Manufacture of leather and related products,2020-06-01,All India,-19.0746753246753,percent YoY growth,monthly,Index of Industrial Production (1).xlsx,
industry,IIP use-based,Manufacture of leather and related products,2020-07-01,All India,-16.9542385596399,percent YoY growth,monthly,Index of Industrial Production (1).xlsx,
industry,IIP use-based,Manufacture of leather and related products,2020-08-01,All India,-9.86394557823129,percent YoY growth,monthly,Index of Industrial Production (1).xlsx,
industry,IIP use-based,Manufacture of leather and related products,2020-09-01,All India,4.66893039049236,percent YoY growth,monthly,Index of Industrial Production (1).xlsx,
industry,IIP use-based,Manufacture of leather and related products,2020-10-01,All India,5.24412296564196,percent YoY growth,monthly,Index of Industrial Production (1).xlsx,
industry,IIP use-based,Manufacture of leather and related products,2020-11-01,All India,-8.69565217391304,percent YoY growth,monthly,Index of Industrial Production (1).xlsx,
industry,IIP use-based,Manufacture of leather and related products,2020-12-01,All India,-5.57707203718047,percent YoY growth,monthly,Index of Industrial Production (1).xlsx,
industry,IIP use-based,Manufacture of leather and related products,2021-01-01,All India,-4.36447166921898,percent YoY growth,monthly,Index of Industrial Production (1).xlsx,
industry,IIP use-based,Manufacture of leather and related products,2021-02-01,All India,-7.52279635258358,percent YoY growth,monthly,Index of Industrial Production (1).xlsx,
industry,IIP use-based,Manufacture of leather and related products,2021-03-01,All India,22.4206349206349,percent YoY growth,monthly,Index of Industrial Production (1).xlsx,
industry,IIP use-based,Manufacture of leather and related products,2021-05-01,All India,28.0534351145038,percent YoY growth,monthly,Index of Industrial Production (1).xlsx,
industry,IIP use-based,Manufacture of leather and related products,2021-06-01,All India,-5.61685055165497,percent YoY growth,monthly,Index of Industrial Production (1).xlsx,
industry,IIP use-based,Manufacture of leather and related products,2021-07-01,All India,3.613369467028,percent YoY growth,monthly,Index of Industrial Production (1).xlsx,
industry,IIP use-based,Manufacture of leather and related products,2021-08-01,All India,0.471698113207547,percent YoY growth,monthly,Index of Industrial Production (1).xlsx,
industry,IIP use-based,Manufacture of leather and related products,2021-09-01,All India,-10.4622871046229,percent YoY growth,monthly,Index of Industrial Production (1).xlsx,
industry,IIP use-based,Manufacture of leather and related products,2021-10-01,All India,-11.340206185567,percent YoY growth,monthly,Index of Industrial Production (1).xlsx,
industry,IIP use-based,Manufacture of leather and related products,2021-11-01,All India,-9.61904761904761,percent YoY growth,monthly,Index of Industrial Production (1).xlsx,
industry,IIP use-based,Manufacture of leather and related products,2021-12-01,All India,-8.44954881050042,percent YoY growth,monthly,Index of Industrial Production (1).xlsx,
industry,IIP use-based,Manufacture of leather and related products,2022-01-01,All India,-18.6549239391513,percent YoY growth,monthly,Index of Industrial Production (1).xlsx,
industry,IIP use-based,Manufacture of leather and related products,2022-02-01,All India,-15.2013147082991,percent YoY growth,monthly,Index of Industrial Production (1).xlsx,
industry,IIP use-based,Manufacture of leather and related products,2022-03-01,All India,-7.77957860615884,percent YoY growth,monthly,Index of Industrial Production (1).xlsx,
industry,IIP use-based,Manufacture of leather and related products,2022-04-01,All India,5.03455083909182,percent YoY growth,monthly,Index of Industrial Production (1).xlsx,
industry,IIP use-based,Manufacture of leather and related products,2022-05-01,All India,47.5409836065574,percent YoY growth,monthly,Index of Industrial Production (1).xlsx,
industry,IIP use-based,Manufacture of leather and related products,2022-06-01,All India,1.91285866099895,percent YoY growth,monthly,Index of Industrial Production (1).xlsx,
industry,IIP use-based,Manufacture of leather and related products,2022-07-01,All India,-13.5135135135135,percent YoY growth,monthly,Index of Industrial Production (1).xlsx,
industry,IIP use-based,Manufacture of leather and related products,2022-08-01,All India,-15.962441314554,percent YoY growth,monthly,Index of Industrial Production (1).xlsx,
industry,IIP use-based,Manufacture of leather and related products,2022-09-01,All India,-16.3949275362319,percent YoY growth,monthly,Index of Industrial Production (1).xlsx,
industry,IIP use-based,Manufacture of leather and related products,2022-10-01,All India,-25.484496124031,percent YoY growth,monthly,Index of Industrial Production (1).xlsx,
industry,IIP use-based,Manufacture of leather and related products,2022-11-01,All India,-0.632244467860915,percent YoY growth,monthly,Index of Industrial Production (1).xlsx,
industry,IIP use-based,Manufacture of leather and related products,2022-12-01,All India,-11.8279569892473,percent YoY growth,monthly,Index of Industrial Production (1).xlsx,
industry,IIP use-based,Manufacture of leather and related products,2023-01-01,All India,-2.16535433070865,percent YoY growth,monthly,Index of Industrial Production (1).xlsx,
industry,IIP use-based,Manufacture of leather and related products,2023-02-01,All India,-8.04263565891473,percent YoY growth,monthly,Index of Industrial Production (1).xlsx,
industry,IIP use-based,Manufacture of leather and related products,2023-03-01,All India,-6.67838312829525,percent YoY growth,monthly,Index of Industrial Production (1).xlsx,
industry,IIP use-based,Manufacture of leather and related products,2023-04-01,All India,-8.17669172932331,percent YoY growth,monthly,Index of Industrial Production (1).xlsx,
industry,IIP use-based,Manufacture of leather and related products,2023-05-01,All India,2.12121212121212,percent YoY growth,monthly,Index of Industrial Production (1).xlsx,
industry,IIP use-based,Manufacture of leather and related products,2023-06-01,All India,7.82064650677789,percent YoY growth,monthly,Index of Industrial Production (1).xlsx,
industry,IIP use-based,Manufacture of leather and related products,2023-07-01,All India,-4.13306451612904,percent YoY growth,monthly,Index of Industrial Production (1).xlsx,
industry,IIP use-based,Manufacture of leather and related products,2023-08-01,All India,3.24022346368716,percent YoY growth,monthly,Index of Industrial Production (1).xlsx,
industry,IIP use-based,Manufacture of leather and related products,2023-09-01,All India,-0.541711809317443,percent YoY growth,monthly,Index of Industrial Production (1).xlsx,
industry,IIP use-based,Manufacture of leather and related products,2023-10-01,All India,18.4655396618986,percent YoY growth,monthly,Index of Industrial Production (1).xlsx,
industry,IIP use-based,Manufacture of leather and related products,2023-11-01,All India,-16.4369034994698,percent YoY growth,monthly,Index of Industrial Production (1).xlsx,
industry,IIP use-based,Manufacture of leather and related products,2023-12-01,All India,-2.54065040650407,percent YoY growth,monthly,Index of Industrial Production (1).xlsx,
industry,IIP use-based,Manufacture of leather and related products,2024-01-01,All India,0.503018108651911,percent YoY growth,monthly,Index of Industrial Production (1).xlsx,
industry,IIP use-based,Manufacture of leather and related products,2024-02-01,All India,2.00210748155953,percent YoY growth,monthly,Index of Industrial Production (1).xlsx,
industry,IIP use-based,Manufacture of leather and related products,2024-03-01,All India,-9.69868173258004,percent YoY growth,monthly,Index of Industrial Production (1).xlsx,
industry,IIP use-based,Manufacture of leather and related products,2024-04-01,All India,-8.59774820880246,percent YoY growth,monthly,Index of Industrial Production (1).xlsx,
industry,IIP use-based,Manufacture of leather and related products,2024-05-01,All India,1.48367952522255,percent YoY growth,monthly,Index of Industrial Production (1).xlsx,
industry,IIP use-based,Manufacture of leather and related products,2024-06-01,All India,-4.06189555125726,percent YoY growth,monthly,Index of Industrial Production (1).xlsx,
industry,IIP use-based,Manufacture of leather and related products,2024-07-01,All India,7.25552050473187,percent YoY growth,monthly,Index of Industrial Production (1).xlsx,
industry,IIP use-based,Manufacture of leather and related products,2024-08-01,All India,2.05627705627705,percent YoY growth,monthly,Index of Industrial Production (1).xlsx,
industry,IIP use-based,Manufacture of leather and related products,2024-09-01,All India,-2.50544662309368,percent YoY growth,monthly,Index of Industrial Production (1).xlsx,
industry,IIP use-based,Manufacture of leather and related products,2024-10-01,All India,-4.50054884742041,percent YoY growth,monthly,Index of Industrial Production (1).xlsx,
industry,IIP use-based,Manufacture of leather and related products,2024-11-01,All India,-3.17258883248731,percent YoY growth,monthly,Index of Industrial Production (1).xlsx,
industry,IIP use-based,Manufacture of leather and related products,2024-12-01,All India,-6.98644421272159,percent YoY growth,monthly,Index of Industrial Production (1).xlsx,
industry,IIP use-based,Manufacture of leather and related products,2025-01-01,All India,-6.10610610610611,percent YoY growth,monthly,Index of Industrial Production (1).xlsx,
industry,IIP use-based,Manufacture of leather and related products,2025-02-01,All India,-8.98760330578513,percent YoY growth,monthly,Index of Industrial Production (1).xlsx,
industry,IIP use-based,Manufacture of leather and related products,2025-03-01,All India,-7.40354535974975,percent YoY growth,monthly,Index of Industrial Production (1).xlsx,
industry,IIP use-based,Manufacture of leather and related products,2025-04-01,All India,-1.00783874580066,percent YoY growth,monthly,Index of Industrial Production (1).xlsx,
industry,IIP use-based,Manufacture of leather and related products,2025-05-01,All India,-4.58089668615983,percent YoY growth,monthly,Index of Industrial Production (1).xlsx,
industry,IIP use-based,Manufacture of leather and related products,2025-06-01,All India,-3.0241935483871,percent YoY growth,monthly,Index of Industrial Production (1).xlsx,
industry,IIP use-based,Manufacture of leather and related products,2025-07-01,All India,-3.33333333333334,percent YoY growth,monthly,Index of Industrial Production (1).xlsx,
industry,IIP use-based,Manufacture of leather and related products,2025-08-01,All India,-9.01378579003181,percent YoY growth,monthly,Index of Industrial Production (1).xlsx,
industry,IIP use-based,Manufacture of leather and related products,2025-09-01,All India,1.45251396648044,percent YoY growth,monthly,Index of Industrial Production (1).xlsx,
industry,IIP use-based,Manufacture of leather and related products,2025-10-01,All India,-16.0919540229885,percent YoY growth,monthly,Index of Industrial Production (1).xlsx,
industry,IIP use-based,Manufacture of leather and related products,2025-11-01,All India,0.917431192660554,percent YoY growth,monthly,Index of Industrial Production (1).xlsx,
industry,IIP use-based,Manufacture of leather and related products,2025-12-01,All India,-1.34529147982063,percent YoY growth,monthly,Index of Industrial Production (1).xlsx,
industry,IIP use-based,Manufacture of leather and related products,2026-01-01,All India,-8.52878464818763,percent YoY growth,monthly,Index of Industrial Production (1).xlsx,
industry,IIP use-based,Manufacture of leather and related products,2026-02-01,All India,0.454029511918281,percent YoY growth,monthly,Index of Industrial Production (1).xlsx,
industry,IIP use-based,Manufacture of leather and related products,2026-03-01,All India,-4.95495495495495,percent YoY growth,monthly,Index of Industrial Production (1).xlsx,
industry,IIP use-based,Manufacture of machinery and equipment n.e.c.,2013-04-01,All India,-12.8672745694022,percent YoY growth,monthly,Index of Industrial Production (1).xlsx,
industry,IIP use-based,Manufacture of machinery and equipment n.e.c.,2013-05-01,All India,-0.106269925611046,percent YoY growth,monthly,Index of Industrial Production (1).xlsx,
industry,IIP use-based,Manufacture of machinery and equipment n.e.c.,2013-06-01,All India,-6.3992359121299,percent YoY growth,monthly,Index of Industrial Production (1).xlsx,
industry,IIP use-based,Manufacture of machinery and equipment n.e.c.,2013-07-01,All India,8.03382663847781,percent YoY growth,monthly,Index of Industrial Production (1).xlsx,
industry,IIP use-based,Manufacture of machinery and equipment n.e.c.,2013-08-01,All India,4.32595573440644,percent YoY growth,monthly,Index of Industrial Production (1).xlsx,
industry,IIP use-based,Manufacture of machinery and equipment n.e.c.,2013-09-01,All India,0.743494423791832,percent YoY growth,monthly,Index of Industrial Production (1).xlsx,
industry,IIP use-based,Manufacture of machinery and equipment n.e.c.,2013-10-01,All India,1.37524557956779,percent YoY growth,monthly,Index of Industrial Production (1).xlsx,
industry,IIP use-based,Manufacture of machinery and equipment n.e.c.,2013-11-01,All India,-2.672147995889,percent YoY growth,monthly,Index of Industrial Production (1).xlsx,
industry,IIP use-based,Manufacture of machinery and equipment n.e.c.,2013-12-01,All India,4.07030527289547,percent YoY growth,monthly,Index of Industrial Production (1).xlsx,
industry,IIP use-based,Manufacture of machinery and equipment n.e.c.,2014-01-01,All India,12.9281767955801,percent YoY growth,monthly,Index of Industrial Production (1).xlsx,
industry,IIP use-based,Manufacture of machinery and equipment n.e.c.,2014-02-01,All India,0.697211155378475,percent YoY growth,monthly,Index of Industrial Production (1).xlsx,
industry,IIP use-based,Manufacture of machinery and equipment n.e.c.,2014-03-01,All India,-3.20232896652111,percent YoY growth,monthly,Index of Industrial Production (1).xlsx,
industry,IIP use-based,Manufacture of machinery and equipment n.e.c.,2014-04-01,All India,5.46511627906977,percent YoY growth,monthly,Index of Industrial Production (1).xlsx,
industry,IIP use-based,Manufacture of machinery and equipment n.e.c.,2014-05-01,All India,4.36170212765957,percent YoY growth,monthly,Index of Industrial Production (1).xlsx,
industry,IIP use-based,Manufacture of machinery and equipment n.e.c.,2014-06-01,All India,1.83673469387755,percent YoY growth,monthly,Index of Industrial Production (1).xlsx,
industry,IIP use-based,Manufacture of machinery and equipment n.e.c.,2014-07-01,All India,0.391389432485315,percent YoY growth,monthly,Index of Industrial Production (1).xlsx,
industry,IIP use-based,Manufacture of machinery and equipment n.e.c.,2014-08-01,All India,-5.40019286403087,percent YoY growth,monthly,Index of Industrial Production (1).xlsx,
industry,IIP use-based,Manufacture of machinery and equipment n.e.c.,2014-09-01,All India,5.99630996309963,percent YoY growth,monthly,Index of Industrial Production (1).xlsx,
industry,IIP use-based,Manufacture of machinery and equipment n.e.c.,2014-10-01,All India,-14.922480620155,percent YoY growth,monthly,Index of Industrial Production (1).xlsx,
industry,IIP use-based,Manufacture of machinery and equipment n.e.c.,2014-11-01,All India,3.80147835269271,percent YoY growth,monthly,Index of Industrial Production (1).xlsx,
industry,IIP use-based,Manufacture of machinery and equipment n.e.c.,2014-12-01,All India,-6.4,percent YoY growth,monthly,Index of Industrial Production (1).xlsx,
industry,IIP use-based,Manufacture of machinery and equipment n.e.c.,2015-01-01,All India,-8.6105675146771,percent YoY growth,monthly,Index of Industrial Production (1).xlsx,
industry,IIP use-based,Manufacture of machinery and equipment n.e.c.,2015-02-01,All India,6.82492581602375,percent YoY growth,monthly,Index of Industrial Production (1).xlsx,
industry,IIP use-based,Manufacture of machinery and equipment n.e.c.,2015-03-01,All India,0.902255639097736,percent YoY growth,monthly,Index of Industrial Production (1).xlsx,
industry,IIP use-based,Manufacture of machinery and equipment n.e.c.,2015-04-01,All India,-0.220507166482914,percent YoY growth,monthly,Index of Industrial Production (1).xlsx,
industry,IIP use-based,Manufacture of machinery and equipment n.e.c.,2015-05-01,All India,-4.17940876656473,percent YoY growth,monthly,Index of Industrial Production (1).xlsx,
industry,IIP use-based,Manufacture of machinery and equipment n.e.c.,2015-06-01,All India,-1.10220440881763,percent YoY growth,monthly,Index of Industrial Production (1).xlsx,
industry,IIP use-based,Manufacture of machinery and equipment n.e.c.,2015-07-01,All India,-9.55165692007797,percent YoY growth,monthly,Index of Industrial Production (1).xlsx,
industry,IIP use-based,Manufacture of machinery and equipment n.e.c.,2015-08-01,All India,8.76656472986749,percent YoY growth,monthly,Index of Industrial Production (1).xlsx,
industry,IIP use-based,Manufacture of machinery and equipment n.e.c.,2015-09-01,All India,7.74586597040905,percent YoY growth,monthly,Index of Industrial Production (1).xlsx,
industry,IIP use-based,Manufacture of machinery and equipment n.e.c.,2015-10-01,All India,21.753986332574,percent YoY growth,monthly,Index of Industrial Production (1).xlsx,
industry,IIP use-based,Manufacture of machinery and equipment n.e.c.,2015-11-01,All India,-0.712105798575791,percent YoY growth,monthly,Index of Industrial Production (1).xlsx,
industry,IIP use-based,Manufacture of machinery and equipment n.e.c.,2015-12-01,All India,5.12820512820513,percent YoY growth,monthly,Index of Industrial Production (1).xlsx,
industry,IIP use-based,Manufacture of machinery and equipment n.e.c.,2016-01-01,All India,8.8865096359743,percent YoY growth,monthly,Index of Industrial Production (1).xlsx,
industry,IIP use-based,Manufacture of machinery and equipment n.e.c.,2016-02-01,All India,0.55555555555555,percent YoY growth,monthly,Index of Industrial Production (1).xlsx,
industry,IIP use-based,Manufacture of machinery and equipment n.e.c.,2016-03-01,All India,3.57675111773473,percent YoY growth,monthly,Index of Industrial Production (1).xlsx,
industry,IIP use-based,Manufacture of machinery and equipment n.e.c.,2016-04-01,All India,8.95027624309392,percent YoY growth,monthly,Index of Industrial Production (1).xlsx,
industry,IIP use-based,Manufacture of machinery and equipment n.e.c.,2016-05-01,All India,15.0,percent YoY growth,monthly,Index of Industrial Production (1).xlsx,
industry,IIP use-based,Manufacture of machinery and equipment n.e.c.,2016-06-01,All India,20.5673758865248,percent YoY growth,monthly,Index of Industrial Production (1).xlsx,
industry,IIP use-based,Manufacture of machinery and equipment n.e.c.,2016-07-01,All India,19.073275862069,percent YoY growth,monthly,Index of Industrial Production (1).xlsx,
industry,IIP use-based,Manufacture of machinery and equipment n.e.c.,2016-08-01,All India,-1.59325210871603,percent YoY growth,monthly,Index of Industrial Production (1).xlsx,
industry,IIP use-based,Manufacture of machinery and equipment n.e.c.,2016-09-01,All India,-8.07754442649435,percent YoY growth,monthly,Index of Industrial Production (1).xlsx,
industry,IIP use-based,Manufacture of machinery and equipment n.e.c.,2016-10-01,All India,1.0289990645463,percent YoY growth,monthly,Index of Industrial Production (1).xlsx,
industry,IIP use-based,Manufacture of machinery and equipment n.e.c.,2016-11-01,All India,15.1639344262295,percent YoY growth,monthly,Index of Industrial Production (1).xlsx,
industry,IIP use-based,Manufacture of machinery and equipment n.e.c.,2016-12-01,All India,3.34236675700091,percent YoY growth,monthly,Index of Industrial Production (1).xlsx,
industry,IIP use-based,Manufacture of machinery and equipment n.e.c.,2017-01-01,All India,4.12979351032449,percent YoY growth,monthly,Index of Industrial Production (1).xlsx,
industry,IIP use-based,Manufacture of machinery and equipment n.e.c.,2017-02-01,All India,3.86740331491713,percent YoY growth,monthly,Index of Industrial Production (1).xlsx,
industry,IIP use-based,Manufacture of machinery and equipment n.e.c.,2017-03-01,All India,15.4676258992806,percent YoY growth,monthly,Index of Industrial Production (1).xlsx,
industry,IIP use-based,Manufacture of machinery and equipment n.e.c.,2017-04-01,All India,2.53549695740365,percent YoY growth,monthly,Index of Industrial Production (1).xlsx,
industry,IIP use-based,Manufacture of machinery and equipment n.e.c.,2017-05-01,All India,9.80573543015727,percent YoY growth,monthly,Index of Industrial Production (1).xlsx,
industry,IIP use-based,Manufacture of machinery and equipment n.e.c.,2017-06-01,All India,-2.35294117647059,percent YoY growth,monthly,Index of Industrial Production (1).xlsx,
industry,IIP use-based,Manufacture of machinery and equipment n.e.c.,2017-07-01,All India,-1.35746606334842,percent YoY growth,monthly,Index of Industrial Production (1).xlsx,
industry,IIP use-based,Manufacture of machinery and equipment n.e.c.,2017-08-01,All India,9.33333333333333,percent YoY growth,monthly,Index of Industrial Production (1).xlsx,
industry,IIP use-based,Manufacture of machinery and equipment n.e.c.,2017-09-01,All India,10.8084358523726,percent YoY growth,monthly,Index of Industrial Production (1).xlsx,
industry,IIP use-based,Manufacture of machinery and equipment n.e.c.,2017-10-01,All India,-1.01851851851851,percent YoY growth,monthly,Index of Industrial Production (1).xlsx,
industry,IIP use-based,Manufacture of machinery and equipment n.e.c.,2017-11-01,All India,2.66903914590747,percent YoY growth,monthly,Index of Industrial Production (1).xlsx,
industry,IIP use-based,Manufacture of machinery and equipment n.e.c.,2017-12-01,All India,12.3251748251748,percent YoY growth,monthly,Index of Industrial Production (1).xlsx,
industry,IIP use-based,Manufacture of machinery and equipment n.e.c.,2018-01-01,All India,14.9197355996223,percent YoY growth,monthly,Index of Industrial Production (1).xlsx,
industry,IIP use-based,Manufacture of machinery and equipment n.e.c.,2018-02-01,All India,23.3156028368794,percent YoY growth,monthly,Index of Industrial Production (1).xlsx,
industry,IIP use-based,Manufacture of machinery and equipment n.e.c.,2018-03-01,All India,-7.85046728971962,percent YoY growth,monthly,Index of Industrial Production (1).xlsx,
industry,IIP use-based,Manufacture of machinery and equipment n.e.c.,2018-04-01,All India,4.84668644906034,percent YoY growth,monthly,Index of Industrial Production (1).xlsx,
industry,IIP use-based,Manufacture of machinery and equipment n.e.c.,2018-05-01,All India,-1.34793597304129,percent YoY growth,monthly,Index of Industrial Production (1).xlsx,
industry,IIP use-based,Manufacture of machinery and equipment n.e.c.,2018-06-01,All India,7.57314974182444,percent YoY growth,monthly,Index of Industrial Production (1).xlsx,
industry,IIP use-based,Manufacture of machinery and equipment n.e.c.,2018-07-01,All India,0.183486238532113,percent YoY growth,monthly,Index of Industrial Production (1).xlsx,
industry,IIP use-based,Manufacture of machinery and equipment n.e.c.,2018-08-01,All India,12.0209059233449,percent YoY growth,monthly,Index of Industrial Production (1).xlsx,
industry,IIP use-based,Manufacture of machinery and equipment n.e.c.,2018-09-01,All India,6.58207771609835,percent YoY growth,monthly,Index of Industrial Production (1).xlsx,
industry,IIP use-based,Manufacture of machinery and equipment n.e.c.,2018-10-01,All India,21.7025257249766,percent YoY growth,monthly,Index of Industrial Production (1).xlsx,
industry,IIP use-based,Manufacture of machinery and equipment n.e.c.,2018-11-01,All India,-1.64644714038129,percent YoY growth,monthly,Index of Industrial Production (1).xlsx,
industry,IIP use-based,Manufacture of machinery and equipment n.e.c.,2018-12-01,All India,7.39299610894942,percent YoY growth,monthly,Index of Industrial Production (1).xlsx,
industry,IIP use-based,Manufacture of machinery and equipment n.e.c.,2019-01-01,All India,-2.7937551355793,percent YoY growth,monthly,Index of Industrial Production (1).xlsx,
industry,IIP use-based,Manufacture of machinery and equipment n.e.c.,2019-02-01,All India,-12.724658519051,percent YoY growth,monthly,Index of Industrial Production (1).xlsx,
industry,IIP use-based,Manufacture of machinery and equipment n.e.c.,2019-03-01,All India,-5.81473968897904,percent YoY growth,monthly,Index of Industrial Production (1).xlsx,
industry,IIP use-based,Manufacture of machinery and equipment n.e.c.,2019-04-01,All India,-0.943396226415094,percent YoY growth,monthly,Index of Industrial Production (1).xlsx,
industry,IIP use-based,Manufacture of machinery and equipment n.e.c.,2019-05-01,All India,-0.68317677198975,percent YoY growth,monthly,Index of Industrial Production (1).xlsx,
industry,IIP use-based,Manufacture of machinery and equipment n.e.c.,2019-06-01,All India,-6.8,percent YoY growth,monthly,Index of Industrial Production (1).xlsx,
industry,IIP use-based,Manufacture of machinery and equipment n.e.c.,2019-07-01,All India,-4.94505494505495,percent YoY growth,monthly,Index of Industrial Production (1).xlsx,
industry,IIP use-based,Manufacture of machinery and equipment n.e.c.,2019-08-01,All India,-22.0062208398134,percent YoY growth,monthly,Index of Industrial Production (1).xlsx,
industry,IIP use-based,Manufacture of machinery and equipment n.e.c.,2019-09-01,All India,-18.3035714285714,percent YoY growth,monthly,Index of Industrial Production (1).xlsx,
industry,IIP use-based,Manufacture of machinery and equipment n.e.c.,2019-10-01,All India,-18.9085318985396,percent YoY growth,monthly,Index of Industrial Production (1).xlsx,
industry,IIP use-based,Manufacture of machinery and equipment n.e.c.,2019-11-01,All India,-4.58149779735683,percent YoY growth,monthly,Index of Industrial Production (1).xlsx,
industry,IIP use-based,Manufacture of machinery and equipment n.e.c.,2019-12-01,All India,-21.6666666666667,percent YoY growth,monthly,Index of Industrial Production (1).xlsx,
industry,IIP use-based,Manufacture of machinery and equipment n.e.c.,2020-01-01,All India,0.169061707523248,percent YoY growth,monthly,Index of Industrial Production (1).xlsx,
industry,IIP use-based,Manufacture of machinery and equipment n.e.c.,2020-02-01,All India,-6.42504118616146,percent YoY growth,monthly,Index of Industrial Production (1).xlsx,
industry,IIP use-based,Manufacture of machinery and equipment n.e.c.,2020-03-01,All India,-37.6166547020818,percent YoY growth,monthly,Index of Industrial Production (1).xlsx,
industry,IIP use-based,Manufacture of machinery and equipment n.e.c.,2020-04-01,All India,-91.3333333333333,percent YoY growth,monthly,Index of Industrial Production (1).xlsx,
industry,IIP use-based,Manufacture of machinery and equipment n.e.c.,2020-05-01,All India,-61.6509028374892,percent YoY growth,monthly,Index of Industrial Production (1).xlsx,
industry,IIP use-based,Manufacture of machinery and equipment n.e.c.,2020-06-01,All India,-31.1587982832618,percent YoY growth,monthly,Index of Industrial Production (1).xlsx,
industry,IIP use-based,Manufacture of machinery and equipment n.e.c.,2020-07-01,All India,-17.5337186897881,percent YoY growth,monthly,Index of Industrial Production (1).xlsx,
industry,IIP use-based,Manufacture of machinery and equipment n.e.c.,2020-08-01,All India,-7.67696909272184,percent YoY growth,monthly,Index of Industrial Production (1).xlsx,
industry,IIP use-based,Manufacture of machinery and equipment n.e.c.,2020-09-01,All India,-0.819672131147533,percent YoY growth,monthly,Index of Industrial Production (1).xlsx,
industry,IIP use-based,Manufacture of machinery and equipment n.e.c.,2020-10-01,All India,7.29857819905214,percent YoY growth,monthly,Index of Industrial Production (1).xlsx,
industry,IIP use-based,Manufacture of machinery and equipment n.e.c.,2020-11-01,All India,-2.67774699907663,percent YoY growth,monthly,Index of Industrial Production (1).xlsx,
industry,IIP use-based,Manufacture of machinery and equipment n.e.c.,2020-12-01,All India,9.62072155411656,percent YoY growth,monthly,Index of Industrial Production (1).xlsx,
industry,IIP use-based,Manufacture of machinery and equipment n.e.c.,2021-01-01,All India,-7.17299578059072,percent YoY growth,monthly,Index of Industrial Production (1).xlsx,
industry,IIP use-based,Manufacture of machinery and equipment n.e.c.,2021-02-01,All India,-1.58450704225352,percent YoY growth,monthly,Index of Industrial Production (1).xlsx,
industry,IIP use-based,Manufacture of machinery and equipment n.e.c.,2021-03-01,All India,50.1726121979286,percent YoY growth,monthly,Index of Industrial Production (1).xlsx,
industry,IIP use-based,Manufacture of machinery and equipment n.e.c.,2021-05-01,All India,71.0762331838565,percent YoY growth,monthly,Index of Industrial Production (1).xlsx,
industry,IIP use-based,Manufacture of machinery and equipment n.e.c.,2021-06-01,All India,20.074812967581,percent YoY growth,monthly,Index of Industrial Production (1).xlsx,
industry,IIP use-based,Manufacture of machinery and equipment n.e.c.,2021-07-01,All India,27.4532710280374,percent YoY growth,monthly,Index of Industrial Production (1).xlsx,
industry,IIP use-based,Manufacture of machinery and equipment n.e.c.,2021-08-01,All India,17.6025917926566,percent YoY growth,monthly,Index of Industrial Production (1).xlsx,
industry,IIP use-based,Manufacture of machinery and equipment n.e.c.,2021-09-01,All India,4.22405876951331,percent YoY growth,monthly,Index of Industrial Production (1).xlsx,
industry,IIP use-based,Manufacture of machinery and equipment n.e.c.,2021-10-01,All India,-6.18374558303887,percent YoY growth,monthly,Index of Industrial Production (1).xlsx,
industry,IIP use-based,Manufacture of machinery and equipment n.e.c.,2021-11-01,All India,-13.6622390891841,percent YoY growth,monthly,Index of Industrial Production (1).xlsx,
industry,IIP use-based,Manufacture of machinery and equipment n.e.c.,2021-12-01,All India,-11.9831223628692,percent YoY growth,monthly,Index of Industrial Production (1).xlsx,
industry,IIP use-based,Manufacture of machinery and equipment n.e.c.,2022-01-01,All India,-7.45454545454546,percent YoY growth,monthly,Index of Industrial Production (1).xlsx,
industry,IIP use-based,Manufacture of machinery and equipment n.e.c.,2022-02-01,All India,-7.78175313059034,percent YoY growth,monthly,Index of Industrial Production (1).xlsx,
industry,IIP use-based,Manufacture of machinery and equipment n.e.c.,2022-03-01,All India,-1.91570881226054,percent YoY growth,monthly,Index of Industrial Production (1).xlsx,
industry,IIP use-based,Manufacture of machinery and equipment n.e.c.,2022-04-01,All India,5.40254237288135,percent YoY growth,monthly,Index of Industrial Production (1).xlsx,
industry,IIP use-based,Manufacture of machinery and equipment n.e.c.,2022-05-01,All India,38.7942332896461,percent YoY growth,monthly,Index of Industrial Production (1).xlsx,
industry,IIP use-based,Manufacture of machinery and equipment n.e.c.,2022-06-01,All India,19.9376947040498,percent YoY growth,monthly,Index of Industrial Production (1).xlsx,
industry,IIP use-based,Manufacture of machinery and equipment n.e.c.,2022-07-01,All India,4.12465627864345,percent YoY growth,monthly,Index of Industrial Production (1).xlsx,
industry,IIP use-based,Manufacture of machinery and equipment n.e.c.,2022-08-01,All India,2.84664830119375,percent YoY growth,monthly,Index of Industrial Production (1).xlsx,
industry,IIP use-based,Manufacture of machinery and equipment n.e.c.,2022-09-01,All India,6.6079295154185,percent YoY growth,monthly,Index of Industrial Production (1).xlsx,
industry,IIP use-based,Manufacture of machinery and equipment n.e.c.,2022-10-01,All India,-7.53295668549906,percent YoY growth,monthly,Index of Industrial Production (1).xlsx,
industry,IIP use-based,Manufacture of machinery and equipment n.e.c.,2022-11-01,All India,21.4285714285714,percent YoY growth,monthly,Index of Industrial Production (1).xlsx,
industry,IIP use-based,Manufacture of machinery and equipment n.e.c.,2022-12-01,All India,10.7382550335571,percent YoY growth,monthly,Index of Industrial Production (1).xlsx,
industry,IIP use-based,Manufacture of machinery and equipment n.e.c.,2023-01-01,All India,11.0019646365422,percent YoY growth,monthly,Index of Industrial Production (1).xlsx,
industry,IIP use-based,Manufacture of machinery and equipment n.e.c.,2023-02-01,All India,12.0271580989331,percent YoY growth,monthly,Index of Industrial Production (1).xlsx,
industry,IIP use-based,Manufacture of machinery and equipment n.e.c.,2023-03-01,All India,10.390625,percent YoY growth,monthly,Index of Industrial Production (1).xlsx,
industry,IIP use-based,Manufacture of machinery and equipment n.e.c.,2023-04-01,All India,8.24120603015076,percent YoY growth,monthly,Index of Industrial Production (1).xlsx,
industry,IIP use-based,Manufacture of machinery and equipment n.e.c.,2023-05-01,All India,9.7261567516525,percent YoY growth,monthly,Index of Industrial Production (1).xlsx,
industry,IIP use-based,Manufacture of machinery and equipment n.e.c.,2023-06-01,All India,7.0995670995671,percent YoY growth,monthly,Index of Industrial Production (1).xlsx,
industry,IIP use-based,Manufacture of machinery and equipment n.e.c.,2023-07-01,All India,5.54577464788733,percent YoY growth,monthly,Index of Industrial Production (1).xlsx,
industry,IIP use-based,Manufacture of machinery and equipment n.e.c.,2023-08-01,All India,12.7678571428571,percent YoY growth,monthly,Index of Industrial Production (1).xlsx,
industry,IIP use-based,Manufacture of machinery and equipment n.e.c.,2023-09-01,All India,4.95867768595041,percent YoY growth,monthly,Index of Industrial Production (1).xlsx,
industry,IIP use-based,Manufacture of machinery and equipment n.e.c.,2023-10-01,All India,25.5600814663951,percent YoY growth,monthly,Index of Industrial Production (1).xlsx,
industry,IIP use-based,Manufacture of machinery and equipment n.e.c.,2023-11-01,All India,-1.26696832579186,percent YoY growth,monthly,Index of Industrial Production (1).xlsx,
industry,IIP use-based,Manufacture of machinery and equipment n.e.c.,2023-12-01,All India,0.0,percent YoY growth,monthly,Index of Industrial Production (1).xlsx,
industry,IIP use-based,Manufacture of machinery and equipment n.e.c.,2024-01-01,All India,3.00884955752213,percent YoY growth,monthly,Index of Industrial Production (1).xlsx,
industry,IIP use-based,Manufacture of machinery and equipment n.e.c.,2024-02-01,All India,4.76190476190476,percent YoY growth,monthly,Index of Industrial Production (1).xlsx,
industry,IIP use-based,Manufacture of machinery and equipment n.e.c.,2024-03-01,All India,2.90162774239207,percent YoY growth,monthly,Index of Industrial Production (1).xlsx,
industry,IIP use-based,Manufacture of machinery and equipment n.e.c.,2024-04-01,All India,0.278551532033424,percent YoY growth,monthly,Index of Industrial Production (1).xlsx,
industry,IIP use-based,Manufacture of machinery and equipment n.e.c.,2024-05-01,All India,1.63511187607572,percent YoY growth,monthly,Index of Industrial Production (1).xlsx,
industry,IIP use-based,Manufacture of machinery and equipment n.e.c.,2024-06-01,All India,1.29345189975747,percent YoY growth,monthly,Index of Industrial Production (1).xlsx,
industry,IIP use-based,Manufacture of machinery and equipment n.e.c.,2024-07-01,All India,5.25437864887406,percent YoY growth,monthly,Index of Industrial Production (1).xlsx,
industry,IIP use-based,Manufacture of machinery and equipment n.e.c.,2024-08-01,All India,-2.69200316706254,percent YoY growth,monthly,Index of Industrial Production (1).xlsx,
industry,IIP use-based,Manufacture of machinery and equipment n.e.c.,2024-09-01,All India,3.70078740157479,percent YoY growth,monthly,Index of Industrial Production (1).xlsx,
industry,IIP use-based,Manufacture of machinery and equipment n.e.c.,2024-10-01,All India,-2.51419302514193,percent YoY growth,monthly,Index of Industrial Production (1).xlsx,
industry,IIP use-based,Manufacture of machinery and equipment n.e.c.,2024-11-01,All India,7.88267644362971,percent YoY growth,monthly,Index of Industrial Production (1).xlsx,
industry,IIP use-based,Manufacture of machinery and equipment n.e.c.,2024-12-01,All India,10.3896103896104,percent YoY growth,monthly,Index of Industrial Production (1).xlsx,
industry,IIP use-based,Manufacture of machinery and equipment n.e.c.,2025-01-01,All India,4.55326460481099,percent YoY growth,monthly,Index of Industrial Production (1).xlsx,
industry,IIP use-based,Manufacture of machinery and equipment n.e.c.,2025-02-01,All India,2.80991735537191,percent YoY growth,monthly,Index of Industrial Production (1).xlsx,
industry,IIP use-based,Manufacture of machinery and equipment n.e.c.,2025-03-01,All India,8.87207702888584,percent YoY growth,monthly,Index of Industrial Production (1).xlsx,
industry,IIP use-based,Manufacture of machinery and equipment n.e.c.,2025-04-01,All India,9.53703703703704,percent YoY growth,monthly,Index of Industrial Production (1).xlsx,
industry,IIP use-based,Manufacture of machinery and equipment n.e.c.,2025-05-01,All India,10.584250635055,percent YoY growth,monthly,Index of Industrial Production (1).xlsx,
industry,IIP use-based,Manufacture of machinery and equipment n.e.c.,2025-06-01,All India,5.34716679968077,percent YoY growth,monthly,Index of Industrial Production (1).xlsx,
industry,IIP use-based,Manufacture of machinery and equipment n.e.c.,2025-07-01,All India,6.18066561014263,percent YoY growth,monthly,Index of Industrial Production (1).xlsx,
industry,IIP use-based,Manufacture of machinery and equipment n.e.c.,2025-08-01,All India,-0.244100895036624,percent YoY growth,monthly,Index of Industrial Production (1).xlsx,
industry,IIP use-based,Manufacture of machinery and equipment n.e.c.,2025-09-01,All India,3.18906605922553,percent YoY growth,monthly,Index of Industrial Production (1).xlsx,
industry,IIP use-based,Manufacture of machinery and equipment n.e.c.,2025-10-01,All India,0.0,percent YoY growth,monthly,Index of Industrial Production (1).xlsx,
industry,IIP use-based,Manufacture of machinery and equipment n.e.c.,2025-11-01,All India,7.64655904842821,percent YoY growth,monthly,Index of Industrial Production (1).xlsx,
industry,IIP use-based,Manufacture of machinery and equipment n.e.c.,2025-12-01,All India,7.68627450980393,percent YoY growth,monthly,Index of Industrial Production (1).xlsx,
industry,IIP use-based,Manufacture of machinery and equipment n.e.c.,2026-01-01,All India,5.66967953985209,percent YoY growth,monthly,Index of Industrial Production (1).xlsx,
industry,IIP use-based,Manufacture of machinery and equipment n.e.c.,2026-02-01,All India,10.2893890675241,percent YoY growth,monthly,Index of Industrial Production (1).xlsx,
industry,IIP use-based,Manufacture of machinery and equipment n.e.c.,2026-03-01,All India,11.2444725205306,percent YoY growth,monthly,Index of Industrial Production (1).xlsx,
industry,IIP use-based,"Manufacture of motor vehicles, trailers and semi-trailers",2013-04-01,All India,-7.60869565217392,percent YoY growth,monthly,Index of Industrial Production (1).xlsx,
industry,IIP use-based,"Manufacture of motor vehicles, trailers and semi-trailers",2013-05-01,All India,-2.06766917293233,percent YoY growth,monthly,Index of Industrial Production (1).xlsx,
industry,IIP use-based,"Manufacture of motor vehicles, trailers and semi-trailers",2013-06-01,All India,1.65975103734439,percent YoY growth,monthly,Index of Industrial Production (1).xlsx,
industry,IIP use-based,"Manufacture of motor vehicles, trailers and semi-trailers",2013-07-01,All India,2.37358101135191,percent YoY growth,monthly,Index of Industrial Production (1).xlsx,
industry,IIP use-based,"Manufacture of motor vehicles, trailers and semi-trailers",2013-08-01,All India,2.32804232804233,percent YoY growth,monthly,Index of Industrial Production (1).xlsx,
industry,IIP use-based,"Manufacture of motor vehicles, trailers and semi-trailers",2013-09-01,All India,-2.68389662027832,percent YoY growth,monthly,Index of Industrial Production (1).xlsx,
industry,IIP use-based,"Manufacture of motor vehicles, trailers and semi-trailers",2013-10-01,All India,-4.3731778425656,percent YoY growth,monthly,Index of Industrial Production (1).xlsx,
industry,IIP use-based,"Manufacture of motor vehicles, trailers and semi-trailers",2013-11-01,All India,5.03355704697987,percent YoY growth,monthly,Index of Industrial Production (1).xlsx,
industry,IIP use-based,"Manufacture of motor vehicles, trailers and semi-trailers",2013-12-01,All India,-2.51308900523561,percent YoY growth,monthly,Index of Industrial Production (1).xlsx,
industry,IIP use-based,"Manufacture of motor vehicles, trailers and semi-trailers",2014-01-01,All India,-1.67158308751229,percent YoY growth,monthly,Index of Industrial Production (1).xlsx,
industry,IIP use-based,"Manufacture of motor vehicles, trailers and semi-trailers",2014-02-01,All India,0.709939148073025,percent YoY growth,monthly,Index of Industrial Production (1).xlsx,
industry,IIP use-based,"Manufacture of motor vehicles, trailers and semi-trailers",2014-03-01,All India,-1.94264569842738,percent YoY growth,monthly,Index of Industrial Production (1).xlsx,
industry,IIP use-based,"Manufacture of motor vehicles, trailers and semi-trailers",2014-04-01,All India,-3.52941176470588,percent YoY growth,monthly,Index of Industrial Production (1).xlsx,
industry,IIP use-based,"Manufacture of motor vehicles, trailers and semi-trailers",2014-05-01,All India,-4.99040307101728,percent YoY growth,monthly,Index of Industrial Production (1).xlsx,
industry,IIP use-based,"Manufacture of motor vehicles, trailers and semi-trailers",2014-06-01,All India,-0.714285714285717,percent YoY growth,monthly,Index of Industrial Production (1).xlsx,
industry,IIP use-based,"Manufacture of motor vehicles, trailers and semi-trailers",2014-07-01,All India,4.53629032258065,percent YoY growth,monthly,Index of Industrial Production (1).xlsx,
industry,IIP use-based,"Manufacture of motor vehicles, trailers and semi-trailers",2014-08-01,All India,6.51499482936918,percent YoY growth,monthly,Index of Industrial Production (1).xlsx,
industry,IIP use-based,"Manufacture of motor vehicles, trailers and semi-trailers",2014-09-01,All India,8.78447395301327,percent YoY growth,monthly,Index of Industrial Production (1).xlsx,
industry,IIP use-based,"Manufacture of motor vehicles, trailers and semi-trailers",2014-10-01,All India,-3.45528455284553,percent YoY growth,monthly,Index of Industrial Production (1).xlsx,
industry,IIP use-based,"Manufacture of motor vehicles, trailers and semi-trailers",2014-11-01,All India,11.8210862619808,percent YoY growth,monthly,Index of Industrial Production (1).xlsx,
industry,IIP use-based,"Manufacture of motor vehicles, trailers and semi-trailers",2014-12-01,All India,4.29645542427497,percent YoY growth,monthly,Index of Industrial Production (1).xlsx,
industry,IIP use-based,"Manufacture of motor vehicles, trailers and semi-trailers",2015-01-01,All India,2.59999999999999,percent YoY growth,monthly,Index of Industrial Production (1).xlsx,
industry,IIP use-based,"Manufacture of motor vehicles, trailers and semi-trailers",2015-02-01,All India,6.34441087613293,percent YoY growth,monthly,Index of Industrial Production (1).xlsx,
industry,IIP use-based,"Manufacture of motor vehicles, trailers and semi-trailers",2015-03-01,All India,11.1320754716981,percent YoY growth,monthly,Index of Industrial Production (1).xlsx,
industry,IIP use-based,"Manufacture of motor vehicles, trailers and semi-trailers",2015-04-01,All India,0.508130081300813,percent YoY growth,monthly,Index of Industrial Production (1).xlsx,
industry,IIP use-based,"Manufacture of motor vehicles, trailers and semi-trailers",2015-05-01,All India,1.81818181818182,percent YoY growth,monthly,Index of Industrial Production (1).xlsx,
industry,IIP use-based,"Manufacture of motor vehicles, trailers and semi-trailers",2015-06-01,All India,4.21377183967113,percent YoY growth,monthly,Index of Industrial Production (1).xlsx,
industry,IIP use-based,"Manufacture of motor vehicles, trailers and semi-trailers",2015-07-01,All India,5.68948891031822,percent YoY growth,monthly,Index of Industrial Production (1).xlsx,
industry,IIP use-based,"Manufacture of motor vehicles, trailers and semi-trailers",2015-08-01,All India,-1.94174757281553,percent YoY growth,monthly,Index of Industrial Production (1).xlsx,
industry,IIP use-based,"Manufacture of motor vehicles, trailers and semi-trailers",2015-09-01,All India,-3.09859154929577,percent YoY growth,monthly,Index of Industrial Production (1).xlsx,
industry,IIP use-based,"Manufacture of motor vehicles, trailers and semi-trailers",2015-10-01,All India,5.89473684210526,percent YoY growth,monthly,Index of Industrial Production (1).xlsx,
industry,IIP use-based,"Manufacture of motor vehicles, trailers and semi-trailers",2015-11-01,All India,-12.5714285714286,percent YoY growth,monthly,Index of Industrial Production (1).xlsx,
industry,IIP use-based,"Manufacture of motor vehicles, trailers and semi-trailers",2015-12-01,All India,1.23583934088569,percent YoY growth,monthly,Index of Industrial Production (1).xlsx,
industry,IIP use-based,"Manufacture of motor vehicles, trailers and semi-trailers",2016-01-01,All India,-3.99610136452241,percent YoY growth,monthly,Index of Industrial Production (1).xlsx,
industry,IIP use-based,"Manufacture of motor vehicles, trailers and semi-trailers",2016-02-01,All India,-3.50378787878787,percent YoY growth,monthly,Index of Industrial Production (1).xlsx,
industry,IIP use-based,"Manufacture of motor vehicles, trailers and semi-trailers",2016-03-01,All India,-9.33786078098472,percent YoY growth,monthly,Index of Industrial Production (1).xlsx,
industry,IIP use-based,"Manufacture of motor vehicles, trailers and semi-trailers",2016-04-01,All India,0.910010111223449,percent YoY growth,monthly,Index of Industrial Production (1).xlsx,
industry,IIP use-based,"Manufacture of motor vehicles, trailers and semi-trailers",2016-05-01,All India,3.27380952380952,percent YoY growth,monthly,Index of Industrial Production (1).xlsx,
industry,IIP use-based,"Manufacture of motor vehicles, trailers and semi-trailers",2016-06-01,All India,0.0986193293885545,percent YoY growth,monthly,Index of Industrial Production (1).xlsx,
industry,IIP use-based,"Manufacture of motor vehicles, trailers and semi-trailers",2016-07-01,All India,-6.93430656934306,percent YoY growth,monthly,Index of Industrial Production (1).xlsx,
industry,IIP use-based,"Manufacture of motor vehicles, trailers and semi-trailers",2016-08-01,All India,0.297029702970294,percent YoY growth,monthly,Index of Industrial Production (1).xlsx,
industry,IIP use-based,"Manufacture of motor vehicles, trailers and semi-trailers",2016-09-01,All India,-1.84108527131783,percent YoY growth,monthly,Index of Industrial Production (1).xlsx,
industry,IIP use-based,"Manufacture of motor vehicles, trailers and semi-trailers",2016-10-01,All India,0.298210735586492,percent YoY growth,monthly,Index of Industrial Production (1).xlsx,
industry,IIP use-based,"Manufacture of motor vehicles, trailers and semi-trailers",2016-11-01,All India,11.1111111111111,percent YoY growth,monthly,Index of Industrial Production (1).xlsx,
industry,IIP use-based,"Manufacture of motor vehicles, trailers and semi-trailers",2016-12-01,All India,-7.52797558494404,percent YoY growth,monthly,Index of Industrial Production (1).xlsx,
industry,IIP use-based,"Manufacture of motor vehicles, trailers and semi-trailers",2017-01-01,All India,1.92893401015229,percent YoY growth,monthly,Index of Industrial Production (1).xlsx,
industry,IIP use-based,"Manufacture of motor vehicles, trailers and semi-trailers",2017-02-01,All India,1.07948969578017,percent YoY growth,monthly,Index of Industrial Production (1).xlsx,
industry,IIP use-based,"Manufacture of motor vehicles, trailers and semi-trailers",2017-03-01,All India,6.46067415730338,percent YoY growth,monthly,Index of Industrial Production (1).xlsx,
industry,IIP use-based,"Manufacture of motor vehicles, trailers and semi-trailers",2017-04-01,All India,-0.100200400801598,percent YoY growth,monthly,Index of Industrial Production (1).xlsx,
industry,IIP use-based,"Manufacture of motor vehicles, trailers and semi-trailers",2017-05-01,All India,-1.24879923150816,percent YoY growth,monthly,Index of Industrial Production (1).xlsx,
industry,IIP use-based,"Manufacture of motor vehicles, trailers and semi-trailers",2017-06-01,All India,0.591133004926103,percent YoY growth,monthly,Index of Industrial Production (1).xlsx,
industry,IIP use-based,"Manufacture of motor vehicles, trailers and semi-trailers",2017-07-01,All India,7.25490196078432,percent YoY growth,monthly,Index of Industrial Production (1).xlsx,
industry,IIP use-based,"Manufacture of motor vehicles, trailers and semi-trailers",2017-08-01,All India,13.4254689042448,percent YoY growth,monthly,Index of Industrial Production (1).xlsx,
industry,IIP use-based,"Manufacture of motor vehicles, trailers and semi-trailers",2017-09-01,All India,14.8075024679171,percent YoY growth,monthly,Index of Industrial Production (1).xlsx,
industry,IIP use-based,"Manufacture of motor vehicles, trailers and semi-trailers",2017-10-01,All India,12.8840436075322,percent YoY growth,monthly,Index of Industrial Production (1).xlsx,
industry,IIP use-based,"Manufacture of motor vehicles, trailers and semi-trailers",2017-11-01,All India,18.0392156862745,percent YoY growth,monthly,Index of Industrial Production (1).xlsx,
industry,IIP use-based,"Manufacture of motor vehicles, trailers and semi-trailers",2017-12-01,All India,23.982398239824,percent YoY growth,monthly,Index of Industrial Production (1).xlsx,
industry,IIP use-based,"Manufacture of motor vehicles, trailers and semi-trailers",2018-01-01,All India,23.3067729083665,percent YoY growth,monthly,Index of Industrial Production (1).xlsx,
industry,IIP use-based,"Manufacture of motor vehicles, trailers and semi-trailers",2018-02-01,All India,20.0,percent YoY growth,monthly,Index of Industrial Production (1).xlsx,
industry,IIP use-based,"Manufacture of motor vehicles, trailers and semi-trailers",2018-03-01,All India,18.2058047493404,percent YoY growth,monthly,Index of Industrial Production (1).xlsx,
industry,IIP use-based,"Manufacture of motor vehicles, trailers and semi-trailers",2018-04-01,All India,22.9689067201605,percent YoY growth,monthly,Index of Industrial Production (1).xlsx,
industry,IIP use-based,"Manufacture of motor vehicles, trailers and semi-trailers",2018-05-01,All India,23.0544747081712,percent YoY growth,monthly,Index of Industrial Production (1).xlsx,
industry,IIP use-based,"Manufacture of motor vehicles, trailers and semi-trailers",2018-06-01,All India,21.1557296767875,percent YoY growth,monthly,Index of Industrial Production (1).xlsx,
industry,IIP use-based,"Manufacture of motor vehicles, trailers and semi-trailers",2018-07-01,All India,14.7166361974406,percent YoY growth,monthly,Index of Industrial Production (1).xlsx,
industry,IIP use-based,"Manufacture of motor vehicles, trailers and semi-trailers",2018-08-01,All India,11.4012184508268,percent YoY growth,monthly,Index of Industrial Production (1).xlsx,
industry,IIP use-based,"Manufacture of motor vehicles, trailers and semi-trailers",2018-09-01,All India,10.3181427343078,percent YoY growth,monthly,Index of Industrial Production (1).xlsx,
industry,IIP use-based,"Manufacture of motor vehicles, trailers and semi-trailers",2018-10-01,All India,15.9789288849868,percent YoY growth,monthly,Index of Industrial Production (1).xlsx,
industry,IIP use-based,"Manufacture of motor vehicles, trailers and semi-trailers",2018-11-01,All India,-6.3953488372093,percent YoY growth,monthly,Index of Industrial Production (1).xlsx,
industry,IIP use-based,"Manufacture of motor vehicles, trailers and semi-trailers",2018-12-01,All India,-3.01685891748004,percent YoY growth,monthly,Index of Industrial Production (1).xlsx,
industry,IIP use-based,"Manufacture of motor vehicles, trailers and semi-trailers",2019-01-01,All India,-2.50403877221324,percent YoY growth,monthly,Index of Industrial Production (1).xlsx,
industry,IIP use-based,"Manufacture of motor vehicles, trailers and semi-trailers",2019-02-01,All India,-5.2588996763754,percent YoY growth,monthly,Index of Industrial Production (1).xlsx,
industry,IIP use-based,"Manufacture of motor vehicles, trailers and semi-trailers",2019-03-01,All India,-6.54761904761906,percent YoY growth,monthly,Index of Industrial Production (1).xlsx,
industry,IIP use-based,"Manufacture of motor vehicles, trailers and semi-trailers",2019-04-01,All India,-4.97553017944535,percent YoY growth,monthly,Index of Industrial Production (1).xlsx,
industry,IIP use-based,"Manufacture of motor vehicles, trailers and semi-trailers",2019-05-01,All India,-6.40316205533596,percent YoY growth,monthly,Index of Industrial Production (1).xlsx,
industry,IIP use-based,"Manufacture of motor vehicles, trailers and semi-trailers",2019-06-01,All India,-14.7130153597413,percent YoY growth,monthly,Index of Industrial Production (1).xlsx,
industry,IIP use-based,"Manufacture of motor vehicles, trailers and semi-trailers",2019-07-01,All India,-12.7490039840637,percent YoY growth,monthly,Index of Industrial Production (1).xlsx,
industry,IIP use-based,"Manufacture of motor vehicles, trailers and semi-trailers",2019-08-01,All India,-25.0,percent YoY growth,monthly,Index of Industrial Production (1).xlsx,
industry,IIP use-based,"Manufacture of motor vehicles, trailers and semi-trailers",2019-09-01,All India,-25.9547934528449,percent YoY growth,monthly,Index of Industrial Production (1).xlsx,
industry,IIP use-based,"Manufacture of motor vehicles, trailers and semi-trailers",2019-10-01,All India,-29.9772899318698,percent YoY growth,monthly,Index of Industrial Production (1).xlsx,
industry,IIP use-based,"Manufacture of motor vehicles, trailers and semi-trailers",2019-11-01,All India,-11.9787045252884,percent YoY growth,monthly,Index of Industrial Production (1).xlsx,
industry,IIP use-based,"Manufacture of motor vehicles, trailers and semi-trailers",2019-12-01,All India,-11.6193961573651,percent YoY growth,monthly,Index of Industrial Production (1).xlsx,
industry,IIP use-based,"Manufacture of motor vehicles, trailers and semi-trailers",2020-01-01,All India,-10.1905550952775,percent YoY growth,monthly,Index of Industrial Production (1).xlsx,
industry,IIP use-based,"Manufacture of motor vehicles, trailers and semi-trailers",2020-02-01,All India,-14.602903501281,percent YoY growth,monthly,Index of Industrial Production (1).xlsx,
industry,IIP use-based,"Manufacture of motor vehicles, trailers and semi-trailers",2020-03-01,All India,-48.8853503184713,percent YoY growth,monthly,Index of Industrial Production (1).xlsx,
industry,IIP use-based,"Manufacture of motor vehicles, trailers and semi-trailers",2020-04-01,All India,-99.3991416309013,percent YoY growth,monthly,Index of Industrial Production (1).xlsx,
industry,IIP use-based,"Manufacture of motor vehicles, trailers and semi-trailers",2020-05-01,All India,-82.5168918918919,percent YoY growth,monthly,Index of Industrial Production (1).xlsx,
industry,IIP use-based,"Manufacture of motor vehicles, trailers and semi-trailers",2020-06-01,All India,-49.0995260663507,percent YoY growth,monthly,Index of Industrial Production (1).xlsx,
industry,IIP use-based,"Manufacture of motor vehicles, trailers and semi-trailers",2020-07-01,All India,-32.8767123287671,percent YoY growth,monthly,Index of Industrial Production (1).xlsx,
industry,IIP use-based,"Manufacture of motor vehicles, trailers and semi-trailers",2020-08-01,All India,-11.4583333333333,percent YoY growth,monthly,Index of Industrial Production (1).xlsx,
industry,IIP use-based,"Manufacture of motor vehicles, trailers and semi-trailers",2020-09-01,All India,4.73684210526316,percent YoY growth,monthly,Index of Industrial Production (1).xlsx,
industry,IIP use-based,"Manufacture of motor vehicles, trailers and semi-trailers",2020-10-01,All India,18.8108108108108,percent YoY growth,monthly,Index of Industrial Production (1).xlsx,
industry,IIP use-based,"Manufacture of motor vehicles, trailers and semi-trailers",2020-11-01,All India,0.0,percent YoY growth,monthly,Index of Industrial Production (1).xlsx,
industry,IIP use-based,"Manufacture of motor vehicles, trailers and semi-trailers",2020-12-01,All India,6.83229813664597,percent YoY growth,monthly,Index of Industrial Production (1).xlsx,
industry,IIP use-based,"Manufacture of motor vehicles, trailers and semi-trailers",2021-01-01,All India,-0.553505535055358,percent YoY growth,monthly,Index of Industrial Production (1).xlsx,
industry,IIP use-based,"Manufacture of motor vehicles, trailers and semi-trailers",2021-02-01,All India,5.59999999999999,percent YoY growth,monthly,Index of Industrial Production (1).xlsx,
industry,IIP use-based,"Manufacture of motor vehicles, trailers and semi-trailers",2021-03-01,All India,78.9719626168224,percent YoY growth,monthly,Index of Industrial Production (1).xlsx,
industry,IIP use-based,"Manufacture of motor vehicles, trailers and semi-trailers",2021-05-01,All India,185.990338164251,percent YoY growth,monthly,Index of Industrial Production (1).xlsx,
industry,IIP use-based,"Manufacture of motor vehicles, trailers and semi-trailers",2021-06-01,All India,63.5009310986965,percent YoY growth,monthly,Index of Industrial Production (1).xlsx,
industry,IIP use-based,"Manufacture of motor vehicles, trailers and semi-trailers",2021-07-01,All India,37.687074829932,percent YoY growth,monthly,Index of Industrial Production (1).xlsx,
industry,IIP use-based,"Manufacture of motor vehicles, trailers and semi-trailers",2021-08-01,All India,10.0,percent YoY growth,monthly,Index of Industrial Production (1).xlsx,
industry,IIP use-based,"Manufacture of motor vehicles, trailers and semi-trailers",2021-09-01,All India,-8.84422110552764,percent YoY growth,monthly,Index of Industrial Production (1).xlsx,
industry,IIP use-based,"Manufacture of motor vehicles, trailers and semi-trailers",2021-10-01,All India,-10.6460418562329,percent YoY growth,monthly,Index of Industrial Production (1).xlsx,
industry,IIP use-based,"Manufacture of motor vehicles, trailers and semi-trailers",2021-11-01,All India,-5.9475806451613,percent YoY growth,monthly,Index of Industrial Production (1).xlsx,
industry,IIP use-based,"Manufacture of motor vehicles, trailers and semi-trailers",2021-12-01,All India,-5.32945736434109,percent YoY growth,monthly,Index of Industrial Production (1).xlsx,
industry,IIP use-based,"Manufacture of motor vehicles, trailers and semi-trailers",2022-01-01,All India,-2.78293135435993,percent YoY growth,monthly,Index of Industrial Production (1).xlsx,
industry,IIP use-based,"Manufacture of motor vehicles, trailers and semi-trailers",2022-02-01,All India,2.08333333333334,percent YoY growth,monthly,Index of Industrial Production (1).xlsx,
industry,IIP use-based,"Manufacture of motor vehicles, trailers and semi-trailers",2022-03-01,All India,0.0870322019147035,percent YoY growth,monthly,Index of Industrial Production (1).xlsx,
industry,IIP use-based,"Manufacture of motor vehicles, trailers and semi-trailers",2022-04-01,All India,6.45792563600782,percent YoY growth,monthly,Index of Industrial Production (1).xlsx,
industry,IIP use-based,"Manufacture of motor vehicles, trailers and semi-trailers",2022-05-01,All India,87.3310810810811,percent YoY growth,monthly,Index of Industrial Production (1).xlsx,
industry,IIP use-based,"Manufacture of motor vehicles, trailers and semi-trailers",2022-06-01,All India,31.2072892938497,percent YoY growth,monthly,Index of Industrial Production (1).xlsx,
industry,IIP use-based,"Manufacture of motor vehicles, trailers and semi-trailers",2022-07-01,All India,17.7865612648221,percent YoY growth,monthly,Index of Industrial Production (1).xlsx,
industry,IIP use-based,"Manufacture of motor vehicles, trailers and semi-trailers",2022-08-01,All India,22.6737967914439,percent YoY growth,monthly,Index of Industrial Production (1).xlsx,
industry,IIP use-based,"Manufacture of motor vehicles, trailers and semi-trailers",2022-09-01,All India,29.7684674751929,percent YoY growth,monthly,Index of Industrial Production (1).xlsx,
industry,IIP use-based,"Manufacture of motor vehicles, trailers and semi-trailers",2022-10-01,All India,10.7942973523422,percent YoY growth,monthly,Index of Industrial Production (1).xlsx,
industry,IIP use-based,"Manufacture of motor vehicles, trailers and semi-trailers",2022-11-01,All India,22.0793140407288,percent YoY growth,monthly,Index of Industrial Production (1).xlsx,
industry,IIP use-based,"Manufacture of motor vehicles, trailers and semi-trailers",2022-12-01,All India,9.92835209825998,percent YoY growth,monthly,Index of Industrial Production (1).xlsx,
industry,IIP use-based,"Manufacture of motor vehicles, trailers and semi-trailers",2023-01-01,All India,12.7862595419847,percent YoY growth,monthly,Index of Industrial Production (1).xlsx,
industry,IIP use-based,"Manufacture of motor vehicles, trailers and semi-trailers",2023-02-01,All India,8.34879406307978,percent YoY growth,monthly,Index of Industrial Production (1).xlsx,
industry,IIP use-based,"Manufacture of motor vehicles, trailers and semi-trailers",2023-03-01,All India,6.43478260869566,percent YoY growth,monthly,Index of Industrial Production (1).xlsx,
industry,IIP use-based,"Manufacture of motor vehicles, trailers and semi-trailers",2023-04-01,All India,3.76838235294118,percent YoY growth,monthly,Index of Industrial Production (1).xlsx,
industry,IIP use-based,"Manufacture of motor vehicles, trailers and semi-trailers",2023-05-01,All India,13.7060414788097,percent YoY growth,monthly,Index of Industrial Production (1).xlsx,
industry,IIP use-based,"Manufacture of motor vehicles, trailers and semi-trailers",2023-06-01,All India,7.29166666666666,percent YoY growth,monthly,Index of Industrial Production (1).xlsx,
industry,IIP use-based,"Manufacture of motor vehicles, trailers and semi-trailers",2023-07-01,All India,8.64093959731543,percent YoY growth,monthly,Index of Industrial Production (1).xlsx,
industry,IIP use-based,"Manufacture of motor vehicles, trailers and semi-trailers",2023-08-01,All India,12.1185701830863,percent YoY growth,monthly,Index of Industrial Production (1).xlsx,
industry,IIP use-based,"Manufacture of motor vehicles, trailers and semi-trailers",2023-09-01,All India,10.875106202209,percent YoY growth,monthly,Index of Industrial Production (1).xlsx,
industry,IIP use-based,"Manufacture of motor vehicles, trailers and semi-trailers",2023-10-01,All India,24.7242647058823,percent YoY growth,monthly,Index of Industrial Production (1).xlsx,
industry,IIP use-based,"Manufacture of motor vehicles, trailers and semi-trailers",2023-11-01,All India,11.2379280070237,percent YoY growth,monthly,Index of Industrial Production (1).xlsx,
industry,IIP use-based,"Manufacture of motor vehicles, trailers and semi-trailers",2023-12-01,All India,10.3351955307263,percent YoY growth,monthly,Index of Industrial Production (1).xlsx,
industry,IIP use-based,"Manufacture of motor vehicles, trailers and semi-trailers",2024-01-01,All India,18.8663282571912,percent YoY growth,monthly,Index of Industrial Production (1).xlsx,
industry,IIP use-based,"Manufacture of motor vehicles, trailers and semi-trailers",2024-02-01,All India,11.6438356164384,percent YoY growth,monthly,Index of Industrial Production (1).xlsx,
industry,IIP use-based,"Manufacture of motor vehicles, trailers and semi-trailers",2024-03-01,All India,6.61764705882352,percent YoY growth,monthly,Index of Industrial Production (1).xlsx,
industry,IIP use-based,"Manufacture of motor vehicles, trailers and semi-trailers",2024-04-01,All India,12.0460584588131,percent YoY growth,monthly,Index of Industrial Production (1).xlsx,
industry,IIP use-based,"Manufacture of motor vehicles, trailers and semi-trailers",2024-05-01,All India,6.58207771609835,percent YoY growth,monthly,Index of Industrial Production (1).xlsx,
industry,IIP use-based,"Manufacture of motor vehicles, trailers and semi-trailers",2024-06-01,All India,4.28802588996765,percent YoY growth,monthly,Index of Industrial Production (1).xlsx,
industry,IIP use-based,"Manufacture of motor vehicles, trailers and semi-trailers",2024-07-01,All India,3.08880308880309,percent YoY growth,monthly,Index of Industrial Production (1).xlsx,
industry,IIP use-based,"Manufacture of motor vehicles, trailers and semi-trailers",2024-08-01,All India,0.466562986003106,percent YoY growth,monthly,Index of Industrial Production (1).xlsx,
industry,IIP use-based,"Manufacture of motor vehicles, trailers and semi-trailers",2024-09-01,All India,1.60919540229885,percent YoY growth,monthly,Index of Industrial Production (1).xlsx,
industry,IIP use-based,"Manufacture of motor vehicles, trailers and semi-trailers",2024-10-01,All India,-1.69491525423728,percent YoY growth,monthly,Index of Industrial Production (1).xlsx,
industry,IIP use-based,"Manufacture of motor vehicles, trailers and semi-trailers",2024-11-01,All India,6.07734806629834,percent YoY growth,monthly,Index of Industrial Production (1).xlsx,
industry,IIP use-based,"Manufacture of motor vehicles, trailers and semi-trailers",2024-12-01,All India,-2.10970464135021,percent YoY growth,monthly,Index of Industrial Production (1).xlsx,
industry,IIP use-based,"Manufacture of motor vehicles, trailers and semi-trailers",2025-01-01,All India,5.55160142348755,percent YoY growth,monthly,Index of Industrial Production (1).xlsx,
industry,IIP use-based,"Manufacture of motor vehicles, trailers and semi-trailers",2025-02-01,All India,8.89570552147239,percent YoY growth,monthly,Index of Industrial Production (1).xlsx,
industry,IIP use-based,"Manufacture of motor vehicles, trailers and semi-trailers",2025-03-01,All India,11.3409961685824,percent YoY growth,monthly,Index of Industrial Production (1).xlsx,
industry,IIP use-based,"Manufacture of motor vehicles, trailers and semi-trailers",2025-04-01,All India,15.9683794466403,percent YoY growth,monthly,Index of Industrial Production (1).xlsx,
industry,IIP use-based,"Manufacture of motor vehicles, trailers and semi-trailers",2025-05-01,All India,6.17559523809523,percent YoY growth,monthly,Index of Industrial Production (1).xlsx,
industry,IIP use-based,"Manufacture of motor vehicles, trailers and semi-trailers",2025-06-01,All India,3.95655546935609,percent YoY growth,monthly,Index of Industrial Production (1).xlsx,
industry,IIP use-based,"Manufacture of motor vehicles, trailers and semi-trailers",2025-07-01,All India,7.64044943820224,percent YoY growth,monthly,Index of Industrial Production (1).xlsx,
industry,IIP use-based,"Manufacture of motor vehicles, trailers and semi-trailers",2025-08-01,All India,9.59752321981425,percent YoY growth,monthly,Index of Industrial Production (1).xlsx,
industry,IIP use-based,"Manufacture of motor vehicles, trailers and semi-trailers",2025-09-01,All India,15.0829562594269,percent YoY growth,monthly,Index of Industrial Production (1).xlsx,
industry,IIP use-based,"Manufacture of motor vehicles, trailers and semi-trailers",2025-10-01,All India,5.09745127436281,percent YoY growth,monthly,Index of Industrial Production (1).xlsx,
industry,IIP use-based,"Manufacture of motor vehicles, trailers and semi-trailers",2025-11-01,All India,11.8303571428571,percent YoY growth,monthly,Index of Industrial Production (1).xlsx,
industry,IIP use-based,"Manufacture of motor vehicles, trailers and semi-trailers",2025-12-01,All India,33.5344827586207,percent YoY growth,monthly,Index of Industrial Production (1).xlsx,
industry,IIP use-based,"Manufacture of motor vehicles, trailers and semi-trailers",2026-01-01,All India,10.9912339851652,percent YoY growth,monthly,Index of Industrial Production (1).xlsx,
industry,IIP use-based,"Manufacture of motor vehicles, trailers and semi-trailers",2026-02-01,All India,14.3661971830986,percent YoY growth,monthly,Index of Industrial Production (1).xlsx,
industry,IIP use-based,"Manufacture of motor vehicles, trailers and semi-trailers",2026-03-01,All India,18.100481761872,percent YoY growth,monthly,Index of Industrial Production (1).xlsx,
industry,IIP use-based,Manufacture of other non-metallic mineral products,2013-04-01,All India,3.83480825958701,percent YoY growth,monthly,Index of Industrial Production (1).xlsx,
industry,IIP use-based,Manufacture of other non-metallic mineral products,2013-05-01,All India,0.957854406130268,percent YoY growth,monthly,Index of Industrial Production (1).xlsx,
industry,IIP use-based,Manufacture of other non-metallic mineral products,2013-06-01,All India,0.810536980749744,percent YoY growth,monthly,Index of Industrial Production (1).xlsx,
industry,IIP use-based,Manufacture of other non-metallic mineral products,2013-07-01,All India,-2.70812437311936,percent YoY growth,monthly,Index of Industrial Production (1).xlsx,
industry,IIP use-based,Manufacture of other non-metallic mineral products,2013-08-01,All India,-3.91120507399576,percent YoY growth,monthly,Index of Industrial Production (1).xlsx,
industry,IIP use-based,Manufacture of other non-metallic mineral products,2013-09-01,All India,0.818833162743088,percent YoY growth,monthly,Index of Industrial Production (1).xlsx,
industry,IIP use-based,Manufacture of other non-metallic mineral products,2013-10-01,All India,-3.27552986512523,percent YoY growth,monthly,Index of Industrial Production (1).xlsx,
industry,IIP use-based,Manufacture of other non-metallic mineral products,2013-11-01,All India,-0.106609808102339,percent YoY growth,monthly,Index of Industrial Production (1).xlsx,
industry,IIP use-based,Manufacture of other non-metallic mineral products,2013-12-01,All India,-0.841121495327108,percent YoY growth,monthly,Index of Industrial Production (1).xlsx,
industry,IIP use-based,Manufacture of other non-metallic mineral products,2014-01-01,All India,0.622222222222225,percent YoY growth,monthly,Index of Industrial Production (1).xlsx,
industry,IIP use-based,Manufacture of other non-metallic mineral products,2014-02-01,All India,3.21324245374878,percent YoY growth,monthly,Index of Industrial Production (1).xlsx,
industry,IIP use-based,Manufacture of other non-metallic mineral products,2014-03-01,All India,2.44932432432432,percent YoY growth,monthly,Index of Industrial Production (1).xlsx,
industry,IIP use-based,Manufacture of other non-metallic mineral products,2014-04-01,All India,8.80681818181819,percent YoY growth,monthly,Index of Industrial Production (1).xlsx,
industry,IIP use-based,Manufacture of other non-metallic mineral products,2014-05-01,All India,9.29791271347248,percent YoY growth,monthly,Index of Industrial Production (1).xlsx,
industry,IIP use-based,Manufacture of other non-metallic mineral products,2014-06-01,All India,10.4522613065327,percent YoY growth,monthly,Index of Industrial Production (1).xlsx,
industry,IIP use-based,Manufacture of other non-metallic mineral products,2014-07-01,All India,13.4020618556701,percent YoY growth,monthly,Index of Industrial Production (1).xlsx,
industry,IIP use-based,Manufacture of other non-metallic mineral products,2014-08-01,All India,11.001100110011,percent YoY growth,monthly,Index of Industrial Production (1).xlsx,
industry,IIP use-based,Manufacture of other non-metallic mineral products,2014-09-01,All India,7.41116751269035,percent YoY growth,monthly,Index of Industrial Production (1).xlsx,
industry,IIP use-based,Manufacture of other non-metallic mineral products,2014-10-01,All India,2.09163346613545,percent YoY growth,monthly,Index of Industrial Production (1).xlsx,
industry,IIP use-based,Manufacture of other non-metallic mineral products,2014-11-01,All India,5.65635005336179,percent YoY growth,monthly,Index of Industrial Production (1).xlsx,
industry,IIP use-based,Manufacture of other non-metallic mineral products,2014-12-01,All India,4.995287464656,percent YoY growth,monthly,Index of Industrial Production (1).xlsx,
industry,IIP use-based,Manufacture of other non-metallic mineral products,2015-01-01,All India,-0.971731448763258,percent YoY growth,monthly,Index of Industrial Production (1).xlsx,
industry,IIP use-based,Manufacture of other non-metallic mineral products,2015-02-01,All India,-1.98113207547169,percent YoY growth,monthly,Index of Industrial Production (1).xlsx,
industry,IIP use-based,Manufacture of other non-metallic mineral products,2015-03-01,All India,-6.84253915910964,percent YoY growth,monthly,Index of Industrial Production (1).xlsx,
industry,IIP use-based,Manufacture of other non-metallic mineral products,2015-04-01,All India,-5.30896431679722,percent YoY growth,monthly,Index of Industrial Production (1).xlsx,
industry,IIP use-based,Manufacture of other non-metallic mineral products,2015-05-01,All India,-3.12500000000001,percent YoY growth,monthly,Index of Industrial Production (1).xlsx,
industry,IIP use-based,Manufacture of other non-metallic mineral products,2015-06-01,All India,0.0,percent YoY growth,monthly,Index of Industrial Production (1).xlsx,
industry,IIP use-based,Manufacture of other non-metallic mineral products,2015-07-01,All India,-3.18181818181818,percent YoY growth,monthly,Index of Industrial Production (1).xlsx,
industry,IIP use-based,Manufacture of other non-metallic mineral products,2015-08-01,All India,2.0812685827552,percent YoY growth,monthly,Index of Industrial Production (1).xlsx,
industry,IIP use-based,Manufacture of other non-metallic mineral products,2015-09-01,All India,-2.93005671077504,percent YoY growth,monthly,Index of Industrial Production (1).xlsx,
industry,IIP use-based,Manufacture of other non-metallic mineral products,2015-10-01,All India,6.14634146341463,percent YoY growth,monthly,Index of Industrial Production (1).xlsx,
industry,IIP use-based,Manufacture of other non-metallic mineral products,2015-11-01,All India,0.808080808080805,percent YoY growth,monthly,Index of Industrial Production (1).xlsx,
industry,IIP use-based,Manufacture of other non-metallic mineral products,2015-12-01,All India,1.43626570915619,percent YoY growth,monthly,Index of Industrial Production (1).xlsx,
industry,IIP use-based,Manufacture of other non-metallic mineral products,2016-01-01,All India,6.4228367528992,percent YoY growth,monthly,Index of Industrial Production (1).xlsx,
industry,IIP use-based,Manufacture of other non-metallic mineral products,2016-02-01,All India,13.4744947064485,percent YoY growth,monthly,Index of Industrial Production (1).xlsx,
industry,IIP use-based,Manufacture of other non-metallic mineral products,2016-03-01,All India,9.29203539823009,percent YoY growth,monthly,Index of Industrial Production (1).xlsx,
industry,IIP use-based,Manufacture of other non-metallic mineral products,2016-04-01,All India,4.13602941176471,percent YoY growth,monthly,Index of Industrial Production (1).xlsx,
industry,IIP use-based,Manufacture of other non-metallic mineral products,2016-05-01,All India,3.85304659498209,percent YoY growth,monthly,Index of Industrial Production (1).xlsx,
industry,IIP use-based,Manufacture of other non-metallic mineral products,2016-06-01,All India,9.09918107370337,percent YoY growth,monthly,Index of Industrial Production (1).xlsx,
industry,IIP use-based,Manufacture of other non-metallic mineral products,2016-07-01,All India,3.09859154929577,percent YoY growth,monthly,Index of Industrial Production (1).xlsx,
industry,IIP use-based,Manufacture of other non-metallic mineral products,2016-08-01,All India,3.98058252427184,percent YoY growth,monthly,Index of Industrial Production (1).xlsx,
industry,IIP use-based,Manufacture of other non-metallic mineral products,2016-09-01,All India,5.25803310613436,percent YoY growth,monthly,Index of Industrial Production (1).xlsx,
industry,IIP use-based,Manufacture of other non-metallic mineral products,2016-10-01,All India,2.75735294117647,percent YoY growth,monthly,Index of Industrial Production (1).xlsx,
industry,IIP use-based,Manufacture of other non-metallic mineral products,2016-11-01,All India,1.20240480961924,percent YoY growth,monthly,Index of Industrial Production (1).xlsx,
industry,IIP use-based,Manufacture of other non-metallic mineral products,2016-12-01,All India,-8.14159292035398,percent YoY growth,monthly,Index of Industrial Production (1).xlsx,
industry,IIP use-based,Manufacture of other non-metallic mineral products,2017-01-01,All India,-11.5674769488684,percent YoY growth,monthly,Index of Industrial Production (1).xlsx,
industry,IIP use-based,Manufacture of other non-metallic mineral products,2017-02-01,All India,-12.5530110262935,percent YoY growth,monthly,Index of Industrial Production (1).xlsx,
industry,IIP use-based,Manufacture of other non-metallic mineral products,2017-03-01,All India,-3.7246963562753,percent YoY growth,monthly,Index of Industrial Production (1).xlsx,
industry,IIP use-based,Manufacture of other non-metallic mineral products,2017-04-01,All India,-2.38305383936452,percent YoY growth,monthly,Index of Industrial Production (1).xlsx,
industry,IIP use-based,Manufacture of other non-metallic mineral products,2017-05-01,All India,-1.63934426229509,percent YoY growth,monthly,Index of Industrial Production (1).xlsx,
industry,IIP use-based,Manufacture of other non-metallic mineral products,2017-06-01,All India,-5.50458715596331,percent YoY growth,monthly,Index of Industrial Production (1).xlsx,
industry,IIP use-based,Manufacture of other non-metallic mineral products,2017-07-01,All India,-0.546448087431689,percent YoY growth,monthly,Index of Industrial Production (1).xlsx,
industry,IIP use-based,Manufacture of other non-metallic mineral products,2017-08-01,All India,-1.68067226890756,percent YoY growth,monthly,Index of Industrial Production (1).xlsx,
industry,IIP use-based,Manufacture of other non-metallic mineral products,2017-09-01,All India,-4.53283996299722,percent YoY growth,monthly,Index of Industrial Production (1).xlsx,
industry,IIP use-based,Manufacture of other non-metallic mineral products,2017-10-01,All India,-2.32558139534883,percent YoY growth,monthly,Index of Industrial Production (1).xlsx,
industry,IIP use-based,Manufacture of other non-metallic mineral products,2017-11-01,All India,9.40594059405941,percent YoY growth,monthly,Index of Industrial Production (1).xlsx,
industry,IIP use-based,Manufacture of other non-metallic mineral products,2017-12-01,All India,14.7398843930636,percent YoY growth,monthly,Index of Industrial Production (1).xlsx,
industry,IIP use-based,Manufacture of other non-metallic mineral products,2018-01-01,All India,17.8199052132701,percent YoY growth,monthly,Index of Industrial Production (1).xlsx,
industry,IIP use-based,Manufacture of other non-metallic mineral products,2018-02-01,All India,15.2279340446169,percent YoY growth,monthly,Index of Industrial Production (1).xlsx,
industry,IIP use-based,Manufacture of other non-metallic mineral products,2018-03-01,All India,9.16736753574433,percent YoY growth,monthly,Index of Industrial Production (1).xlsx,
industry,IIP use-based,Manufacture of other non-metallic mineral products,2018-04-01,All India,13.9240506329114,percent YoY growth,monthly,Index of Industrial Production (1).xlsx,
industry,IIP use-based,Manufacture of other non-metallic mineral products,2018-05-01,All India,10.1754385964912,percent YoY growth,monthly,Index of Industrial Production (1).xlsx,
industry,IIP use-based,Manufacture of other non-metallic mineral products,2018-06-01,All India,12.5330979699912,percent YoY growth,monthly,Index of Industrial Production (1).xlsx,
industry,IIP use-based,Manufacture of other non-metallic mineral products,2018-07-01,All India,5.58608058608058,percent YoY growth,monthly,Index of Industrial Production (1).xlsx,
industry,IIP use-based,Manufacture of other non-metallic mineral products,2018-08-01,All India,9.59164292497627,percent YoY growth,monthly,Index of Industrial Production (1).xlsx,
industry,IIP use-based,Manufacture of other non-metallic mineral products,2018-09-01,All India,11.3372093023256,percent YoY growth,monthly,Index of Industrial Production (1).xlsx,
industry,IIP use-based,Manufacture of other non-metallic mineral products,2018-10-01,All India,14.1941391941392,percent YoY growth,monthly,Index of Industrial Production (1).xlsx,
industry,IIP use-based,Manufacture of other non-metallic mineral products,2018-11-01,All India,4.52488687782805,percent YoY growth,monthly,Index of Industrial Production (1).xlsx,
industry,IIP use-based,Manufacture of other non-metallic mineral products,2018-12-01,All India,5.96137699412259,percent YoY growth,monthly,Index of Industrial Production (1).xlsx,
industry,IIP use-based,Manufacture of other non-metallic mineral products,2019-01-01,All India,4.58567980691875,percent YoY growth,monthly,Index of Industrial Production (1).xlsx,
industry,IIP use-based,Manufacture of other non-metallic mineral products,2019-02-01,All India,2.60942760942762,percent YoY growth,monthly,Index of Industrial Production (1).xlsx,
industry,IIP use-based,Manufacture of other non-metallic mineral products,2019-03-01,All India,8.24345146379044,percent YoY growth,monthly,Index of Industrial Production (1).xlsx,
industry,IIP use-based,Manufacture of other non-metallic mineral products,2019-04-01,All India,0.158730158730161,percent YoY growth,monthly,Index of Industrial Production (1).xlsx,
industry,IIP use-based,Manufacture of other non-metallic mineral products,2019-05-01,All India,-0.0796178343949,percent YoY growth,monthly,Index of Industrial Production (1).xlsx,
industry,IIP use-based,Manufacture of other non-metallic mineral products,2019-06-01,All India,-3.76470588235294,percent YoY growth,monthly,Index of Industrial Production (1).xlsx,
industry,IIP use-based,Manufacture of other non-metallic mineral products,2019-07-01,All India,6.93842150910668,percent YoY growth,monthly,Index of Industrial Production (1).xlsx,
industry,IIP use-based,Manufacture of other non-metallic mineral products,2019-08-01,All India,-4.67937608318891,percent YoY growth,monthly,Index of Industrial Production (1).xlsx,
industry,IIP use-based,Manufacture of other non-metallic mineral products,2019-09-01,All India,-2.34986945169713,percent YoY growth,monthly,Index of Industrial Production (1).xlsx,
industry,IIP use-based,Manufacture of other non-metallic mineral products,2019-10-01,All India,-9.22213311948677,percent YoY growth,monthly,Index of Industrial Production (1).xlsx,
industry,IIP use-based,Manufacture of other non-metallic mineral products,2019-11-01,All India,1.38528138528138,percent YoY growth,monthly,Index of Industrial Production (1).xlsx,
industry,IIP use-based,Manufacture of other non-metallic mineral products,2019-12-01,All India,2.06022187004755,percent YoY growth,monthly,Index of Industrial Production (1).xlsx,
industry,IIP use-based,Manufacture of other non-metallic mineral products,2020-01-01,All India,4.15384615384616,percent YoY growth,monthly,Index of Industrial Production (1).xlsx,
industry,IIP use-based,Manufacture of other non-metallic mineral products,2020-02-01,All India,9.51599671862182,percent YoY growth,monthly,Index of Industrial Production (1).xlsx,
industry,IIP use-based,Manufacture of other non-metallic mineral products,2020-03-01,All India,-23.7010676156584,percent YoY growth,monthly,Index of Industrial Production (1).xlsx,
industry,IIP use-based,Manufacture of other non-metallic mineral products,2020-04-01,All India,-86.608557844691,percent YoY growth,monthly,Index of Industrial Production (1).xlsx,
industry,IIP use-based,Manufacture of other non-metallic mineral products,2020-05-01,All India,-27.3306772908367,percent YoY growth,monthly,Index of Industrial Production (1).xlsx,
industry,IIP use-based,Manufacture of other non-metallic mineral products,2020-06-01,All India,-10.0244498777506,percent YoY growth,monthly,Index of Industrial Production (1).xlsx,
industry,IIP use-based,Manufacture of other non-metallic mineral products,2020-07-01,All India,-14.5174371451744,percent YoY growth,monthly,Index of Industrial Production (1).xlsx,
industry,IIP use-based,Manufacture of other non-metallic mineral products,2020-08-01,All India,-12.5454545454545,percent YoY growth,monthly,Index of Industrial Production (1).xlsx,
industry,IIP use-based,Manufacture of other non-metallic mineral products,2020-09-01,All India,-7.48663101604279,percent YoY growth,monthly,Index of Industrial Production (1).xlsx,
industry,IIP use-based,Manufacture of other non-metallic mineral products,2020-10-01,All India,3.44522968197879,percent YoY growth,monthly,Index of Industrial Production (1).xlsx,
industry,IIP use-based,Manufacture of other non-metallic mineral products,2020-11-01,All India,-3.75747224594363,percent YoY growth,monthly,Index of Industrial Production (1).xlsx,
industry,IIP use-based,Manufacture of other non-metallic mineral products,2020-12-01,All India,-4.81366459627331,percent YoY growth,monthly,Index of Industrial Production (1).xlsx,
industry,IIP use-based,Manufacture of other non-metallic mineral products,2021-01-01,All India,-6.05612998522895,percent YoY growth,monthly,Index of Industrial Production (1).xlsx,
industry,IIP use-based,Manufacture of other non-metallic mineral products,2021-02-01,All India,-6.81647940074906,percent YoY growth,monthly,Index of Industrial Production (1).xlsx,
industry,IIP use-based,Manufacture of other non-metallic mineral products,2021-03-01,All India,30.8768656716418,percent YoY growth,monthly,Index of Industrial Production (1).xlsx,
industry,IIP use-based,Manufacture of other non-metallic mineral products,2021-05-01,All India,20.7236842105263,percent YoY growth,monthly,Index of Industrial Production (1).xlsx,
industry,IIP use-based,Manufacture of other non-metallic mineral products,2021-06-01,All India,7.97101449275362,percent YoY growth,monthly,Index of Industrial Production (1).xlsx,
industry,IIP use-based,Manufacture of other non-metallic mineral products,2021-07-01,All India,20.3984819734345,percent YoY growth,monthly,Index of Industrial Production (1).xlsx,
industry,IIP use-based,Manufacture of other non-metallic mineral products,2021-08-01,All India,27.027027027027,percent YoY growth,monthly,Index of Industrial Production (1).xlsx,
industry,IIP use-based,Manufacture of other non-metallic mineral products,2021-09-01,All India,11.4643545279384,percent YoY growth,monthly,Index of Industrial Production (1).xlsx,
industry,IIP use-based,Manufacture of other non-metallic mineral products,2021-10-01,All India,10.333048676345,percent YoY growth,monthly,Index of Industrial Production (1).xlsx,
industry,IIP use-based,Manufacture of other non-metallic mineral products,2021-11-01,All India,-3.19432120674357,percent YoY growth,monthly,Index of Industrial Production (1).xlsx,
industry,IIP use-based,Manufacture of other non-metallic mineral products,2021-12-01,All India,8.48287112561175,percent YoY growth,monthly,Index of Industrial Production (1).xlsx,
industry,IIP use-based,Manufacture of other non-metallic mineral products,2022-01-01,All India,11.2421383647799,percent YoY growth,monthly,Index of Industrial Production (1).xlsx,
industry,IIP use-based,Manufacture of other non-metallic mineral products,2022-02-01,All India,7.71704180064308,percent YoY growth,monthly,Index of Industrial Production (1).xlsx,
industry,IIP use-based,Manufacture of other non-metallic mineral products,2022-03-01,All India,9.97861724875267,percent YoY growth,monthly,Index of Industrial Production (1).xlsx,
industry,IIP use-based,Manufacture of other non-metallic mineral products,2022-04-01,All India,6.94769711163154,percent YoY growth,monthly,Index of Industrial Production (1).xlsx,
industry,IIP use-based,Manufacture of other non-metallic mineral products,2022-05-01,All India,22.0708446866485,percent YoY growth,monthly,Index of Industrial Production (1).xlsx,
industry,IIP use-based,Manufacture of other non-metallic mineral products,2022-06-01,All India,19.6308724832215,percent YoY growth,monthly,Index of Industrial Production (1).xlsx,
industry,IIP use-based,Manufacture of other non-metallic mineral products,2022-07-01,All India,0.0,percent YoY growth,monthly,Index of Industrial Production (1).xlsx,
industry,IIP use-based,Manufacture of other non-metallic mineral products,2022-08-01,All India,1.3911620294599,percent YoY growth,monthly,Index of Industrial Production (1).xlsx,
industry,IIP use-based,Manufacture of other non-metallic mineral products,2022-09-01,All India,9.59377700950734,percent YoY growth,monthly,Index of Industrial Production (1).xlsx,
industry,IIP use-based,Manufacture of other non-metallic mineral products,2022-10-01,All India,-3.63777089783281,percent YoY growth,monthly,Index of Industrial Production (1).xlsx,
industry,IIP use-based,Manufacture of other non-metallic mineral products,2022-11-01,All India,20.7149404216315,percent YoY growth,monthly,Index of Industrial Production (1).xlsx,
industry,IIP use-based,Manufacture of other non-metallic mineral products,2022-12-01,All India,7.36842105263159,percent YoY growth,monthly,Index of Industrial Production (1).xlsx,
industry,IIP use-based,Manufacture of other non-metallic mineral products,2023-01-01,All India,1.20141342756183,percent YoY growth,monthly,Index of Industrial Production (1).xlsx,
industry,IIP use-based,Manufacture of other non-metallic mineral products,2023-02-01,All India,2.08955223880598,percent YoY growth,monthly,Index of Industrial Production (1).xlsx,
industry,IIP use-based,Manufacture of other non-metallic mineral products,2023-03-01,All India,-0.972132209980557,percent YoY growth,monthly,Index of Industrial Production (1).xlsx,
industry,IIP use-based,Manufacture of other non-metallic mineral products,2023-04-01,All India,7.08029197080291,percent YoY growth,monthly,Index of Industrial Production (1).xlsx,
industry,IIP use-based,Manufacture of other non-metallic mineral products,2023-05-01,All India,10.4166666666667,percent YoY growth,monthly,Index of Industrial Production (1).xlsx,
industry,IIP use-based,Manufacture of other non-metallic mineral products,2023-06-01,All India,4.83870967741936,percent YoY growth,monthly,Index of Industrial Production (1).xlsx,
industry,IIP use-based,Manufacture of other non-metallic mineral products,2023-07-01,All India,5.59495665878644,percent YoY growth,monthly,Index of Industrial Production (1).xlsx,
industry,IIP use-based,Manufacture of other non-metallic mineral products,2023-08-01,All India,15.0121065375303,percent YoY growth,monthly,Index of Industrial Production (1).xlsx,
industry,IIP use-based,Manufacture of other non-metallic mineral products,2023-09-01,All India,4.73186119873818,percent YoY growth,monthly,Index of Industrial Production (1).xlsx,
industry,IIP use-based,Manufacture of other non-metallic mineral products,2023-10-01,All India,12.85140562249,percent YoY growth,monthly,Index of Industrial Production (1).xlsx,
industry,IIP use-based,Manufacture of other non-metallic mineral products,2023-11-01,All India,-3.56871678056187,percent YoY growth,monthly,Index of Industrial Production (1).xlsx,
industry,IIP use-based,Manufacture of other non-metallic mineral products,2023-12-01,All India,3.01120448179271,percent YoY growth,monthly,Index of Industrial Production (1).xlsx,
industry,IIP use-based,Manufacture of other non-metallic mineral products,2024-01-01,All India,3.00279329608939,percent YoY growth,monthly,Index of Industrial Production (1).xlsx,
industry,IIP use-based,Manufacture of other non-metallic mineral products,2024-02-01,All India,7.96783625730992,percent YoY growth,monthly,Index of Industrial Production (1).xlsx,
industry,IIP use-based,Manufacture of other non-metallic mineral products,2024-03-01,All India,8.24607329842932,percent YoY growth,monthly,Index of Industrial Production (1).xlsx,
industry,IIP use-based,Manufacture of other non-metallic mineral products,2024-04-01,All India,1.36332651670075,percent YoY growth,monthly,Index of Industrial Production (1).xlsx,
industry,IIP use-based,Manufacture of other non-metallic mineral products,2024-05-01,All India,0.47169811320754,percent YoY growth,monthly,Index of Industrial Production (1).xlsx,
industry,IIP use-based,Manufacture of other non-metallic mineral products,2024-06-01,All India,3.07692307692307,percent YoY growth,monthly,Index of Industrial Production (1).xlsx,
industry,IIP use-based,Manufacture of other non-metallic mineral products,2024-07-01,All India,1.71641791044777,percent YoY growth,monthly,Index of Industrial Production (1).xlsx,
industry,IIP use-based,Manufacture of other non-metallic mineral products,2024-08-01,All India,-1.89473684210526,percent YoY growth,monthly,Index of Industrial Production (1).xlsx,
industry,IIP use-based,Manufacture of other non-metallic mineral products,2024-09-01,All India,3.61445783132529,percent YoY growth,monthly,Index of Industrial Production (1).xlsx,
industry,IIP use-based,Manufacture of other non-metallic mineral products,2024-10-01,All India,2.70462633451958,percent YoY growth,monthly,Index of Industrial Production (1).xlsx,
industry,IIP use-based,Manufacture of other non-metallic mineral products,2024-11-01,All India,7.63779527559054,percent YoY growth,monthly,Index of Industrial Production (1).xlsx,
industry,IIP use-based,Manufacture of other non-metallic mineral products,2024-12-01,All India,7.20598232494901,percent YoY growth,monthly,Index of Industrial Production (1).xlsx,
industry,IIP use-based,Manufacture of other non-metallic mineral products,2025-01-01,All India,10.0338983050848,percent YoY growth,monthly,Index of Industrial Production (1).xlsx,
industry,IIP use-based,Manufacture of other non-metallic mineral products,2025-02-01,All India,8.19228165199731,percent YoY growth,monthly,Index of Industrial Production (1).xlsx,
industry,IIP use-based,Manufacture of other non-metallic mineral products,2025-03-01,All India,8.94800483675936,percent YoY growth,monthly,Index of Industrial Production (1).xlsx,
industry,IIP use-based,Manufacture of other non-metallic mineral products,2025-04-01,All India,5.37995965030262,percent YoY growth,monthly,Index of Industrial Production (1).xlsx,
industry,IIP use-based,Manufacture of other non-metallic mineral products,2025-05-01,All India,6.90811535881959,percent YoY growth,monthly,Index of Industrial Production (1).xlsx,
industry,IIP use-based,Manufacture of other non-metallic mineral products,2025-06-01,All India,2.98507462686567,percent YoY growth,monthly,Index of Industrial Production (1).xlsx,
industry,IIP use-based,Manufacture of other non-metallic mineral products,2025-07-01,All India,9.46441672780629,percent YoY growth,monthly,Index of Industrial Production (1).xlsx,
industry,IIP use-based,Manufacture of other non-metallic mineral products,2025-08-01,All India,2.78969957081543,percent YoY growth,monthly,Index of Industrial Production (1).xlsx,
industry,IIP use-based,Manufacture of other non-metallic mineral products,2025-09-01,All India,4.14244186046513,percent YoY growth,monthly,Index of Industrial Production (1).xlsx,
industry,IIP use-based,Manufacture of other non-metallic mineral products,2025-10-01,All India,3.67290367290366,percent YoY growth,monthly,Index of Industrial Production (1).xlsx,
industry,IIP use-based,Manufacture of other non-metallic mineral products,2025-11-01,All India,12.7286027798098,percent YoY growth,monthly,Index of Industrial Production (1).xlsx,
industry,IIP use-based,Manufacture of other non-metallic mineral products,2025-12-01,All India,12.3018389346861,percent YoY growth,monthly,Index of Industrial Production (1).xlsx,
industry,IIP use-based,Manufacture of other non-metallic mineral products,2026-01-01,All India,10.4128157732594,percent YoY growth,monthly,Index of Industrial Production (1).xlsx,
industry,IIP use-based,Manufacture of other non-metallic mineral products,2026-02-01,All India,7.07133917396745,percent YoY growth,monthly,Index of Industrial Production (1).xlsx,
industry,IIP use-based,Manufacture of other non-metallic mineral products,2026-03-01,All India,3.16315205327415,percent YoY growth,monthly,Index of Industrial Production (1).xlsx,
industry,IIP use-based,Manufacture of other transport equipment,2013-04-01,All India,-3.30138445154421,percent YoY growth,monthly,Index of Industrial Production (1).xlsx,
industry,IIP use-based,Manufacture of other transport equipment,2013-05-01,All India,-4.1708043694141,percent YoY growth,monthly,Index of Industrial Production (1).xlsx,
industry,IIP use-based,Manufacture of other transport equipment,2013-06-01,All India,-5.32663316582914,percent YoY growth,monthly,Index of Industrial Production (1).xlsx,
industry,IIP use-based,Manufacture of other transport equipment,2013-07-01,All India,-0.913705583756351,percent YoY growth,monthly,Index of Industrial Production (1).xlsx,
industry,IIP use-based,Manufacture of other transport equipment,2013-08-01,All India,5.47645125958379,percent YoY growth,monthly,Index of Industrial Production (1).xlsx,
industry,IIP use-based,Manufacture of other transport equipment,2013-09-01,All India,7.8921078921079,percent YoY growth,monthly,Index of Industrial Production (1).xlsx,
industry,IIP use-based,Manufacture of other transport equipment,2013-10-01,All India,15.8730158730159,percent YoY growth,monthly,Index of Industrial Production (1).xlsx,
industry,IIP use-based,Manufacture of other transport equipment,2013-11-01,All India,13.9957264957265,percent YoY growth,monthly,Index of Industrial Production (1).xlsx,
industry,IIP use-based,Manufacture of other transport equipment,2013-12-01,All India,2.34833659491193,percent YoY growth,monthly,Index of Industrial Production (1).xlsx,
industry,IIP use-based,Manufacture of other transport equipment,2014-01-01,All India,7.67754318618042,percent YoY growth,monthly,Index of Industrial Production (1).xlsx,
industry,IIP use-based,Manufacture of other transport equipment,2014-02-01,All India,5.8648111332008,percent YoY growth,monthly,Index of Industrial Production (1).xlsx,
industry,IIP use-based,Manufacture of other transport equipment,2014-03-01,All India,6.27973358705995,percent YoY growth,monthly,Index of Industrial Production (1).xlsx,
industry,IIP use-based,Manufacture of other transport equipment,2014-04-01,All India,11.3436123348018,percent YoY growth,monthly,Index of Industrial Production (1).xlsx,
industry,IIP use-based,Manufacture of other transport equipment,2014-05-01,All India,13.9896373056995,percent YoY growth,monthly,Index of Industrial Production (1).xlsx,
industry,IIP use-based,Manufacture of other transport equipment,2014-06-01,All India,8.59872611464968,percent YoY growth,monthly,Index of Industrial Production (1).xlsx,
industry,IIP use-based,Manufacture of other transport equipment,2014-07-01,All India,15.3688524590164,percent YoY growth,monthly,Index of Industrial Production (1).xlsx,
industry,IIP use-based,Manufacture of other transport equipment,2014-08-01,All India,11.214953271028,percent YoY growth,monthly,Index of Industrial Production (1).xlsx,
industry,IIP use-based,Manufacture of other transport equipment,2014-09-01,All India,15.462962962963,percent YoY growth,monthly,Index of Industrial Production (1).xlsx,
industry,IIP use-based,Manufacture of other transport equipment,2014-10-01,All India,-3.25342465753424,percent YoY growth,monthly,Index of Industrial Production (1).xlsx,
industry,IIP use-based,Manufacture of other transport equipment,2014-11-01,All India,5.52952202436738,percent YoY growth,monthly,Index of Industrial Production (1).xlsx,
industry,IIP use-based,Manufacture of other transport equipment,2014-12-01,All India,0.956022944550669,percent YoY growth,monthly,Index of Industrial Production (1).xlsx,
industry,IIP use-based,Manufacture of other transport equipment,2015-01-01,All India,-1.69340463458111,percent YoY growth,monthly,Index of Industrial Production (1).xlsx,
industry,IIP use-based,Manufacture of other transport equipment,2015-02-01,All India,-3.47417840375587,percent YoY growth,monthly,Index of Industrial Production (1).xlsx,
industry,IIP use-based,Manufacture of other transport equipment,2015-03-01,All India,5.64010743061772,percent YoY growth,monthly,Index of Industrial Production (1).xlsx,
industry,IIP use-based,Manufacture of other transport equipment,2015-04-01,All India,3.56083086053413,percent YoY growth,monthly,Index of Industrial Production (1).xlsx,
industry,IIP use-based,Manufacture of other transport equipment,2015-05-01,All India,-2.0,percent YoY growth,monthly,Index of Industrial Production (1).xlsx,
industry,IIP use-based,Manufacture of other transport equipment,2015-06-01,All India,1.8572825024438,percent YoY growth,monthly,Index of Industrial Production (1).xlsx,
industry,IIP use-based,Manufacture of other transport equipment,2015-07-01,All India,2.30905861456484,percent YoY growth,monthly,Index of Industrial Production (1).xlsx,
industry,IIP use-based,Manufacture of other transport equipment,2015-08-01,All India,2.98786181139123,percent YoY growth,monthly,Index of Industrial Production (1).xlsx,
industry,IIP use-based,Manufacture of other transport equipment,2015-09-01,All India,-2.56615878107458,percent YoY growth,monthly,Index of Industrial Production (1).xlsx,
industry,IIP use-based,Manufacture of other transport equipment,2015-10-01,All India,10.8849557522124,percent YoY growth,monthly,Index of Industrial Production (1).xlsx,
industry,IIP use-based,Manufacture of other transport equipment,2015-11-01,All India,-6.74955595026643,percent YoY growth,monthly,Index of Industrial Production (1).xlsx,
industry,IIP use-based,Manufacture of other transport equipment,2015-12-01,All India,0.0946969696969778,percent YoY growth,monthly,Index of Industrial Production (1).xlsx,
industry,IIP use-based,Manufacture of other transport equipment,2016-01-01,All India,1.17860380779692,percent YoY growth,monthly,Index of Industrial Production (1).xlsx,
industry,IIP use-based,Manufacture of other transport equipment,2016-02-01,All India,12.6459143968872,percent YoY growth,monthly,Index of Industrial Production (1).xlsx,
industry,IIP use-based,Manufacture of other transport equipment,2016-03-01,All India,3.72881355932204,percent YoY growth,monthly,Index of Industrial Production (1).xlsx,
industry,IIP use-based,Manufacture of other transport equipment,2016-04-01,All India,10.1241642788921,percent YoY growth,monthly,Index of Industrial Production (1).xlsx,
industry,IIP use-based,Manufacture of other transport equipment,2016-05-01,All India,13.6363636363636,percent YoY growth,monthly,Index of Industrial Production (1).xlsx,
industry,IIP use-based,Manufacture of other transport equipment,2016-06-01,All India,12.8598848368522,percent YoY growth,monthly,Index of Industrial Production (1).xlsx,
industry,IIP use-based,Manufacture of other transport equipment,2016-07-01,All India,2.60416666666667,percent YoY growth,monthly,Index of Industrial Production (1).xlsx,
industry,IIP use-based,Manufacture of other transport equipment,2016-08-01,All India,17.5883952855848,percent YoY growth,monthly,Index of Industrial Production (1).xlsx,
industry,IIP use-based,Manufacture of other transport equipment,2016-09-01,All India,17.9423868312757,percent YoY growth,monthly,Index of Industrial Production (1).xlsx,
industry,IIP use-based,Manufacture of other transport equipment,2016-10-01,All India,4.38946528332004,percent YoY growth,monthly,Index of Industrial Production (1).xlsx,
industry,IIP use-based,Manufacture of other transport equipment,2016-11-01,All India,5.14285714285715,percent YoY growth,monthly,Index of Industrial Production (1).xlsx,
industry,IIP use-based,Manufacture of other transport equipment,2016-12-01,All India,-20.9082308420057,percent YoY growth,monthly,Index of Industrial Production (1).xlsx,
industry,IIP use-based,Manufacture of other transport equipment,2017-01-01,All India,-10.0358422939068,percent YoY growth,monthly,Index of Industrial Production (1).xlsx,
industry,IIP use-based,Manufacture of other transport equipment,2017-02-01,All India,-6.47668393782384,percent YoY growth,monthly,Index of Industrial Production (1).xlsx,
industry,IIP use-based,Manufacture of other transport equipment,2017-03-01,All India,6.12745098039216,percent YoY growth,monthly,Index of Industrial Production (1).xlsx,
industry,IIP use-based,Manufacture of other transport equipment,2017-04-01,All India,8.23937554206418,percent YoY growth,monthly,Index of Industrial Production (1).xlsx,
industry,IIP use-based,Manufacture of other transport equipment,2017-05-01,All India,11.7551020408163,percent YoY growth,monthly,Index of Industrial Production (1).xlsx,
industry,IIP use-based,Manufacture of other transport equipment,2017-06-01,All India,8.24829931972789,percent YoY growth,monthly,Index of Industrial Production (1).xlsx,
industry,IIP use-based,Manufacture of other transport equipment,2017-07-01,All India,10.9983079526227,percent YoY growth,monthly,Index of Industrial Production (1).xlsx,
industry,IIP use-based,Manufacture of other transport equipment,2017-08-01,All India,11.7193523515806,percent YoY growth,monthly,Index of Industrial Production (1).xlsx,
industry,IIP use-based,Manufacture of other transport equipment,2017-09-01,All India,4.53593859036985,percent YoY growth,monthly,Index of Industrial Production (1).xlsx,
industry,IIP use-based,Manufacture of other transport equipment,2017-10-01,All India,0.688073394495395,percent YoY growth,monthly,Index of Industrial Production (1).xlsx,
industry,IIP use-based,Manufacture of other transport equipment,2017-11-01,All India,16.1231884057971,percent YoY growth,monthly,Index of Industrial Production (1).xlsx,
industry,IIP use-based,Manufacture of other transport equipment,2017-12-01,All India,26.6746411483254,percent YoY growth,monthly,Index of Industrial Production (1).xlsx,
industry,IIP use-based,Manufacture of other transport equipment,2018-01-01,All India,31.9721115537849,percent YoY growth,monthly,Index of Industrial Production (1).xlsx,
industry,IIP use-based,Manufacture of other transport equipment,2018-02-01,All India,32.0406278855032,percent YoY growth,monthly,Index of Industrial Production (1).xlsx,
industry,IIP use-based,Manufacture of other transport equipment,2018-03-01,All India,16.320246343341,percent YoY growth,monthly,Index of Industrial Production (1).xlsx,
industry,IIP use-based,Manufacture of other transport equipment,2018-04-01,All India,13.1410256410256,percent YoY growth,monthly,Index of Industrial Production (1).xlsx,
industry,IIP use-based,Manufacture of other transport equipment,2018-05-01,All India,8.1081081081081,percent YoY growth,monthly,Index of Industrial Production (1).xlsx,
industry,IIP use-based,Manufacture of other transport equipment,2018-06-01,All India,18.1461115475255,percent YoY growth,monthly,Index of Industrial Production (1).xlsx,
industry,IIP use-based,Manufacture of other transport equipment,2018-07-01,All India,16.9969512195122,percent YoY growth,monthly,Index of Industrial Production (1).xlsx,
industry,IIP use-based,Manufacture of other transport equipment,2018-08-01,All India,8.97170462387854,percent YoY growth,monthly,Index of Industrial Production (1).xlsx,
industry,IIP use-based,Manufacture of other transport equipment,2018-09-01,All India,10.5473965287049,percent YoY growth,monthly,Index of Industrial Production (1).xlsx,
industry,IIP use-based,Manufacture of other transport equipment,2018-10-01,All India,24.7532270311314,percent YoY growth,monthly,Index of Industrial Production (1).xlsx,
industry,IIP use-based,Manufacture of other transport equipment,2018-11-01,All India,8.11232449297973,percent YoY growth,monthly,Index of Industrial Production (1).xlsx,
industry,IIP use-based,Manufacture of other transport equipment,2018-12-01,All India,16.2417374881964,percent YoY growth,monthly,Index of Industrial Production (1).xlsx,
industry,IIP use-based,Manufacture of other transport equipment,2019-01-01,All India,6.71698113207548,percent YoY growth,monthly,Index of Industrial Production (1).xlsx,
industry,IIP use-based,Manufacture of other transport equipment,2019-02-01,All India,-0.34965034965035,percent YoY growth,monthly,Index of Industrial Production (1).xlsx,
industry,IIP use-based,Manufacture of other transport equipment,2019-03-01,All India,-19.1264063534083,percent YoY growth,monthly,Index of Industrial Production (1).xlsx,
industry,IIP use-based,Manufacture of other transport equipment,2019-04-01,All India,-4.74504249291784,percent YoY growth,monthly,Index of Industrial Production (1).xlsx,
industry,IIP use-based,Manufacture of other transport equipment,2019-05-01,All India,1.41891891891892,percent YoY growth,monthly,Index of Industrial Production (1).xlsx,
industry,IIP use-based,Manufacture of other transport equipment,2019-06-01,All India,-3.45744680851065,percent YoY growth,monthly,Index of Industrial Production (1).xlsx,
industry,IIP use-based,Manufacture of other transport equipment,2019-07-01,All India,-4.16938110749186,percent YoY growth,monthly,Index of Industrial Production (1).xlsx,
industry,IIP use-based,Manufacture of other transport equipment,2019-08-01,All India,-11.906269791007,percent YoY growth,monthly,Index of Industrial Production (1).xlsx,
industry,IIP use-based,Manufacture of other transport equipment,2019-09-01,All India,-8.57487922705314,percent YoY growth,monthly,Index of Industrial Production (1).xlsx,
industry,IIP use-based,Manufacture of other transport equipment,2019-10-01,All India,-19.1113816189897,percent YoY growth,monthly,Index of Industrial Production (1).xlsx,
industry,IIP use-based,Manufacture of other transport equipment,2019-11-01,All India,0.649350649350653,percent YoY growth,monthly,Index of Industrial Production (1).xlsx,
industry,IIP use-based,Manufacture of other transport equipment,2019-12-01,All India,6.98619008935824,percent YoY growth,monthly,Index of Industrial Production (1).xlsx,
industry,IIP use-based,Manufacture of other transport equipment,2020-01-01,All India,-8.98161244695899,percent YoY growth,monthly,Index of Industrial Production (1).xlsx,
industry,IIP use-based,Manufacture of other transport equipment,2020-02-01,All India,-8.07017543859649,percent YoY growth,monthly,Index of Industrial Production (1).xlsx,
industry,IIP use-based,Manufacture of other transport equipment,2020-03-01,All India,-11.7839607201309,percent YoY growth,monthly,Index of Industrial Production (1).xlsx,
industry,IIP use-based,Manufacture of other transport equipment,2020-04-01,All India,-99.8513011152416,percent YoY growth,monthly,Index of Industrial Production (1).xlsx,
industry,IIP use-based,Manufacture of other transport equipment,2020-05-01,All India,-84.8101265822785,percent YoY growth,monthly,Index of Industrial Production (1).xlsx,
industry,IIP use-based,Manufacture of other transport equipment,2020-06-01,All India,-50.2066115702479,percent YoY growth,monthly,Index of Industrial Production (1).xlsx,
industry,IIP use-based,Manufacture of other transport equipment,2020-07-01,All India,-26.3086335825969,percent YoY growth,monthly,Index of Industrial Production (1).xlsx,
industry,IIP use-based,Manufacture of other transport equipment,2020-08-01,All India,-4.02588066139468,percent YoY growth,monthly,Index of Industrial Production (1).xlsx,
industry,IIP use-based,Manufacture of other transport equipment,2020-09-01,All India,7.26552179656539,percent YoY growth,monthly,Index of Industrial Production (1).xlsx,
industry,IIP use-based,Manufacture of other transport equipment,2020-10-01,All India,25.8088788562829,percent YoY growth,monthly,Index of Industrial Production (1).xlsx,
industry,IIP use-based,Manufacture of other transport equipment,2020-11-01,All India,-0.143369175627232,percent YoY growth,monthly,Index of Industrial Production (1).xlsx,
industry,IIP use-based,Manufacture of other transport equipment,2020-12-01,All India,-8.04859529233105,percent YoY growth,monthly,Index of Industrial Production (1).xlsx,
industry,IIP use-based,Manufacture of other transport equipment,2021-01-01,All India,5.982905982906,percent YoY growth,monthly,Index of Industrial Production (1).xlsx,
industry,IIP use-based,Manufacture of other transport equipment,2021-02-01,All India,2.67175572519084,percent YoY growth,monthly,Index of Industrial Production (1).xlsx,
industry,IIP use-based,Manufacture of other transport equipment,2021-03-01,All India,34.7866419294991,percent YoY growth,monthly,Index of Industrial Production (1).xlsx,
industry,IIP use-based,Manufacture of other transport equipment,2021-05-01,All India,128.947368421053,percent YoY growth,monthly,Index of Industrial Production (1).xlsx,
industry,IIP use-based,Manufacture of other transport equipment,2021-06-01,All India,43.015214384509,percent YoY growth,monthly,Index of Industrial Production (1).xlsx,
industry,IIP use-based,Manufacture of other transport equipment,2021-07-01,All India,18.2656826568266,percent YoY growth,monthly,Index of Industrial Production (1).xlsx,
industry,IIP use-based,Manufacture of other transport equipment,2021-08-01,All India,-6.29213483146068,percent YoY growth,monthly,Index of Industrial Production (1).xlsx,
industry,IIP use-based,Manufacture of other transport equipment,2021-09-01,All India,-17.0566502463054,percent YoY growth,monthly,Index of Industrial Production (1).xlsx,
industry,IIP use-based,Manufacture of other transport equipment,2021-10-01,All India,-17.0454545454545,percent YoY growth,monthly,Index of Industrial Production (1).xlsx,
industry,IIP use-based,Manufacture of other transport equipment,2021-11-01,All India,-23.8334529791816,percent YoY growth,monthly,Index of Industrial Production (1).xlsx,
industry,IIP use-based,Manufacture of other transport equipment,2021-12-01,All India,-10.074318744839,percent YoY growth,monthly,Index of Industrial Production (1).xlsx,
industry,IIP use-based,Manufacture of other transport equipment,2022-01-01,All India,-10.850439882698,percent YoY growth,monthly,Index of Industrial Production (1).xlsx,
industry,IIP use-based,Manufacture of other transport equipment,2022-02-01,All India,-17.3977695167286,percent YoY growth,monthly,Index of Industrial Production (1).xlsx,
industry,IIP use-based,Manufacture of other transport equipment,2022-03-01,All India,-12.5946317962836,percent YoY growth,monthly,Index of Industrial Production (1).xlsx,
industry,IIP use-based,Manufacture of other transport equipment,2022-04-01,All India,-1.47194112235511,percent YoY growth,monthly,Index of Industrial Production (1).xlsx,
industry,IIP use-based,Manufacture of other transport equipment,2022-05-01,All India,126.628352490421,percent YoY growth,monthly,Index of Industrial Production (1).xlsx,
industry,IIP use-based,Manufacture of other transport equipment,2022-06-01,All India,36.1702127659575,percent YoY growth,monthly,Index of Industrial Production (1).xlsx,
industry,IIP use-based,Manufacture of other transport equipment,2022-07-01,All India,-1.17004680187206,percent YoY growth,monthly,Index of Industrial Production (1).xlsx,
industry,IIP use-based,Manufacture of other transport equipment,2022-08-01,All India,7.75379696243007,percent YoY growth,monthly,Index of Industrial Production (1).xlsx,
industry,IIP use-based,Manufacture of other transport equipment,2022-09-01,All India,15.0705270972532,percent YoY growth,monthly,Index of Industrial Production (1).xlsx,
industry,IIP use-based,Manufacture of other transport equipment,2022-10-01,All India,-8.07498197548665,percent YoY growth,monthly,Index of Industrial Production (1).xlsx,
industry,IIP use-based,Manufacture of other transport equipment,2022-11-01,All India,24.0339302544769,percent YoY growth,monthly,Index of Industrial Production (1).xlsx,
industry,IIP use-based,Manufacture of other transport equipment,2022-12-01,All India,-2.66299357208449,percent YoY growth,monthly,Index of Industrial Production (1).xlsx,
industry,IIP use-based,Manufacture of other transport equipment,2023-01-01,All India,-1.89144736842105,percent YoY growth,monthly,Index of Industrial Production (1).xlsx,
industry,IIP use-based,Manufacture of other transport equipment,2023-02-01,All India,5.4905490549055,percent YoY growth,monthly,Index of Industrial Production (1).xlsx,
industry,IIP use-based,Manufacture of other transport equipment,2023-03-01,All India,9.60629921259842,percent YoY growth,monthly,Index of Industrial Production (1).xlsx,
industry,IIP use-based,Manufacture of other transport equipment,2023-04-01,All India,11.577964519141,percent YoY growth,monthly,Index of Industrial Production (1).xlsx,
industry,IIP use-based,Manufacture of other transport equipment,2023-05-01,All India,10.9044801352494,percent YoY growth,monthly,Index of Industrial Production (1).xlsx,
industry,IIP use-based,Manufacture of other transport equipment,2023-06-01,All India,-0.142045454545467,percent YoY growth,monthly,Index of Industrial Production (1).xlsx,
industry,IIP use-based,Manufacture of other transport equipment,2023-07-01,All India,-2.52565114443568,percent YoY growth,monthly,Index of Industrial Production (1).xlsx,
industry,IIP use-based,Manufacture of other transport equipment,2023-08-01,All India,8.23442136498516,percent YoY growth,monthly,Index of Industrial Production (1).xlsx,
industry,IIP use-based,Manufacture of other transport equipment,2023-09-01,All India,7.09677419354839,percent YoY growth,monthly,Index of Industrial Production (1).xlsx,
industry,IIP use-based,Manufacture of other transport equipment,2023-10-01,All India,23.2941176470588,percent YoY growth,monthly,Index of Industrial Production (1).xlsx,
industry,IIP use-based,Manufacture of other transport equipment,2023-11-01,All India,9.80243161094225,percent YoY growth,monthly,Index of Industrial Production (1).xlsx,
industry,IIP use-based,Manufacture of other transport equipment,2023-12-01,All India,29.4339622641509,percent YoY growth,monthly,Index of Industrial Production (1).xlsx,
industry,IIP use-based,Manufacture of other transport equipment,2024-01-01,All India,25.314333612741,percent YoY growth,monthly,Index of Industrial Production (1).xlsx,
industry,IIP use-based,Manufacture of other transport equipment,2024-02-01,All India,24.4027303754266,percent YoY growth,monthly,Index of Industrial Production (1).xlsx,
industry,IIP use-based,Manufacture of other transport equipment,2024-03-01,All India,26.2212643678161,percent YoY growth,monthly,Index of Industrial Production (1).xlsx,
industry,IIP use-based,Manufacture of other transport equipment,2024-04-01,All India,17.4058577405858,percent YoY growth,monthly,Index of Industrial Production (1).xlsx,
industry,IIP use-based,Manufacture of other transport equipment,2024-05-01,All India,16.7682926829268,percent YoY growth,monthly,Index of Industrial Production (1).xlsx,
industry,IIP use-based,Manufacture of other transport equipment,2024-06-01,All India,9.10384068278806,percent YoY growth,monthly,Index of Industrial Production (1).xlsx,
industry,IIP use-based,Manufacture of other transport equipment,2024-07-01,All India,25.5060728744939,percent YoY growth,monthly,Index of Industrial Production (1).xlsx,
industry,IIP use-based,Manufacture of other transport equipment,2024-08-01,All India,7.19671007539411,percent YoY growth,monthly,Index of Industrial Production (1).xlsx,
industry,IIP use-based,Manufacture of other transport equipment,2024-09-01,All India,13.855421686747,percent YoY growth,monthly,Index of Industrial Production (1).xlsx,
industry,IIP use-based,Manufacture of other transport equipment,2024-10-01,All India,17.3664122137405,percent YoY growth,monthly,Index of Industrial Production (1).xlsx,
industry,IIP use-based,Manufacture of other transport equipment,2024-11-01,All India,10.3114186851211,percent YoY growth,monthly,Index of Industrial Production (1).xlsx,
industry,IIP use-based,Manufacture of other transport equipment,2024-12-01,All India,3.64431486880466,percent YoY growth,monthly,Index of Industrial Production (1).xlsx,
industry,IIP use-based,Manufacture of other transport equipment,2025-01-01,All India,20.4013377926421,percent YoY growth,monthly,Index of Industrial Production (1).xlsx,
industry,IIP use-based,Manufacture of other transport equipment,2025-02-01,All India,8.23045267489712,percent YoY growth,monthly,Index of Industrial Production (1).xlsx,
industry,IIP use-based,Manufacture of other transport equipment,2025-03-01,All India,-5.97609561752988,percent YoY growth,monthly,Index of Industrial Production (1).xlsx,
industry,IIP use-based,Manufacture of other transport equipment,2025-04-01,All India,-0.784034212402012,percent YoY growth,monthly,Index of Industrial Production (1).xlsx,
industry,IIP use-based,Manufacture of other transport equipment,2025-05-01,All India,6.46214099216711,percent YoY growth,monthly,Index of Industrial Production (1).xlsx,
industry,IIP use-based,Manufacture of other transport equipment,2025-06-01,All India,0.521512385919155,percent YoY growth,monthly,Index of Industrial Production (1).xlsx,
industry,IIP use-based,Manufacture of other transport equipment,2025-07-01,All India,17.6774193548387,percent YoY growth,monthly,Index of Industrial Production (1).xlsx,
industry,IIP use-based,Manufacture of other transport equipment,2025-08-01,All India,10.4859335038363,percent YoY growth,monthly,Index of Industrial Production (1).xlsx,
industry,IIP use-based,Manufacture of other transport equipment,2025-09-01,All India,1.95767195767195,percent YoY growth,monthly,Index of Industrial Production (1).xlsx,
industry,IIP use-based,Manufacture of other transport equipment,2025-10-01,All India,2.65582655826559,percent YoY growth,monthly,Index of Industrial Production (1).xlsx,
industry,IIP use-based,Manufacture of other transport equipment,2025-11-01,All India,17.7540777917189,percent YoY growth,monthly,Index of Industrial Production (1).xlsx,
industry,IIP use-based,Manufacture of other transport equipment,2025-12-01,All India,25.1054852320675,percent YoY growth,monthly,Index of Industrial Production (1).xlsx,
industry,IIP use-based,Manufacture of other transport equipment,2026-01-01,All India,2.55555555555555,percent YoY growth,monthly,Index of Industrial Production (1).xlsx,
industry,IIP use-based,Manufacture of other transport equipment,2026-02-01,All India,21.0392902408111,percent YoY growth,monthly,Index of Industrial Production (1).xlsx,
industry,IIP use-based,Manufacture of other transport equipment,2026-03-01,All India,20.7627118644068,percent YoY growth,monthly,Index of Industrial Production (1).xlsx,
industry,IIP use-based,Manufacture of paper and paper products,2013-04-01,All India,3.93145161290322,percent YoY growth,monthly,Index of Industrial Production (1).xlsx,
industry,IIP use-based,Manufacture of paper and paper products,2013-05-01,All India,5.51257253384912,percent YoY growth,monthly,Index of Industrial Production (1).xlsx,
industry,IIP use-based,Manufacture of paper and paper products,2013-06-01,All India,10.4040404040404,percent YoY growth,monthly,Index of Industrial Production (1).xlsx,
industry,IIP use-based,Manufacture of paper and paper products,2013-07-01,All India,8.78701050620822,percent YoY growth,monthly,Index of Industrial Production (1).xlsx,
industry,IIP use-based,Manufacture of paper and paper products,2013-08-01,All India,9.55056179775281,percent YoY growth,monthly,Index of Industrial Production (1).xlsx,
industry,IIP use-based,Manufacture of paper and paper products,2013-09-01,All India,8.13953488372092,percent YoY growth,monthly,Index of Industrial Production (1).xlsx,
industry,IIP use-based,Manufacture of paper and paper products,2013-10-01,All India,4.84018264840182,percent YoY growth,monthly,Index of Industrial Production (1).xlsx,
industry,IIP use-based,Manufacture of paper and paper products,2013-11-01,All India,21.9640971488912,percent YoY growth,monthly,Index of Industrial Production (1).xlsx,
industry,IIP use-based,Manufacture of paper and paper products,2013-12-01,All India,23.5943775100402,percent YoY growth,monthly,Index of Industrial Production (1).xlsx,
industry,IIP use-based,Manufacture of paper and paper products,2014-01-01,All India,12.5815470643057,percent YoY growth,monthly,Index of Industrial Production (1).xlsx,
industry,IIP use-based,Manufacture of paper and paper products,2014-02-01,All India,14.1829393627955,percent YoY growth,monthly,Index of Industrial Production (1).xlsx,
industry,IIP use-based,Manufacture of paper and paper products,2014-03-01,All India,5.23103748910201,percent YoY growth,monthly,Index of Industrial Production (1).xlsx,
industry,IIP use-based,Manufacture of paper and paper products,2014-04-01,All India,13.6760426770126,percent YoY growth,monthly,Index of Industrial Production (1).xlsx,
industry,IIP use-based,Manufacture of paper and paper products,2014-05-01,All India,6.14115490375802,percent YoY growth,monthly,Index of Industrial Production (1).xlsx,
industry,IIP use-based,Manufacture of paper and paper products,2014-06-01,All India,5.94693504117109,percent YoY growth,monthly,Index of Industrial Production (1).xlsx,
industry,IIP use-based,Manufacture of paper and paper products,2014-07-01,All India,4.03863037752414,percent YoY growth,monthly,Index of Industrial Production (1).xlsx,
industry,IIP use-based,Manufacture of paper and paper products,2014-08-01,All India,0.769230769230774,percent YoY growth,monthly,Index of Industrial Production (1).xlsx,
industry,IIP use-based,Manufacture of paper and paper products,2014-09-01,All India,2.86738351254481,percent YoY growth,monthly,Index of Industrial Production (1).xlsx,
industry,IIP use-based,Manufacture of paper and paper products,2014-10-01,All India,-1.4808362369338,percent YoY growth,monthly,Index of Industrial Production (1).xlsx,
industry,IIP use-based,Manufacture of paper and paper products,2014-11-01,All India,-5.02164502164502,percent YoY growth,monthly,Index of Industrial Production (1).xlsx,
industry,IIP use-based,Manufacture of paper and paper products,2014-12-01,All India,-7.06742485783915,percent YoY growth,monthly,Index of Industrial Production (1).xlsx,
industry,IIP use-based,Manufacture of paper and paper products,2015-01-01,All India,-3.89072847682119,percent YoY growth,monthly,Index of Industrial Production (1).xlsx,
industry,IIP use-based,Manufacture of paper and paper products,2015-02-01,All India,-1.08010801080107,percent YoY growth,monthly,Index of Industrial Production (1).xlsx,
industry,IIP use-based,Manufacture of paper and paper products,2015-03-01,All India,-1.82270091135046,percent YoY growth,monthly,Index of Industrial Production (1).xlsx,
industry,IIP use-based,Manufacture of paper and paper products,2015-04-01,All India,-1.70648464163823,percent YoY growth,monthly,Index of Industrial Production (1).xlsx,
industry,IIP use-based,Manufacture of paper and paper products,2015-05-01,All India,0.431778929188256,percent YoY growth,monthly,Index of Industrial Production (1).xlsx,
industry,IIP use-based,Manufacture of paper and paper products,2015-06-01,All India,-3.79965457685664,percent YoY growth,monthly,Index of Industrial Production (1).xlsx,
industry,IIP use-based,Manufacture of paper and paper products,2015-07-01,All India,-2.86919831223629,percent YoY growth,monthly,Index of Industrial Production (1).xlsx,
industry,IIP use-based,Manufacture of paper and paper products,2015-08-01,All India,-4.32569974554708,percent YoY growth,monthly,Index of Industrial Production (1).xlsx,
industry,IIP use-based,Manufacture of paper and paper products,2015-09-01,All India,1.74216027874564,percent YoY growth,monthly,Index of Industrial Production (1).xlsx,
industry,IIP use-based,Manufacture of paper and paper products,2015-10-01,All India,9.10698496905395,percent YoY growth,monthly,Index of Industrial Production (1).xlsx,
industry,IIP use-based,Manufacture of paper and paper products,2015-11-01,All India,3.64630811303555,percent YoY growth,monthly,Index of Industrial Production (1).xlsx,
industry,IIP use-based,Manufacture of paper and paper products,2015-12-01,All India,6.64335664335664,percent YoY growth,monthly,Index of Industrial Production (1).xlsx,
industry,IIP use-based,Manufacture of paper and paper products,2016-01-01,All India,-2.49784668389319,percent YoY growth,monthly,Index of Industrial Production (1).xlsx,
industry,IIP use-based,Manufacture of paper and paper products,2016-02-01,All India,3.54868061874431,percent YoY growth,monthly,Index of Industrial Production (1).xlsx,
industry,IIP use-based,Manufacture of paper and paper products,2016-03-01,All India,4.55696202531646,percent YoY growth,monthly,Index of Industrial Production (1).xlsx,
industry,IIP use-based,Manufacture of paper and paper products,2016-04-01,All India,-2.25694444444445,percent YoY growth,monthly,Index of Industrial Production (1).xlsx,
industry,IIP use-based,Manufacture of paper and paper products,2016-05-01,All India,4.90111779879622,percent YoY growth,monthly,Index of Industrial Production (1).xlsx,
industry,IIP use-based,Manufacture of paper and paper products,2016-06-01,All India,5.47576301615798,percent YoY growth,monthly,Index of Industrial Production (1).xlsx,
industry,IIP use-based,Manufacture of paper and paper products,2016-07-01,All India,5.2128583840139,percent YoY growth,monthly,Index of Industrial Production (1).xlsx,
industry,IIP use-based,Manufacture of paper and paper products,2016-08-01,All India,5.49645390070922,percent YoY growth,monthly,Index of Industrial Production (1).xlsx,
industry,IIP use-based,Manufacture of paper and paper products,2016-09-01,All India,-1.11301369863013,percent YoY growth,monthly,Index of Industrial Production (1).xlsx,
industry,IIP use-based,Manufacture of paper and paper products,2016-10-01,All India,-8.99513776337116,percent YoY growth,monthly,Index of Industrial Production (1).xlsx,
industry,IIP use-based,Manufacture of paper and paper products,2016-11-01,All India,-7.29991204925242,percent YoY growth,monthly,Index of Industrial Production (1).xlsx,
industry,IIP use-based,Manufacture of paper and paper products,2016-12-01,All India,-8.68852459016393,percent YoY growth,monthly,Index of Industrial Production (1).xlsx,
industry,IIP use-based,Manufacture of paper and paper products,2017-01-01,All India,-1.67844522968198,percent YoY growth,monthly,Index of Industrial Production (1).xlsx,
industry,IIP use-based,Manufacture of paper and paper products,2017-02-01,All India,-7.73286467486819,percent YoY growth,monthly,Index of Industrial Production (1).xlsx,
industry,IIP use-based,Manufacture of paper and paper products,2017-03-01,All India,-7.18321226795803,percent YoY growth,monthly,Index of Industrial Production (1).xlsx,
industry,IIP use-based,Manufacture of paper and paper products,2017-04-01,All India,-1.86500888099467,percent YoY growth,monthly,Index of Industrial Production (1).xlsx,
industry,IIP use-based,Manufacture of paper and paper products,2017-05-01,All India,-6.31147540983607,percent YoY growth,monthly,Index of Industrial Production (1).xlsx,
industry,IIP use-based,Manufacture of paper and paper products,2017-06-01,All India,-9.02127659574468,percent YoY growth,monthly,Index of Industrial Production (1).xlsx,
industry,IIP use-based,Manufacture of paper and paper products,2017-07-01,All India,-7.34929810074318,percent YoY growth,monthly,Index of Industrial Production (1).xlsx,
industry,IIP use-based,Manufacture of paper and paper products,2017-08-01,All India,-4.28571428571428,percent YoY growth,monthly,Index of Industrial Production (1).xlsx,
industry,IIP use-based,Manufacture of paper and paper products,2017-09-01,All India,-8.31168831168831,percent YoY growth,monthly,Index of Industrial Production (1).xlsx,
industry,IIP use-based,Manufacture of paper and paper products,2017-10-01,All India,-3.47284060552092,percent YoY growth,monthly,Index of Industrial Production (1).xlsx,
industry,IIP use-based,Manufacture of paper and paper products,2017-11-01,All India,-1.13851992409867,percent YoY growth,monthly,Index of Industrial Production (1).xlsx,
industry,IIP use-based,Manufacture of paper and paper products,2017-12-01,All India,-2.60323159784561,percent YoY growth,monthly,Index of Industrial Production (1).xlsx,
industry,IIP use-based,Manufacture of paper and paper products,2018-01-01,All India,-2.78526504941599,percent YoY growth,monthly,Index of Industrial Production (1).xlsx,
industry,IIP use-based,Manufacture of paper and paper products,2018-02-01,All India,-3.61904761904762,percent YoY growth,monthly,Index of Industrial Production (1).xlsx,
industry,IIP use-based,Manufacture of paper and paper products,2018-03-01,All India,-2.0,percent YoY growth,monthly,Index of Industrial Production (1).xlsx,
industry,IIP use-based,Manufacture of paper and paper products,2018-04-01,All India,-2.71493212669683,percent YoY growth,monthly,Index of Industrial Production (1).xlsx,
industry,IIP use-based,Manufacture of paper and paper products,2018-05-01,All India,-4.98687664041995,percent YoY growth,monthly,Index of Industrial Production (1).xlsx,
industry,IIP use-based,Manufacture of paper and paper products,2018-06-01,All India,3.46117867165574,percent YoY growth,monthly,Index of Industrial Production (1).xlsx,
industry,IIP use-based,Manufacture of paper and paper products,2018-07-01,All India,-2.76292335115865,percent YoY growth,monthly,Index of Industrial Production (1).xlsx,
industry,IIP use-based,Manufacture of paper and paper products,2018-08-01,All India,-5.00438981562775,percent YoY growth,monthly,Index of Industrial Production (1).xlsx,
industry,IIP use-based,Manufacture of paper and paper products,2018-09-01,All India,-2.26628895184137,percent YoY growth,monthly,Index of Industrial Production (1).xlsx,
industry,IIP use-based,Manufacture of paper and paper products,2018-10-01,All India,-0.0922509225092329,percent YoY growth,monthly,Index of Industrial Production (1).xlsx,
industry,IIP use-based,Manufacture of paper and paper products,2018-11-01,All India,-4.99040307101728,percent YoY growth,monthly,Index of Industrial Production (1).xlsx,
industry,IIP use-based,Manufacture of paper and paper products,2018-12-01,All India,-5.89861751152074,percent YoY growth,monthly,Index of Industrial Production (1).xlsx,
industry,IIP use-based,Manufacture of paper and paper products,2019-01-01,All India,-6.93160813308688,percent YoY growth,monthly,Index of Industrial Production (1).xlsx,
industry,IIP use-based,Manufacture of paper and paper products,2019-02-01,All India,-9.1897233201581,percent YoY growth,monthly,Index of Industrial Production (1).xlsx,
industry,IIP use-based,Manufacture of paper and paper products,2019-03-01,All India,-11.6237799467613,percent YoY growth,monthly,Index of Industrial Production (1).xlsx,
industry,IIP use-based,Manufacture of paper and paper products,2019-04-01,All India,-12.7441860465116,percent YoY growth,monthly,Index of Industrial Production (1).xlsx,
industry,IIP use-based,Manufacture of paper and paper products,2019-05-01,All India,-11.5101289134438,percent YoY growth,monthly,Index of Industrial Production (1).xlsx,
industry,IIP use-based,Manufacture of paper and paper products,2019-06-01,All India,-18.8969258589512,percent YoY growth,monthly,Index of Industrial Production (1).xlsx,
industry,IIP use-based,Manufacture of paper and paper products,2019-07-01,All India,-13.0155820348304,percent YoY growth,monthly,Index of Industrial Production (1).xlsx,
industry,IIP use-based,Manufacture of paper and paper products,2019-08-01,All India,-13.3086876155268,percent YoY growth,monthly,Index of Industrial Production (1).xlsx,
industry,IIP use-based,Manufacture of paper and paper products,2019-09-01,All India,-9.27536231884057,percent YoY growth,monthly,Index of Industrial Production (1).xlsx,
industry,IIP use-based,Manufacture of paper and paper products,2019-10-01,All India,-15.5124653739612,percent YoY growth,monthly,Index of Industrial Production (1).xlsx,
industry,IIP use-based,Manufacture of paper and paper products,2019-11-01,All India,-7.07070707070707,percent YoY growth,monthly,Index of Industrial Production (1).xlsx,
industry,IIP use-based,Manufacture of paper and paper products,2019-12-01,All India,-7.83545543584721,percent YoY growth,monthly,Index of Industrial Production (1).xlsx,
industry,IIP use-based,Manufacture of paper and paper products,2020-01-01,All India,-8.83813306852036,percent YoY growth,monthly,Index of Industrial Production (1).xlsx,
industry,IIP use-based,Manufacture of paper and paper products,2020-02-01,All India,-3.15560391730142,percent YoY growth,monthly,Index of Industrial Production (1).xlsx,
industry,IIP use-based,Manufacture of paper and paper products,2020-03-01,All India,-30.5220883534136,percent YoY growth,monthly,Index of Industrial Production (1).xlsx,
industry,IIP use-based,Manufacture of paper and paper products,2020-04-01,All India,-76.865671641791,percent YoY growth,monthly,Index of Industrial Production (1).xlsx,
industry,IIP use-based,Manufacture of paper and paper products,2020-05-01,All India,-47.6586888657648,percent YoY growth,monthly,Index of Industrial Production (1).xlsx,
industry,IIP use-based,Manufacture of paper and paper products,2020-06-01,All India,-7.58082497212932,percent YoY growth,monthly,Index of Industrial Production (1).xlsx,
industry,IIP use-based,Manufacture of paper and paper products,2020-07-01,All India,-29.3993677555321,percent YoY growth,monthly,Index of Industrial Production (1).xlsx,
industry,IIP use-based,Manufacture of paper and paper products,2020-08-01,All India,-15.7782515991471,percent YoY growth,monthly,Index of Industrial Production (1).xlsx,
industry,IIP use-based,Manufacture of paper and paper products,2020-09-01,All India,-31.629392971246,percent YoY growth,monthly,Index of Industrial Production (1).xlsx,
industry,IIP use-based,Manufacture of paper and paper products,2020-10-01,All India,-21.6393442622951,percent YoY growth,monthly,Index of Industrial Production (1).xlsx,
industry,IIP use-based,Manufacture of paper and paper products,2020-11-01,All India,-22.1739130434783,percent YoY growth,monthly,Index of Industrial Production (1).xlsx,
industry,IIP use-based,Manufacture of paper and paper products,2020-12-01,All India,-17.0031880977683,percent YoY growth,monthly,Index of Industrial Production (1).xlsx,
industry,IIP use-based,Manufacture of paper and paper products,2021-01-01,All India,-12.636165577342,percent YoY growth,monthly,Index of Industrial Production (1).xlsx,
industry,IIP use-based,Manufacture of paper and paper products,2021-02-01,All India,-10.8988764044944,percent YoY growth,monthly,Index of Industrial Production (1).xlsx,
industry,IIP use-based,Manufacture of paper and paper products,2021-03-01,All India,29.6242774566474,percent YoY growth,monthly,Index of Industrial Production (1).xlsx,
industry,IIP use-based,Manufacture of paper and paper products,2021-05-01,All India,56.4612326043738,percent YoY growth,monthly,Index of Industrial Production (1).xlsx,
industry,IIP use-based,Manufacture of paper and paper products,2021-06-01,All India,-7.96139927623644,percent YoY growth,monthly,Index of Industrial Production (1).xlsx,
industry,IIP use-based,Manufacture of paper and paper products,2021-07-01,All India,27.0149253731343,percent YoY growth,monthly,Index of Industrial Production (1).xlsx,
industry,IIP use-based,Manufacture of paper and paper products,2021-08-01,All India,4.81012658227848,percent YoY growth,monthly,Index of Industrial Production (1).xlsx,
industry,IIP use-based,Manufacture of paper and paper products,2021-09-01,All India,19.7819314641745,percent YoY growth,monthly,Index of Industrial Production (1).xlsx,
industry,IIP use-based,Manufacture of paper and paper products,2021-10-01,All India,20.6415620641562,percent YoY growth,monthly,Index of Industrial Production (1).xlsx,
industry,IIP use-based,Manufacture of paper and paper products,2021-11-01,All India,11.3128491620112,percent YoY growth,monthly,Index of Industrial Production (1).xlsx,
industry,IIP use-based,Manufacture of paper and paper products,2021-12-01,All India,4.22535211267607,percent YoY growth,monthly,Index of Industrial Production (1).xlsx,
industry,IIP use-based,Manufacture of paper and paper products,2022-01-01,All India,2.36907730673316,percent YoY growth,monthly,Index of Industrial Production (1).xlsx,
industry,IIP use-based,Manufacture of paper and paper products,2022-02-01,All India,-0.630517023959647,percent YoY growth,monthly,Index of Industrial Production (1).xlsx,
industry,IIP use-based,Manufacture of paper and paper products,2022-03-01,All India,-4.01337792642141,percent YoY growth,monthly,Index of Industrial Production (1).xlsx,
industry,IIP use-based,Manufacture of paper and paper products,2022-04-01,All India,-1.92962542565265,percent YoY growth,monthly,Index of Industrial Production (1).xlsx,
industry,IIP use-based,Manufacture of paper and paper products,2022-05-01,All India,9.65692503176619,percent YoY growth,monthly,Index of Industrial Production (1).xlsx,
industry,IIP use-based,Manufacture of paper and paper products,2022-06-01,All India,8.25688073394495,percent YoY growth,monthly,Index of Industrial Production (1).xlsx,
industry,IIP use-based,Manufacture of paper and paper products,2022-07-01,All India,-0.235017626321961,percent YoY growth,monthly,Index of Industrial Production (1).xlsx,
industry,IIP use-based,Manufacture of paper and paper products,2022-08-01,All India,-0.120772946859897,percent YoY growth,monthly,Index of Industrial Production (1).xlsx,
industry,IIP use-based,Manufacture of paper and paper products,2022-09-01,All India,6.111833550065,percent YoY growth,monthly,Index of Industrial Production (1).xlsx,
industry,IIP use-based,Manufacture of paper and paper products,2022-10-01,All India,-8.09248554913295,percent YoY growth,monthly,Index of Industrial Production (1).xlsx,
industry,IIP use-based,Manufacture of paper and paper products,2022-11-01,All India,-2.50941028858218,percent YoY growth,monthly,Index of Industrial Production (1).xlsx,
industry,IIP use-based,Manufacture of paper and paper products,2022-12-01,All India,3.8083538083538,percent YoY growth,monthly,Index of Industrial Production (1).xlsx,
industry,IIP use-based,Manufacture of paper and paper products,2023-01-01,All India,2.67965895249696,percent YoY growth,monthly,Index of Industrial Production (1).xlsx,
industry,IIP use-based,Manufacture of paper and paper products,2023-02-01,All India,-4.69543147208122,percent YoY growth,monthly,Index of Industrial Production (1).xlsx,
industry,IIP use-based,Manufacture of paper and paper products,2023-03-01,All India,-3.48432055749129,percent YoY growth,monthly,Index of Industrial Production (1).xlsx,
industry,IIP use-based,Manufacture of paper and paper products,2023-04-01,All India,-7.6388888888889,percent YoY growth,monthly,Index of Industrial Production (1).xlsx,
industry,IIP use-based,Manufacture of paper and paper products,2023-05-01,All India,-9.7334878331402,percent YoY growth,monthly,Index of Industrial Production (1).xlsx,
industry,IIP use-based,Manufacture of paper and paper products,2023-06-01,All India,-1.57384987893462,percent YoY growth,monthly,Index of Industrial Production (1).xlsx,
industry,IIP use-based,Manufacture of paper and paper products,2023-07-01,All India,-3.29799764428741,percent YoY growth,monthly,Index of Industrial Production (1).xlsx,
industry,IIP use-based,Manufacture of paper and paper products,2023-08-01,All India,-0.483675937122135,percent YoY growth,monthly,Index of Industrial Production (1).xlsx,
industry,IIP use-based,Manufacture of paper and paper products,2023-09-01,All India,-3.79901960784313,percent YoY growth,monthly,Index of Industrial Production (1).xlsx,
industry,IIP use-based,Manufacture of paper and paper products,2023-10-01,All India,-1.25786163522013,percent YoY growth,monthly,Index of Industrial Production (1).xlsx,
industry,IIP use-based,Manufacture of paper and paper products,2023-11-01,All India,-5.66280566280567,percent YoY growth,monthly,Index of Industrial Production (1).xlsx,
industry,IIP use-based,Manufacture of paper and paper products,2023-12-01,All India,-7.57396449704143,percent YoY growth,monthly,Index of Industrial Production (1).xlsx,
industry,IIP use-based,Manufacture of paper and paper products,2024-01-01,All India,-6.16844602609728,percent YoY growth,monthly,Index of Industrial Production (1).xlsx,
industry,IIP use-based,Manufacture of paper and paper products,2024-02-01,All India,5.45938748335554,percent YoY growth,monthly,Index of Industrial Production (1).xlsx,
industry,IIP use-based,Manufacture of paper and paper products,2024-03-01,All India,-0.12033694344163,percent YoY growth,monthly,Index of Industrial Production (1).xlsx,
industry,IIP use-based,Manufacture of paper and paper products,2024-04-01,All India,-5.26315789473685,percent YoY growth,monthly,Index of Industrial Production (1).xlsx,
industry,IIP use-based,Manufacture of paper and paper products,2024-05-01,All India,3.97946084724004,percent YoY growth,monthly,Index of Industrial Production (1).xlsx,
industry,IIP use-based,Manufacture of paper and paper products,2024-06-01,All India,-1.8450184501845,percent YoY growth,monthly,Index of Industrial Production (1).xlsx,
industry,IIP use-based,Manufacture of paper and paper products,2024-07-01,All India,-0.4872107186358,percent YoY growth,monthly,Index of Industrial Production (1).xlsx,
industry,IIP use-based,Manufacture of paper and paper products,2024-08-01,All India,0.850546780072907,percent YoY growth,monthly,Index of Industrial Production (1).xlsx,
industry,IIP use-based,Manufacture of paper and paper products,2024-09-01,All India,3.43949044585988,percent YoY growth,monthly,Index of Industrial Production (1).xlsx,
industry,IIP use-based,Manufacture of paper and paper products,2024-10-01,All India,-0.254777070063698,percent YoY growth,monthly,Index of Industrial Production (1).xlsx,
industry,IIP use-based,Manufacture of paper and paper products,2024-11-01,All India,2.31923601637108,percent YoY growth,monthly,Index of Industrial Production (1).xlsx,
industry,IIP use-based,Manufacture of paper and paper products,2024-12-01,All India,-1.53649167733673,percent YoY growth,monthly,Index of Industrial Production (1).xlsx,
industry,IIP use-based,Manufacture of paper and paper products,2025-01-01,All India,-3.03413400758532,percent YoY growth,monthly,Index of Industrial Production (1).xlsx,
industry,IIP use-based,Manufacture of paper and paper products,2025-02-01,All India,-8.83838383838384,percent YoY growth,monthly,Index of Industrial Production (1).xlsx,
industry,IIP use-based,Manufacture of paper and paper products,2025-03-01,All India,-5.78313253012048,percent YoY growth,monthly,Index of Industrial Production (1).xlsx,
industry,IIP use-based,Manufacture of paper and paper products,2025-04-01,All India,-2.5132275132275,percent YoY growth,monthly,Index of Industrial Production (1).xlsx,
industry,IIP use-based,Manufacture of paper and paper products,2025-05-01,All India,-4.44444444444444,percent YoY growth,monthly,Index of Industrial Production (1).xlsx,
industry,IIP use-based,Manufacture of paper and paper products,2025-06-01,All India,-3.1328320802005,percent YoY growth,monthly,Index of Industrial Production (1).xlsx,
industry,IIP use-based,Manufacture of paper and paper products,2025-07-01,All India,-2.81517747858017,percent YoY growth,monthly,Index of Industrial Production (1).xlsx,
industry,IIP use-based,Manufacture of paper and paper products,2025-08-01,All India,-3.13253012048192,percent YoY growth,monthly,Index of Industrial Production (1).xlsx,
industry,IIP use-based,Manufacture of paper and paper products,2025-09-01,All India,-3.44827586206896,percent YoY growth,monthly,Index of Industrial Production (1).xlsx,
industry,IIP use-based,Manufacture of paper and paper products,2025-10-01,All India,-2.29885057471264,percent YoY growth,monthly,Index of Industrial Production (1).xlsx,
industry,IIP use-based,Manufacture of paper and paper products,2025-11-01,All India,4.0,percent YoY growth,monthly,Index of Industrial Production (1).xlsx,
industry,IIP use-based,Manufacture of paper and paper products,2025-12-01,All India,7.02210663198959,percent YoY growth,monthly,Index of Industrial Production (1).xlsx,
industry,IIP use-based,Manufacture of paper and paper products,2026-01-01,All India,5.73663624511081,percent YoY growth,monthly,Index of Industrial Production (1).xlsx,
industry,IIP use-based,Manufacture of paper and paper products,2026-02-01,All India,8.58725761772854,percent YoY growth,monthly,Index of Industrial Production (1).xlsx,
industry,IIP use-based,Manufacture of paper and paper products,2026-03-01,All India,6.52173913043478,percent YoY growth,monthly,Index of Industrial Production (1).xlsx,
industry,IIP use-based,"Manufacture of pharmaceuticals, medicinal chemical and botanical products",2013-04-01,All India,20.0704225352113,percent YoY growth,monthly,Index of Industrial Production (1).xlsx,
industry,IIP use-based,"Manufacture of pharmaceuticals, medicinal chemical and botanical products",2013-05-01,All India,23.1327800829875,percent YoY growth,monthly,Index of Industrial Production (1).xlsx,
industry,IIP use-based,"Manufacture of pharmaceuticals, medicinal chemical and botanical products",2013-06-01,All India,-8.23627287853578,percent YoY growth,monthly,Index of Industrial Production (1).xlsx,
industry,IIP use-based,"Manufacture of pharmaceuticals, medicinal chemical and botanical products",2013-07-01,All India,-0.167504187604692,percent YoY growth,monthly,Index of Industrial Production (1).xlsx,
industry,IIP use-based,"Manufacture of pharmaceuticals, medicinal chemical and botanical products",2013-08-01,All India,1.77849636216653,percent YoY growth,monthly,Index of Industrial Production (1).xlsx,
industry,IIP use-based,"Manufacture of pharmaceuticals, medicinal chemical and botanical products",2013-09-01,All India,6.41711229946524,percent YoY growth,monthly,Index of Industrial Production (1).xlsx,
industry,IIP use-based,"Manufacture of pharmaceuticals, medicinal chemical and botanical products",2013-10-01,All India,6.42023346303503,percent YoY growth,monthly,Index of Industrial Production (1).xlsx,
industry,IIP use-based,"Manufacture of pharmaceuticals, medicinal chemical and botanical products",2013-11-01,All India,5.27363184079602,percent YoY growth,monthly,Index of Industrial Production (1).xlsx,
industry,IIP use-based,"Manufacture of pharmaceuticals, medicinal chemical and botanical products",2013-12-01,All India,9.09090909090909,percent YoY growth,monthly,Index of Industrial Production (1).xlsx,
industry,IIP use-based,"Manufacture of pharmaceuticals, medicinal chemical and botanical products",2014-01-01,All India,11.1326234269119,percent YoY growth,monthly,Index of Industrial Production (1).xlsx,
industry,IIP use-based,"Manufacture of pharmaceuticals, medicinal chemical and botanical products",2014-02-01,All India,4.364694471387,percent YoY growth,monthly,Index of Industrial Production (1).xlsx,
industry,IIP use-based,"Manufacture of pharmaceuticals, medicinal chemical and botanical products",2014-03-01,All India,-1.4406779661017,percent YoY growth,monthly,Index of Industrial Production (1).xlsx,
industry,IIP use-based,"Manufacture of pharmaceuticals, medicinal chemical and botanical products",2014-04-01,All India,0.977517106549365,percent YoY growth,monthly,Index of Industrial Production (1).xlsx,
industry,IIP use-based,"Manufacture of pharmaceuticals, medicinal chemical and botanical products",2014-05-01,All India,-8.93007582139849,percent YoY growth,monthly,Index of Industrial Production (1).xlsx,
industry,IIP use-based,"Manufacture of pharmaceuticals, medicinal chemical and botanical products",2014-06-01,All India,3.08250226654579,percent YoY growth,monthly,Index of Industrial Production (1).xlsx,
industry,IIP use-based,"Manufacture of pharmaceuticals, medicinal chemical and botanical products",2014-07-01,All India,-5.78859060402685,percent YoY growth,monthly,Index of Industrial Production (1).xlsx,
industry,IIP use-based,"Manufacture of pharmaceuticals, medicinal chemical and botanical products",2014-08-01,All India,-11.6759332803813,percent YoY growth,monthly,Index of Industrial Production (1).xlsx,
industry,IIP use-based,"Manufacture of pharmaceuticals, medicinal chemical and botanical products",2014-09-01,All India,-3.51758793969849,percent YoY growth,monthly,Index of Industrial Production (1).xlsx,
industry,IIP use-based,"Manufacture of pharmaceuticals, medicinal chemical and botanical products",2014-10-01,All India,-12.4314442413163,percent YoY growth,monthly,Index of Industrial Production (1).xlsx,
industry,IIP use-based,"Manufacture of pharmaceuticals, medicinal chemical and botanical products",2014-11-01,All India,2.64650283553875,percent YoY growth,monthly,Index of Industrial Production (1).xlsx,
industry,IIP use-based,"Manufacture of pharmaceuticals, medicinal chemical and botanical products",2014-12-01,All India,0.980392156862736,percent YoY growth,monthly,Index of Industrial Production (1).xlsx,
industry,IIP use-based,"Manufacture of pharmaceuticals, medicinal chemical and botanical products",2015-01-01,All India,10.7142857142857,percent YoY growth,monthly,Index of Industrial Production (1).xlsx,
industry,IIP use-based,"Manufacture of pharmaceuticals, medicinal chemical and botanical products",2015-02-01,All India,23.1412639405205,percent YoY growth,monthly,Index of Industrial Production (1).xlsx,
industry,IIP use-based,"Manufacture of pharmaceuticals, medicinal chemical and botanical products",2015-03-01,All India,29.7506448839209,percent YoY growth,monthly,Index of Industrial Production (1).xlsx,
industry,IIP use-based,"Manufacture of pharmaceuticals, medicinal chemical and botanical products",2015-04-01,All India,14.133591481123,percent YoY growth,monthly,Index of Industrial Production (1).xlsx,
industry,IIP use-based,"Manufacture of pharmaceuticals, medicinal chemical and botanical products",2015-05-01,All India,18.2238667900093,percent YoY growth,monthly,Index of Industrial Production (1).xlsx,
industry,IIP use-based,"Manufacture of pharmaceuticals, medicinal chemical and botanical products",2015-06-01,All India,8.35532102022867,percent YoY growth,monthly,Index of Industrial Production (1).xlsx,
industry,IIP use-based,"Manufacture of pharmaceuticals, medicinal chemical and botanical products",2015-07-01,All India,4.27426536064114,percent YoY growth,monthly,Index of Industrial Production (1).xlsx,
industry,IIP use-based,"Manufacture of pharmaceuticals, medicinal chemical and botanical products",2015-08-01,All India,12.8597122302158,percent YoY growth,monthly,Index of Industrial Production (1).xlsx,
industry,IIP use-based,"Manufacture of pharmaceuticals, medicinal chemical and botanical products",2015-09-01,All India,8.50694444444444,percent YoY growth,monthly,Index of Industrial Production (1).xlsx,
industry,IIP use-based,"Manufacture of pharmaceuticals, medicinal chemical and botanical products",2015-10-01,All India,42.901878914405,percent YoY growth,monthly,Index of Industrial Production (1).xlsx,
industry,IIP use-based,"Manufacture of pharmaceuticals, medicinal chemical and botanical products",2015-11-01,All India,35.451197053407,percent YoY growth,monthly,Index of Industrial Production (1).xlsx,
industry,IIP use-based,"Manufacture of pharmaceuticals, medicinal chemical and botanical products",2015-12-01,All India,23.9482200647249,percent YoY growth,monthly,Index of Industrial Production (1).xlsx,
industry,IIP use-based,"Manufacture of pharmaceuticals, medicinal chemical and botanical products",2016-01-01,All India,7.63178599527932,percent YoY growth,monthly,Index of Industrial Production (1).xlsx,
industry,IIP use-based,"Manufacture of pharmaceuticals, medicinal chemical and botanical products",2016-02-01,All India,0.905660377358482,percent YoY growth,monthly,Index of Industrial Production (1).xlsx,
industry,IIP use-based,"Manufacture of pharmaceuticals, medicinal chemical and botanical products",2016-03-01,All India,-6.29555997349238,percent YoY growth,monthly,Index of Industrial Production (1).xlsx,
industry,IIP use-based,"Manufacture of pharmaceuticals, medicinal chemical and botanical products",2016-04-01,All India,18.2357930449534,percent YoY growth,monthly,Index of Industrial Production (1).xlsx,
industry,IIP use-based,"Manufacture of pharmaceuticals, medicinal chemical and botanical products",2016-05-01,All India,38.4194053208138,percent YoY growth,monthly,Index of Industrial Production (1).xlsx,
industry,IIP use-based,"Manufacture of pharmaceuticals, medicinal chemical and botanical products",2016-06-01,All India,30.3571428571429,percent YoY growth,monthly,Index of Industrial Production (1).xlsx,
industry,IIP use-based,"Manufacture of pharmaceuticals, medicinal chemical and botanical products",2016-07-01,All India,42.7839453458582,percent YoY growth,monthly,Index of Industrial Production (1).xlsx,
industry,IIP use-based,"Manufacture of pharmaceuticals, medicinal chemical and botanical products",2016-08-01,All India,34.4223107569721,percent YoY growth,monthly,Index of Industrial Production (1).xlsx,
industry,IIP use-based,"Manufacture of pharmaceuticals, medicinal chemical and botanical products",2016-09-01,All India,35.12,percent YoY growth,monthly,Index of Industrial Production (1).xlsx,
industry,IIP use-based,"Manufacture of pharmaceuticals, medicinal chemical and botanical products",2016-10-01,All India,18.9919649379109,percent YoY growth,monthly,Index of Industrial Production (1).xlsx,
industry,IIP use-based,"Manufacture of pharmaceuticals, medicinal chemical and botanical products",2016-11-01,All India,9.17743031951054,percent YoY growth,monthly,Index of Industrial Production (1).xlsx,
industry,IIP use-based,"Manufacture of pharmaceuticals, medicinal chemical and botanical products",2016-12-01,All India,12.6631853785901,percent YoY growth,monthly,Index of Industrial Production (1).xlsx,
industry,IIP use-based,"Manufacture of pharmaceuticals, medicinal chemical and botanical products",2017-01-01,All India,38.7426900584795,percent YoY growth,monthly,Index of Industrial Production (1).xlsx,
industry,IIP use-based,"Manufacture of pharmaceuticals, medicinal chemical and botanical products",2017-02-01,All India,55.3477935676889,percent YoY growth,monthly,Index of Industrial Production (1).xlsx,
industry,IIP use-based,"Manufacture of pharmaceuticals, medicinal chemical and botanical products",2017-03-01,All India,36.3507779349364,percent YoY growth,monthly,Index of Industrial Production (1).xlsx,
industry,IIP use-based,"Manufacture of pharmaceuticals, medicinal chemical and botanical products",2017-04-01,All India,30.7030129124821,percent YoY growth,monthly,Index of Industrial Production (1).xlsx,
industry,IIP use-based,"Manufacture of pharmaceuticals, medicinal chemical and botanical products",2017-05-01,All India,27.303561334087,percent YoY growth,monthly,Index of Industrial Production (1).xlsx,
industry,IIP use-based,"Manufacture of pharmaceuticals, medicinal chemical and botanical products",2017-06-01,All India,18.9290161892902,percent YoY growth,monthly,Index of Industrial Production (1).xlsx,
industry,IIP use-based,"Manufacture of pharmaceuticals, medicinal chemical and botanical products",2017-07-01,All India,19.7368421052632,percent YoY growth,monthly,Index of Industrial Production (1).xlsx,
industry,IIP use-based,"Manufacture of pharmaceuticals, medicinal chemical and botanical products",2017-08-01,All India,16.7753408417309,percent YoY growth,monthly,Index of Industrial Production (1).xlsx,
industry,IIP use-based,"Manufacture of pharmaceuticals, medicinal chemical and botanical products",2017-09-01,All India,26.1693309650681,percent YoY growth,monthly,Index of Industrial Production (1).xlsx,
industry,IIP use-based,"Manufacture of pharmaceuticals, medicinal chemical and botanical products",2017-10-01,All India,22.5905463474524,percent YoY growth,monthly,Index of Industrial Production (1).xlsx,
industry,IIP use-based,"Manufacture of pharmaceuticals, medicinal chemical and botanical products",2017-11-01,All India,40.7845579078456,percent YoY growth,monthly,Index of Industrial Production (1).xlsx,
industry,IIP use-based,"Manufacture of pharmaceuticals, medicinal chemical and botanical products",2017-12-01,All India,33.0243337195829,percent YoY growth,monthly,Index of Industrial Production (1).xlsx,
industry,IIP use-based,"Manufacture of pharmaceuticals, medicinal chemical and botanical products",2018-01-01,All India,22.0231822971549,percent YoY growth,monthly,Index of Industrial Production (1).xlsx,
industry,IIP use-based,"Manufacture of pharmaceuticals, medicinal chemical and botanical products",2018-02-01,All India,4.91092922484353,percent YoY growth,monthly,Index of Industrial Production (1).xlsx,
industry,IIP use-based,"Manufacture of pharmaceuticals, medicinal chemical and botanical products",2018-03-01,All India,20.0726141078838,percent YoY growth,monthly,Index of Industrial Production (1).xlsx,
industry,IIP use-based,"Manufacture of pharmaceuticals, medicinal chemical and botanical products",2018-04-01,All India,6.97036223929749,percent YoY growth,monthly,Index of Industrial Production (1).xlsx,
industry,IIP use-based,"Manufacture of pharmaceuticals, medicinal chemical and botanical products",2018-05-01,All India,-7.72646536412077,percent YoY growth,monthly,Index of Industrial Production (1).xlsx,
industry,IIP use-based,"Manufacture of pharmaceuticals, medicinal chemical and botanical products",2018-06-01,All India,-0.73298429319372,percent YoY growth,monthly,Index of Industrial Production (1).xlsx,
industry,IIP use-based,"Manufacture of pharmaceuticals, medicinal chemical and botanical products",2018-07-01,All India,5.99400599400599,percent YoY growth,monthly,Index of Industrial Production (1).xlsx,
industry,IIP use-based,"Manufacture of pharmaceuticals, medicinal chemical and botanical products",2018-08-01,All India,8.07106598984772,percent YoY growth,monthly,Index of Industrial Production (1).xlsx,
industry,IIP use-based,"Manufacture of pharmaceuticals, medicinal chemical and botanical products",2018-09-01,All India,6.28812763960582,percent YoY growth,monthly,Index of Industrial Production (1).xlsx,
industry,IIP use-based,"Manufacture of pharmaceuticals, medicinal chemical and botanical products",2018-10-01,All India,6.30946419629445,percent YoY growth,monthly,Index of Industrial Production (1).xlsx,
industry,IIP use-based,"Manufacture of pharmaceuticals, medicinal chemical and botanical products",2018-11-01,All India,-2.29986731534719,percent YoY growth,monthly,Index of Industrial Production (1).xlsx,
industry,IIP use-based,"Manufacture of pharmaceuticals, medicinal chemical and botanical products",2018-12-01,All India,1.52439024390244,percent YoY growth,monthly,Index of Industrial Production (1).xlsx,
industry,IIP use-based,"Manufacture of pharmaceuticals, medicinal chemical and botanical products",2019-01-01,All India,-2.2020725388601,percent YoY growth,monthly,Index of Industrial Production (1).xlsx,
industry,IIP use-based,"Manufacture of pharmaceuticals, medicinal chemical and botanical products",2019-02-01,All India,1.92748967416245,percent YoY growth,monthly,Index of Industrial Production (1).xlsx,
industry,IIP use-based,"Manufacture of pharmaceuticals, medicinal chemical and botanical products",2019-03-01,All India,-1.68466522678186,percent YoY growth,monthly,Index of Industrial Production (1).xlsx,
industry,IIP use-based,"Manufacture of pharmaceuticals, medicinal chemical and botanical products",2019-04-01,All India,4.05336069779374,percent YoY growth,monthly,Index of Industrial Production (1).xlsx,
industry,IIP use-based,"Manufacture of pharmaceuticals, medicinal chemical and botanical products",2019-05-01,All India,7.60346487006736,percent YoY growth,monthly,Index of Industrial Production (1).xlsx,
industry,IIP use-based,"Manufacture of pharmaceuticals, medicinal chemical and botanical products",2019-06-01,All India,6.0126582278481,percent YoY growth,monthly,Index of Industrial Production (1).xlsx,
industry,IIP use-based,"Manufacture of pharmaceuticals, medicinal chemical and botanical products",2019-07-01,All India,3.20452403393026,percent YoY growth,monthly,Index of Industrial Production (1).xlsx,
industry,IIP use-based,"Manufacture of pharmaceuticals, medicinal chemical and botanical products",2019-08-01,All India,6.43494598403005,percent YoY growth,monthly,Index of Industrial Production (1).xlsx,
industry,IIP use-based,"Manufacture of pharmaceuticals, medicinal chemical and botanical products",2019-09-01,All India,-2.07505518763796,percent YoY growth,monthly,Index of Industrial Production (1).xlsx,
industry,IIP use-based,"Manufacture of pharmaceuticals, medicinal chemical and botanical products",2019-10-01,All India,-0.188412623645787,percent YoY growth,monthly,Index of Industrial Production (1).xlsx,
industry,IIP use-based,"Manufacture of pharmaceuticals, medicinal chemical and botanical products",2019-11-01,All India,3.34993209597103,percent YoY growth,monthly,Index of Industrial Production (1).xlsx,
industry,IIP use-based,"Manufacture of pharmaceuticals, medicinal chemical and botanical products",2019-12-01,All India,-3.56070356070355,percent YoY growth,monthly,Index of Industrial Production (1).xlsx,
industry,IIP use-based,"Manufacture of pharmaceuticals, medicinal chemical and botanical products",2020-01-01,All India,-0.529801324503306,percent YoY growth,monthly,Index of Industrial Production (1).xlsx,
industry,IIP use-based,"Manufacture of pharmaceuticals, medicinal chemical and botanical products",2020-02-01,All India,2.70148581719946,percent YoY growth,monthly,Index of Industrial Production (1).xlsx,
industry,IIP use-based,"Manufacture of pharmaceuticals, medicinal chemical and botanical products",2020-03-01,All India,-25.9226713532513,percent YoY growth,monthly,Index of Industrial Production (1).xlsx,
industry,IIP use-based,"Manufacture of pharmaceuticals, medicinal chemical and botanical products",2020-04-01,All India,-53.8461538461539,percent YoY growth,monthly,Index of Industrial Production (1).xlsx,
industry,IIP use-based,"Manufacture of pharmaceuticals, medicinal chemical and botanical products",2020-05-01,All India,4.78533094812165,percent YoY growth,monthly,Index of Industrial Production (1).xlsx,
industry,IIP use-based,"Manufacture of pharmaceuticals, medicinal chemical and botanical products",2020-06-01,All India,17.9601990049751,percent YoY growth,monthly,Index of Industrial Production (1).xlsx,
industry,IIP use-based,"Manufacture of pharmaceuticals, medicinal chemical and botanical products",2020-07-01,All India,11.0045662100457,percent YoY growth,monthly,Index of Industrial Production (1).xlsx,
industry,IIP use-based,"Manufacture of pharmaceuticals, medicinal chemical and botanical products",2020-08-01,All India,-2.07413945278022,percent YoY growth,monthly,Index of Industrial Production (1).xlsx,
industry,IIP use-based,"Manufacture of pharmaceuticals, medicinal chemical and botanical products",2020-09-01,All India,6.40216411181244,percent YoY growth,monthly,Index of Industrial Production (1).xlsx,
industry,IIP use-based,"Manufacture of pharmaceuticals, medicinal chemical and botanical products",2020-10-01,All India,13.0722038697499,percent YoY growth,monthly,Index of Industrial Production (1).xlsx,
industry,IIP use-based,"Manufacture of pharmaceuticals, medicinal chemical and botanical products",2020-11-01,All India,-1.00744634253176,percent YoY growth,monthly,Index of Industrial Production (1).xlsx,
industry,IIP use-based,"Manufacture of pharmaceuticals, medicinal chemical and botanical products",2020-12-01,All India,6.71708185053381,percent YoY growth,monthly,Index of Industrial Production (1).xlsx,
industry,IIP use-based,"Manufacture of pharmaceuticals, medicinal chemical and botanical products",2021-01-01,All India,-8.83266755437195,percent YoY growth,monthly,Index of Industrial Production (1).xlsx,
industry,IIP use-based,"Manufacture of pharmaceuticals, medicinal chemical and botanical products",2021-02-01,All India,-4.95396755808855,percent YoY growth,monthly,Index of Industrial Production (1).xlsx,
industry,IIP use-based,"Manufacture of pharmaceuticals, medicinal chemical and botanical products",2021-03-01,All India,36.8327402135231,percent YoY growth,monthly,Index of Industrial Production (1).xlsx,
industry,IIP use-based,"Manufacture of pharmaceuticals, medicinal chemical and botanical products",2021-05-01,All India,-7.34101579172002,percent YoY growth,monthly,Index of Industrial Production (1).xlsx,
industry,IIP use-based,"Manufacture of pharmaceuticals, medicinal chemical and botanical products",2021-06-01,All India,-4.30198228595529,percent YoY growth,monthly,Index of Industrial Production (1).xlsx,
industry,IIP use-based,"Manufacture of pharmaceuticals, medicinal chemical and botanical products",2021-07-01,All India,-5.96462361168244,percent YoY growth,monthly,Index of Industrial Production (1).xlsx,
industry,IIP use-based,"Manufacture of pharmaceuticals, medicinal chemical and botanical products",2021-08-01,All India,5.3627760252366,percent YoY growth,monthly,Index of Industrial Production (1).xlsx,
industry,IIP use-based,"Manufacture of pharmaceuticals, medicinal chemical and botanical products",2021-09-01,All India,1.05932203389831,percent YoY growth,monthly,Index of Industrial Production (1).xlsx,
industry,IIP use-based,"Manufacture of pharmaceuticals, medicinal chemical and botanical products",2021-10-01,All India,-1.21035058430718,percent YoY growth,monthly,Index of Industrial Production (1).xlsx,
industry,IIP use-based,"Manufacture of pharmaceuticals, medicinal chemical and botanical products",2021-11-01,All India,0.530973451327429,percent YoY growth,monthly,Index of Industrial Production (1).xlsx,
industry,IIP use-based,"Manufacture of pharmaceuticals, medicinal chemical and botanical products",2021-12-01,All India,-1.00041684035015,percent YoY growth,monthly,Index of Industrial Production (1).xlsx,
industry,IIP use-based,"Manufacture of pharmaceuticals, medicinal chemical and botanical products",2022-01-01,All India,8.71470301850049,percent YoY growth,monthly,Index of Industrial Production (1).xlsx,
industry,IIP use-based,"Manufacture of pharmaceuticals, medicinal chemical and botanical products",2022-02-01,All India,-14.0682656826568,percent YoY growth,monthly,Index of Industrial Production (1).xlsx,
industry,IIP use-based,"Manufacture of pharmaceuticals, medicinal chemical and botanical products",2022-03-01,All India,-12.8738621586476,percent YoY growth,monthly,Index of Industrial Production (1).xlsx,
industry,IIP use-based,"Manufacture of pharmaceuticals, medicinal chemical and botanical products",2022-04-01,All India,-5.5363321799308,percent YoY growth,monthly,Index of Industrial Production (1).xlsx,
industry,IIP use-based,"Manufacture of pharmaceuticals, medicinal chemical and botanical products",2022-05-01,All India,-13.4039613081529,percent YoY growth,monthly,Index of Industrial Production (1).xlsx,
industry,IIP use-based,"Manufacture of pharmaceuticals, medicinal chemical and botanical products",2022-06-01,All India,-4.58351696782724,percent YoY growth,monthly,Index of Industrial Production (1).xlsx,
industry,IIP use-based,"Manufacture of pharmaceuticals, medicinal chemical and botanical products",2022-07-01,All India,-4.68066491688539,percent YoY growth,monthly,Index of Industrial Production (1).xlsx,
industry,IIP use-based,"Manufacture of pharmaceuticals, medicinal chemical and botanical products",2022-08-01,All India,-17.579127459367,percent YoY growth,monthly,Index of Industrial Production (1).xlsx,
industry,IIP use-based,"Manufacture of pharmaceuticals, medicinal chemical and botanical products",2022-09-01,All India,-14.0461215932914,percent YoY growth,monthly,Index of Industrial Production (1).xlsx,
industry,IIP use-based,"Manufacture of pharmaceuticals, medicinal chemical and botanical products",2022-10-01,All India,-20.532319391635,percent YoY growth,monthly,Index of Industrial Production (1).xlsx,
industry,IIP use-based,"Manufacture of pharmaceuticals, medicinal chemical and botanical products",2022-11-01,All India,10.2552816901409,percent YoY growth,monthly,Index of Industrial Production (1).xlsx,
industry,IIP use-based,"Manufacture of pharmaceuticals, medicinal chemical and botanical products",2022-12-01,All India,16.3368421052632,percent YoY growth,monthly,Index of Industrial Production (1).xlsx,
industry,IIP use-based,"Manufacture of pharmaceuticals, medicinal chemical and botanical products",2023-01-01,All India,9.22525750111957,percent YoY growth,monthly,Index of Industrial Production (1).xlsx,
industry,IIP use-based,"Manufacture of pharmaceuticals, medicinal chemical and botanical products",2023-02-01,All India,23.0810520665593,percent YoY growth,monthly,Index of Industrial Production (1).xlsx,
industry,IIP use-based,"Manufacture of pharmaceuticals, medicinal chemical and botanical products",2023-03-01,All India,-3.13432835820896,percent YoY growth,monthly,Index of Industrial Production (1).xlsx,
industry,IIP use-based,"Manufacture of pharmaceuticals, medicinal chemical and botanical products",2023-04-01,All India,24.0188383045526,percent YoY growth,monthly,Index of Industrial Production (1).xlsx,
industry,IIP use-based,"Manufacture of pharmaceuticals, medicinal chemical and botanical products",2023-05-01,All India,21.2234042553192,percent YoY growth,monthly,Index of Industrial Production (1).xlsx,
industry,IIP use-based,"Manufacture of pharmaceuticals, medicinal chemical and botanical products",2023-06-01,All India,4.06466512702079,percent YoY growth,monthly,Index of Industrial Production (1).xlsx,
industry,IIP use-based,"Manufacture of pharmaceuticals, medicinal chemical and botanical products",2023-07-01,All India,12.2074346030289,percent YoY growth,monthly,Index of Industrial Production (1).xlsx,
industry,IIP use-based,"Manufacture of pharmaceuticals, medicinal chemical and botanical products",2023-08-01,All India,17.2288531395952,percent YoY growth,monthly,Index of Industrial Production (1).xlsx,
industry,IIP use-based,"Manufacture of pharmaceuticals, medicinal chemical and botanical products",2023-09-01,All India,7.36585365853658,percent YoY growth,monthly,Index of Industrial Production (1).xlsx,
industry,IIP use-based,"Manufacture of pharmaceuticals, medicinal chemical and botanical products",2023-10-01,All India,13.1313131313131,percent YoY growth,monthly,Index of Industrial Production (1).xlsx,
industry,IIP use-based,"Manufacture of pharmaceuticals, medicinal chemical and botanical products",2023-11-01,All India,-2.4750499001996,percent YoY growth,monthly,Index of Industrial Production (1).xlsx,
industry,IIP use-based,"Manufacture of pharmaceuticals, medicinal chemical and botanical products",2023-12-01,All India,3.61925443358668,percent YoY growth,monthly,Index of Industrial Production (1).xlsx,
industry,IIP use-based,"Manufacture of pharmaceuticals, medicinal chemical and botanical products",2024-01-01,All India,0.697006970069696,percent YoY growth,monthly,Index of Industrial Production (1).xlsx,
industry,IIP use-based,"Manufacture of pharmaceuticals, medicinal chemical and botanical products",2024-02-01,All India,-10.3358046227649,percent YoY growth,monthly,Index of Industrial Production (1).xlsx,
industry,IIP use-based,"Manufacture of pharmaceuticals, medicinal chemical and botanical products",2024-03-01,All India,17.1032357473036,percent YoY growth,monthly,Index of Industrial Production (1).xlsx,
industry,IIP use-based,"Manufacture of pharmaceuticals, medicinal chemical and botanical products",2024-04-01,All India,3.12236286919831,percent YoY growth,monthly,Index of Industrial Production (1).xlsx,
industry,IIP use-based,"Manufacture of pharmaceuticals, medicinal chemical and botanical products",2024-05-01,All India,7.50329091706889,percent YoY growth,monthly,Index of Industrial Production (1).xlsx,
industry,IIP use-based,"Manufacture of pharmaceuticals, medicinal chemical and botanical products",2024-06-01,All India,-2.88504216600089,percent YoY growth,monthly,Index of Industrial Production (1).xlsx,
industry,IIP use-based,"Manufacture of pharmaceuticals, medicinal chemical and botanical products",2024-07-01,All India,-8.09815950920246,percent YoY growth,monthly,Index of Industrial Production (1).xlsx,
industry,IIP use-based,"Manufacture of pharmaceuticals, medicinal chemical and botanical products",2024-08-01,All India,-5.88756086764055,percent YoY growth,monthly,Index of Industrial Production (1).xlsx,
industry,IIP use-based,"Manufacture of pharmaceuticals, medicinal chemical and botanical products",2024-09-01,All India,1.27214902317129,percent YoY growth,monthly,Index of Industrial Production (1).xlsx,
industry,IIP use-based,"Manufacture of pharmaceuticals, medicinal chemical and botanical products",2024-10-01,All India,1.92669172932331,percent YoY growth,monthly,Index of Industrial Production (1).xlsx,
industry,IIP use-based,"Manufacture of pharmaceuticals, medicinal chemical and botanical products",2024-11-01,All India,2.90626279164961,percent YoY growth,monthly,Index of Industrial Production (1).xlsx,
industry,IIP use-based,"Manufacture of pharmaceuticals, medicinal chemical and botanical products",2024-12-01,All India,-9.5005239259518,percent YoY growth,monthly,Index of Industrial Production (1).xlsx,
industry,IIP use-based,"Manufacture of pharmaceuticals, medicinal chemical and botanical products",2025-01-01,All India,0.203583061889251,percent YoY growth,monthly,Index of Industrial Production (1).xlsx,
industry,IIP use-based,"Manufacture of pharmaceuticals, medicinal chemical and botanical products",2025-02-01,All India,3.01556420233464,percent YoY growth,monthly,Index of Industrial Production (1).xlsx,
industry,IIP use-based,"Manufacture of pharmaceuticals, medicinal chemical and botanical products",2025-03-01,All India,-4.25438596491228,percent YoY growth,monthly,Index of Industrial Production (1).xlsx,
industry,IIP use-based,"Manufacture of pharmaceuticals, medicinal chemical and botanical products",2025-04-01,All India,-5.27823240589198,percent YoY growth,monthly,Index of Industrial Production (1).xlsx,
industry,IIP use-based,"Manufacture of pharmaceuticals, medicinal chemical and botanical products",2025-05-01,All India,-0.612244897959184,percent YoY growth,monthly,Index of Industrial Production (1).xlsx,
industry,IIP use-based,"Manufacture of pharmaceuticals, medicinal chemical and botanical products",2025-06-01,All India,0.914076782449726,percent YoY growth,monthly,Index of Industrial Production (1).xlsx,
industry,IIP use-based,"Manufacture of pharmaceuticals, medicinal chemical and botanical products",2025-07-01,All India,3.51579884290165,percent YoY growth,monthly,Index of Industrial Production (1).xlsx,
industry,IIP use-based,"Manufacture of pharmaceuticals, medicinal chemical and botanical products",2025-08-01,All India,-9.36030103480715,percent YoY growth,monthly,Index of Industrial Production (1).xlsx,
industry,IIP use-based,"Manufacture of pharmaceuticals, medicinal chemical and botanical products",2025-09-01,All India,1.79452669358457,percent YoY growth,monthly,Index of Industrial Production (1).xlsx,
industry,IIP use-based,"Manufacture of pharmaceuticals, medicinal chemical and botanical products",2025-10-01,All India,-3.27339787920701,percent YoY growth,monthly,Index of Industrial Production (1).xlsx,
industry,IIP use-based,"Manufacture of pharmaceuticals, medicinal chemical and botanical products",2025-11-01,All India,10.9387430389817,percent YoY growth,monthly,Index of Industrial Production (1).xlsx,
industry,IIP use-based,"Manufacture of pharmaceuticals, medicinal chemical and botanical products",2025-12-01,All India,10.1891161713624,percent YoY growth,monthly,Index of Industrial Production (1).xlsx,
industry,IIP use-based,"Manufacture of pharmaceuticals, medicinal chemical and botanical products",2026-01-01,All India,-6.74522551808208,percent YoY growth,monthly,Index of Industrial Production (1).xlsx,
industry,IIP use-based,"Manufacture of pharmaceuticals, medicinal chemical and botanical products",2026-02-01,All India,-2.31350330500472,percent YoY growth,monthly,Index of Industrial Production (1).xlsx,
industry,IIP use-based,"Manufacture of pharmaceuticals, medicinal chemical and botanical products",2026-03-01,All India,2.74851122308749,percent YoY growth,monthly,Index of Industrial Production (1).xlsx,
industry,IIP use-based,Manufacture of rubber and plastics products,2013-04-01,All India,15.4171066525871,percent YoY growth,monthly,Index of Industrial Production (1).xlsx,
industry,IIP use-based,Manufacture of rubber and plastics products,2013-05-01,All India,12.136409227683,percent YoY growth,monthly,Index of Industrial Production (1).xlsx,
industry,IIP use-based,Manufacture of rubber and plastics products,2013-06-01,All India,10.7601184600197,percent YoY growth,monthly,Index of Industrial Production (1).xlsx,
industry,IIP use-based,Manufacture of rubber and plastics products,2013-07-01,All India,9.39012584704744,percent YoY growth,monthly,Index of Industrial Production (1).xlsx,
industry,IIP use-based,Manufacture of rubber and plastics products,2013-08-01,All India,11.9838872104733,percent YoY growth,monthly,Index of Industrial Production (1).xlsx,
industry,IIP use-based,Manufacture of rubber and plastics products,2013-09-01,All India,13.4615384615385,percent YoY growth,monthly,Index of Industrial Production (1).xlsx,
industry,IIP use-based,Manufacture of rubber and plastics products,2013-10-01,All India,9.68718466195763,percent YoY growth,monthly,Index of Industrial Production (1).xlsx,
industry,IIP use-based,Manufacture of rubber and plastics products,2013-11-01,All India,11.5957446808511,percent YoY growth,monthly,Index of Industrial Production (1).xlsx,
industry,IIP use-based,Manufacture of rubber and plastics products,2013-12-01,All India,8.74418604651163,percent YoY growth,monthly,Index of Industrial Production (1).xlsx,
industry,IIP use-based,Manufacture of rubber and plastics products,2014-01-01,All India,7.63430725730444,percent YoY growth,monthly,Index of Industrial Production (1).xlsx,
industry,IIP use-based,Manufacture of rubber and plastics products,2014-02-01,All India,11.5736040609137,percent YoY growth,monthly,Index of Industrial Production (1).xlsx,
industry,IIP use-based,Manufacture of rubber and plastics products,2014-03-01,All India,13.9194139194139,percent YoY growth,monthly,Index of Industrial Production (1).xlsx,
industry,IIP use-based,Manufacture of rubber and plastics products,2014-04-01,All India,26.3494967978042,percent YoY growth,monthly,Index of Industrial Production (1).xlsx,
industry,IIP use-based,Manufacture of rubber and plastics products,2014-05-01,All India,3.66726296958856,percent YoY growth,monthly,Index of Industrial Production (1).xlsx,
industry,IIP use-based,Manufacture of rubber and plastics products,2014-06-01,All India,1.42602495543672,percent YoY growth,monthly,Index of Industrial Production (1).xlsx,
industry,IIP use-based,Manufacture of rubber and plastics products,2014-07-01,All India,-1.85840707964601,percent YoY growth,monthly,Index of Industrial Production (1).xlsx,
industry,IIP use-based,Manufacture of rubber and plastics products,2014-08-01,All India,1.16906474820144,percent YoY growth,monthly,Index of Industrial Production (1).xlsx,
industry,IIP use-based,Manufacture of rubber and plastics products,2014-09-01,All India,1.69491525423729,percent YoY growth,monthly,Index of Industrial Production (1).xlsx,
industry,IIP use-based,Manufacture of rubber and plastics products,2014-10-01,All India,0.919963201471941,percent YoY growth,monthly,Index of Industrial Production (1).xlsx,
industry,IIP use-based,Manufacture of rubber and plastics products,2014-11-01,All India,13.3460438512869,percent YoY growth,monthly,Index of Industrial Production (1).xlsx,
industry,IIP use-based,Manufacture of rubber and plastics products,2014-12-01,All India,3.59281437125748,percent YoY growth,monthly,Index of Industrial Production (1).xlsx,
industry,IIP use-based,Manufacture of rubber and plastics products,2015-01-01,All India,5.16637478108581,percent YoY growth,monthly,Index of Industrial Production (1).xlsx,
industry,IIP use-based,Manufacture of rubber and plastics products,2015-02-01,All India,3.73066424021838,percent YoY growth,monthly,Index of Industrial Production (1).xlsx,
industry,IIP use-based,Manufacture of rubber and plastics products,2015-03-01,All India,-0.401929260450161,percent YoY growth,monthly,Index of Industrial Production (1).xlsx,
industry,IIP use-based,Manufacture of rubber and plastics products,2015-04-01,All India,-17.1614771904417,percent YoY growth,monthly,Index of Industrial Production (1).xlsx,
industry,IIP use-based,Manufacture of rubber and plastics products,2015-05-01,All India,0.603968938740284,percent YoY growth,monthly,Index of Industrial Production (1).xlsx,
industry,IIP use-based,Manufacture of rubber and plastics products,2015-06-01,All India,0.790861159929706,percent YoY growth,monthly,Index of Industrial Production (1).xlsx,
industry,IIP use-based,Manufacture of rubber and plastics products,2015-07-01,All India,12.4436429215509,percent YoY growth,monthly,Index of Industrial Production (1).xlsx,
industry,IIP use-based,Manufacture of rubber and plastics products,2015-08-01,All India,7.64444444444444,percent YoY growth,monthly,Index of Industrial Production (1).xlsx,
industry,IIP use-based,Manufacture of rubber and plastics products,2015-09-01,All India,5.52631578947368,percent YoY growth,monthly,Index of Industrial Production (1).xlsx,
industry,IIP use-based,Manufacture of rubber and plastics products,2015-10-01,All India,5.92525068368277,percent YoY growth,monthly,Index of Industrial Production (1).xlsx,
industry,IIP use-based,Manufacture of rubber and plastics products,2015-11-01,All India,-7.73759461732549,percent YoY growth,monthly,Index of Industrial Production (1).xlsx,
industry,IIP use-based,Manufacture of rubber and plastics products,2015-12-01,All India,-0.990916597853005,percent YoY growth,monthly,Index of Industrial Production (1).xlsx,
industry,IIP use-based,Manufacture of rubber and plastics products,2016-01-01,All India,-0.0832639467110694,percent YoY growth,monthly,Index of Industrial Production (1).xlsx,
industry,IIP use-based,Manufacture of rubber and plastics products,2016-02-01,All India,3.50877192982456,percent YoY growth,monthly,Index of Industrial Production (1).xlsx,
industry,IIP use-based,Manufacture of rubber and plastics products,2016-03-01,All India,0.0,percent YoY growth,monthly,Index of Industrial Production (1).xlsx,
industry,IIP use-based,Manufacture of rubber and plastics products,2016-04-01,All India,2.44755244755245,percent YoY growth,monthly,Index of Industrial Production (1).xlsx,
industry,IIP use-based,Manufacture of rubber and plastics products,2016-05-01,All India,4.54545454545456,percent YoY growth,monthly,Index of Industrial Production (1).xlsx,
industry,IIP use-based,Manufacture of rubber and plastics products,2016-06-01,All India,5.0566695727986,percent YoY growth,monthly,Index of Industrial Production (1).xlsx,
industry,IIP use-based,Manufacture of rubber and plastics products,2016-07-01,All India,-3.60866078588613,percent YoY growth,monthly,Index of Industrial Production (1).xlsx,
industry,IIP use-based,Manufacture of rubber and plastics products,2016-08-01,All India,-2.72502064409579,percent YoY growth,monthly,Index of Industrial Production (1).xlsx,
industry,IIP use-based,Manufacture of rubber and plastics products,2016-09-01,All India,3.82377389858687,percent YoY growth,monthly,Index of Industrial Production (1).xlsx,
industry,IIP use-based,Manufacture of rubber and plastics products,2016-10-01,All India,8.86402753872633,percent YoY growth,monthly,Index of Industrial Production (1).xlsx,
industry,IIP use-based,Manufacture of rubber and plastics products,2016-11-01,All India,8.84229717411122,percent YoY growth,monthly,Index of Industrial Production (1).xlsx,
industry,IIP use-based,Manufacture of rubber and plastics products,2016-12-01,All India,2.50208507089241,percent YoY growth,monthly,Index of Industrial Production (1).xlsx,
industry,IIP use-based,Manufacture of rubber and plastics products,2017-01-01,All India,-4.08333333333334,percent YoY growth,monthly,Index of Industrial Production (1).xlsx,
industry,IIP use-based,Manufacture of rubber and plastics products,2017-02-01,All India,-3.64406779661017,percent YoY growth,monthly,Index of Industrial Production (1).xlsx,
industry,IIP use-based,Manufacture of rubber and plastics products,2017-03-01,All India,1.85633575464084,percent YoY growth,monthly,Index of Industrial Production (1).xlsx,
industry,IIP use-based,Manufacture of rubber and plastics products,2017-04-01,All India,0.511945392491463,percent YoY growth,monthly,Index of Industrial Production (1).xlsx,
industry,IIP use-based,Manufacture of rubber and plastics products,2017-05-01,All India,-1.23051681706317,percent YoY growth,monthly,Index of Industrial Production (1).xlsx,
industry,IIP use-based,Manufacture of rubber and plastics products,2017-06-01,All India,-12.1991701244813,percent YoY growth,monthly,Index of Industrial Production (1).xlsx,
industry,IIP use-based,Manufacture of rubber and plastics products,2017-07-01,All India,-10.7321131447587,percent YoY growth,monthly,Index of Industrial Production (1).xlsx,
industry,IIP use-based,Manufacture of rubber and plastics products,2017-08-01,All India,-5.43293718166383,percent YoY growth,monthly,Index of Industrial Production (1).xlsx,
industry,IIP use-based,Manufacture of rubber and plastics products,2017-09-01,All India,-13.9311449159328,percent YoY growth,monthly,Index of Industrial Production (1).xlsx,
industry,IIP use-based,Manufacture of rubber and plastics products,2017-10-01,All India,-16.600790513834,percent YoY growth,monthly,Index of Industrial Production (1).xlsx,
industry,IIP use-based,Manufacture of rubber and plastics products,2017-11-01,All India,-7.7889447236181,percent YoY growth,monthly,Index of Industrial Production (1).xlsx,
industry,IIP use-based,Manufacture of rubber and plastics products,2017-12-01,All India,-7.40439381611067,percent YoY growth,monthly,Index of Industrial Production (1).xlsx,
industry,IIP use-based,Manufacture of rubber and plastics products,2018-01-01,All India,-2.51954821894004,percent YoY growth,monthly,Index of Industrial Production (1).xlsx,
industry,IIP use-based,Manufacture of rubber and plastics products,2018-02-01,All India,-8.61917326297273,percent YoY growth,monthly,Index of Industrial Production (1).xlsx,
industry,IIP use-based,Manufacture of rubber and plastics products,2018-03-01,All India,-11.8066561014263,percent YoY growth,monthly,Index of Industrial Production (1).xlsx,
industry,IIP use-based,Manufacture of rubber and plastics products,2018-04-01,All India,-10.4414261460102,percent YoY growth,monthly,Index of Industrial Production (1).xlsx,
industry,IIP use-based,Manufacture of rubber and plastics products,2018-05-01,All India,-8.38870431893688,percent YoY growth,monthly,Index of Industrial Production (1).xlsx,
industry,IIP use-based,Manufacture of rubber and plastics products,2018-06-01,All India,2.55198487712666,percent YoY growth,monthly,Index of Industrial Production (1).xlsx,
industry,IIP use-based,Manufacture of rubber and plastics products,2018-07-01,All India,-0.279589934762346,percent YoY growth,monthly,Index of Industrial Production (1).xlsx,
industry,IIP use-based,Manufacture of rubber and plastics products,2018-08-01,All India,-0.718132854578107,percent YoY growth,monthly,Index of Industrial Production (1).xlsx,
industry,IIP use-based,Manufacture of rubber and plastics products,2018-09-01,All India,5.3953488372093,percent YoY growth,monthly,Index of Industrial Production (1).xlsx,
industry,IIP use-based,Manufacture of rubber and plastics products,2018-10-01,All India,7.20379146919431,percent YoY growth,monthly,Index of Industrial Production (1).xlsx,
industry,IIP use-based,Manufacture of rubber and plastics products,2018-11-01,All India,-7.5386012715713,percent YoY growth,monthly,Index of Industrial Production (1).xlsx,
industry,IIP use-based,Manufacture of rubber and plastics products,2018-12-01,All India,-4.48154657293497,percent YoY growth,monthly,Index of Industrial Production (1).xlsx,
industry,IIP use-based,Manufacture of rubber and plastics products,2019-01-01,All India,-4.90196078431373,percent YoY growth,monthly,Index of Industrial Production (1).xlsx,
industry,IIP use-based,Manufacture of rubber and plastics products,2019-02-01,All India,-2.02117420596728,percent YoY growth,monthly,Index of Industrial Production (1).xlsx,
industry,IIP use-based,Manufacture of rubber and plastics products,2019-03-01,All India,-1.97663971248877,percent YoY growth,monthly,Index of Industrial Production (1).xlsx,
industry,IIP use-based,Manufacture of rubber and plastics products,2019-04-01,All India,-4.36018957345971,percent YoY growth,monthly,Index of Industrial Production (1).xlsx,
industry,IIP use-based,Manufacture of rubber and plastics products,2019-05-01,All India,-2.35720761559383,percent YoY growth,monthly,Index of Industrial Production (1).xlsx,
industry,IIP use-based,Manufacture of rubber and plastics products,2019-06-01,All India,-4.51612903225807,percent YoY growth,monthly,Index of Industrial Production (1).xlsx,
industry,IIP use-based,Manufacture of rubber and plastics products,2019-07-01,All India,-0.654205607476638,percent YoY growth,monthly,Index of Industrial Production (1).xlsx,
industry,IIP use-based,Manufacture of rubber and plastics products,2019-08-01,All India,-8.1374321880651,percent YoY growth,monthly,Index of Industrial Production (1).xlsx,
industry,IIP use-based,Manufacture of rubber and plastics products,2019-09-01,All India,-12.7978817299206,percent YoY growth,monthly,Index of Industrial Production (1).xlsx,
industry,IIP use-based,Manufacture of rubber and plastics products,2019-10-01,All India,-16.0035366931919,percent YoY growth,monthly,Index of Industrial Production (1).xlsx,
industry,IIP use-based,Manufacture of rubber and plastics products,2019-11-01,All India,-3.33988212180746,percent YoY growth,monthly,Index of Industrial Production (1).xlsx,
industry,IIP use-based,Manufacture of rubber and plastics products,2019-12-01,All India,-4.69181232750691,percent YoY growth,monthly,Index of Industrial Production (1).xlsx,
industry,IIP use-based,Manufacture of rubber and plastics products,2020-01-01,All India,-4.02999062792877,percent YoY growth,monthly,Index of Industrial Production (1).xlsx,
industry,IIP use-based,Manufacture of rubber and plastics products,2020-02-01,All India,1.47347740667976,percent YoY growth,monthly,Index of Industrial Production (1).xlsx,
industry,IIP use-based,Manufacture of rubber and plastics products,2020-03-01,All India,-28.5976168652612,percent YoY growth,monthly,Index of Industrial Production (1).xlsx,
industry,IIP use-based,Manufacture of rubber and plastics products,2020-04-01,All India,-70.8622398414272,percent YoY growth,monthly,Index of Industrial Production (1).xlsx,
industry,IIP use-based,Manufacture of rubber and plastics products,2020-05-01,All India,-35.4688950789229,percent YoY growth,monthly,Index of Industrial Production (1).xlsx,
industry,IIP use-based,Manufacture of rubber and plastics products,2020-06-01,All India,-11.5830115830116,percent YoY growth,monthly,Index of Industrial Production (1).xlsx,
industry,IIP use-based,Manufacture of rubber and plastics products,2020-07-01,All India,-5.36218250235184,percent YoY growth,monthly,Index of Industrial Production (1).xlsx,
industry,IIP use-based,Manufacture of rubber and plastics products,2020-08-01,All India,-2.75590551181102,percent YoY growth,monthly,Index of Industrial Production (1).xlsx,
industry,IIP use-based,Manufacture of rubber and plastics products,2020-09-01,All India,9.10931174089069,percent YoY growth,monthly,Index of Industrial Production (1).xlsx,
industry,IIP use-based,Manufacture of rubber and plastics products,2020-10-01,All India,17.3684210526316,percent YoY growth,monthly,Index of Industrial Production (1).xlsx,
industry,IIP use-based,Manufacture of rubber and plastics products,2020-11-01,All India,6.40243902439024,percent YoY growth,monthly,Index of Industrial Production (1).xlsx,
industry,IIP use-based,Manufacture of rubber and plastics products,2020-12-01,All India,8.88030888030888,percent YoY growth,monthly,Index of Industrial Production (1).xlsx,
industry,IIP use-based,Manufacture of rubber and plastics products,2021-01-01,All India,5.95703124999999,percent YoY growth,monthly,Index of Industrial Production (1).xlsx,
industry,IIP use-based,Manufacture of rubber and plastics products,2021-02-01,All India,2.32333010648597,percent YoY growth,monthly,Index of Industrial Production (1).xlsx,
industry,IIP use-based,Manufacture of rubber and plastics products,2021-03-01,All India,47.3684210526316,percent YoY growth,monthly,Index of Industrial Production (1).xlsx,
industry,IIP use-based,Manufacture of rubber and plastics products,2021-05-01,All India,39.136690647482,percent YoY growth,monthly,Index of Industrial Production (1).xlsx,
industry,IIP use-based,Manufacture of rubber and plastics products,2021-06-01,All India,8.51528384279477,percent YoY growth,monthly,Index of Industrial Production (1).xlsx,
industry,IIP use-based,Manufacture of rubber and plastics products,2021-07-01,All India,7.95228628230616,percent YoY growth,monthly,Index of Industrial Production (1).xlsx,
industry,IIP use-based,Manufacture of rubber and plastics products,2021-08-01,All India,9.91902834008097,percent YoY growth,monthly,Index of Industrial Production (1).xlsx,
industry,IIP use-based,Manufacture of rubber and plastics products,2021-09-01,All India,0.556586270871993,percent YoY growth,monthly,Index of Industrial Production (1).xlsx,
industry,IIP use-based,Manufacture of rubber and plastics products,2021-10-01,All India,-6.90582959641256,percent YoY growth,monthly,Index of Industrial Production (1).xlsx,
industry,IIP use-based,Manufacture of rubber and plastics products,2021-11-01,All India,-6.78127984718243,percent YoY growth,monthly,Index of Industrial Production (1).xlsx,
industry,IIP use-based,Manufacture of rubber and plastics products,2021-12-01,All India,-8.95390070921985,percent YoY growth,monthly,Index of Industrial Production (1).xlsx,
industry,IIP use-based,Manufacture of rubber and plastics products,2022-01-01,All India,-3.04147465437788,percent YoY growth,monthly,Index of Industrial Production (1).xlsx,
industry,IIP use-based,Manufacture of rubber and plastics products,2022-02-01,All India,-4.54115421002838,percent YoY growth,monthly,Index of Industrial Production (1).xlsx,
industry,IIP use-based,Manufacture of rubber and plastics products,2022-03-01,All India,-5.05226480836237,percent YoY growth,monthly,Index of Industrial Production (1).xlsx,
industry,IIP use-based,Manufacture of rubber and plastics products,2022-04-01,All India,-1.50234741784037,percent YoY growth,monthly,Index of Industrial Production (1).xlsx,
industry,IIP use-based,Manufacture of rubber and plastics products,2022-05-01,All India,8.68665977249223,percent YoY growth,monthly,Index of Industrial Production (1).xlsx,
industry,IIP use-based,Manufacture of rubber and plastics products,2022-06-01,All India,5.73440643863178,percent YoY growth,monthly,Index of Industrial Production (1).xlsx,
industry,IIP use-based,Manufacture of rubber and plastics products,2022-07-01,All India,-2.20994475138121,percent YoY growth,monthly,Index of Industrial Production (1).xlsx,
industry,IIP use-based,Manufacture of rubber and plastics products,2022-08-01,All India,-4.41988950276243,percent YoY growth,monthly,Index of Industrial Production (1).xlsx,
industry,IIP use-based,Manufacture of rubber and plastics products,2022-09-01,All India,-3.13653136531366,percent YoY growth,monthly,Index of Industrial Production (1).xlsx,
industry,IIP use-based,Manufacture of rubber and plastics products,2022-10-01,All India,-2.40847784200385,percent YoY growth,monthly,Index of Industrial Production (1).xlsx,
industry,IIP use-based,Manufacture of rubber and plastics products,2022-11-01,All India,5.84016393442623,percent YoY growth,monthly,Index of Industrial Production (1).xlsx,
industry,IIP use-based,Manufacture of rubber and plastics products,2022-12-01,All India,2.62901655306719,percent YoY growth,monthly,Index of Industrial Production (1).xlsx,
industry,IIP use-based,Manufacture of rubber and plastics products,2023-01-01,All India,0.0950570342205269,percent YoY growth,monthly,Index of Industrial Production (1).xlsx,
industry,IIP use-based,Manufacture of rubber and plastics products,2023-02-01,All India,-2.08126858275521,percent YoY growth,monthly,Index of Industrial Production (1).xlsx,
industry,IIP use-based,Manufacture of rubber and plastics products,2023-03-01,All India,1.10091743119266,percent YoY growth,monthly,Index of Industrial Production (1).xlsx,
industry,IIP use-based,Manufacture of rubber and plastics products,2023-04-01,All India,1.33460438512869,percent YoY growth,monthly,Index of Industrial Production (1).xlsx,
industry,IIP use-based,Manufacture of rubber and plastics products,2023-05-01,All India,7.23120837297812,percent YoY growth,monthly,Index of Industrial Production (1).xlsx,
industry,IIP use-based,Manufacture of rubber and plastics products,2023-06-01,All India,1.33206470028545,percent YoY growth,monthly,Index of Industrial Production (1).xlsx,
industry,IIP use-based,Manufacture of rubber and plastics products,2023-07-01,All India,1.41242937853107,percent YoY growth,monthly,Index of Industrial Production (1).xlsx,
industry,IIP use-based,Manufacture of rubber and plastics products,2023-08-01,All India,4.52793834296725,percent YoY growth,monthly,Index of Industrial Production (1).xlsx,
industry,IIP use-based,Manufacture of rubber and plastics products,2023-09-01,All India,1.42857142857143,percent YoY growth,monthly,Index of Industrial Production (1).xlsx,
industry,IIP use-based,Manufacture of rubber and plastics products,2023-10-01,All India,7.60118460019744,percent YoY growth,monthly,Index of Industrial Production (1).xlsx,
industry,IIP use-based,Manufacture of rubber and plastics products,2023-11-01,All India,1.74249757986447,percent YoY growth,monthly,Index of Industrial Production (1).xlsx,
industry,IIP use-based,Manufacture of rubber and plastics products,2023-12-01,All India,1.42314990512334,percent YoY growth,monthly,Index of Industrial Production (1).xlsx,
industry,IIP use-based,Manufacture of rubber and plastics products,2024-01-01,All India,7.12250712250712,percent YoY growth,monthly,Index of Industrial Production (1).xlsx,
industry,IIP use-based,Manufacture of rubber and plastics products,2024-02-01,All India,11.6396761133603,percent YoY growth,monthly,Index of Industrial Production (1).xlsx,
industry,IIP use-based,Manufacture of rubber and plastics products,2024-03-01,All India,5.53539019963702,percent YoY growth,monthly,Index of Industrial Production (1).xlsx,
industry,IIP use-based,Manufacture of rubber and plastics products,2024-04-01,All India,2.44590780809032,percent YoY growth,monthly,Index of Industrial Production (1).xlsx,
industry,IIP use-based,Manufacture of rubber and plastics products,2024-05-01,All India,-0.266193433895295,percent YoY growth,monthly,Index of Industrial Production (1).xlsx,
industry,IIP use-based,Manufacture of rubber and plastics products,2024-06-01,All India,7.51173708920188,percent YoY growth,monthly,Index of Industrial Production (1).xlsx,
industry,IIP use-based,Manufacture of rubber and plastics products,2024-07-01,All India,8.54224698235841,percent YoY growth,monthly,Index of Industrial Production (1).xlsx,
industry,IIP use-based,Manufacture of rubber and plastics products,2024-08-01,All India,6.45161290322581,percent YoY growth,monthly,Index of Industrial Production (1).xlsx,
industry,IIP use-based,Manufacture of rubber and plastics products,2024-09-01,All India,10.4225352112676,percent YoY growth,monthly,Index of Industrial Production (1).xlsx,
industry,IIP use-based,Manufacture of rubber and plastics products,2024-10-01,All India,6.97247706422018,percent YoY growth,monthly,Index of Industrial Production (1).xlsx,
industry,IIP use-based,Manufacture of rubber and plastics products,2024-11-01,All India,-1.42721217887726,percent YoY growth,monthly,Index of Industrial Production (1).xlsx,
industry,IIP use-based,Manufacture of rubber and plastics products,2024-12-01,All India,0.0935453695042042,percent YoY growth,monthly,Index of Industrial Production (1).xlsx,
industry,IIP use-based,Manufacture of rubber and plastics products,2025-01-01,All India,5.23049645390072,percent YoY growth,monthly,Index of Industrial Production (1).xlsx,
industry,IIP use-based,Manufacture of rubber and plastics products,2025-02-01,All India,3.89845874886673,percent YoY growth,monthly,Index of Industrial Production (1).xlsx,
industry,IIP use-based,Manufacture of rubber and plastics products,2025-03-01,All India,2.23559759243337,percent YoY growth,monthly,Index of Industrial Production (1).xlsx,
industry,IIP use-based,Manufacture of rubber and plastics products,2025-04-01,All India,7.43801652892562,percent YoY growth,monthly,Index of Industrial Production (1).xlsx,
industry,IIP use-based,Manufacture of rubber and plastics products,2025-05-01,All India,8.36298932384341,percent YoY growth,monthly,Index of Industrial Production (1).xlsx,
industry,IIP use-based,Manufacture of rubber and plastics products,2025-06-01,All India,0.174672489082972,percent YoY growth,monthly,Index of Industrial Production (1).xlsx,
industry,IIP use-based,Manufacture of rubber and plastics products,2025-07-01,All India,-2.65183917878529,percent YoY growth,monthly,Index of Industrial Production (1).xlsx,
industry,IIP use-based,Manufacture of rubber and plastics products,2025-08-01,All India,-3.63636363636364,percent YoY growth,monthly,Index of Industrial Production (1).xlsx,
industry,IIP use-based,Manufacture of rubber and plastics products,2025-09-01,All India,-3.91156462585034,percent YoY growth,monthly,Index of Industrial Production (1).xlsx,
industry,IIP use-based,Manufacture of rubber and plastics products,2025-10-01,All India,-4.45969125214407,percent YoY growth,monthly,Index of Industrial Production (1).xlsx,
industry,IIP use-based,Manufacture of rubber and plastics products,2025-11-01,All India,-0.579150579150574,percent YoY growth,monthly,Index of Industrial Production (1).xlsx,
industry,IIP use-based,Manufacture of rubber and plastics products,2025-12-01,All India,5.14018691588785,percent YoY growth,monthly,Index of Industrial Production (1).xlsx,
industry,IIP use-based,Manufacture of rubber and plastics products,2026-01-01,All India,2.02190395956191,percent YoY growth,monthly,Index of Industrial Production (1).xlsx,
industry,IIP use-based,Manufacture of rubber and plastics products,2026-02-01,All India,-1.65794066317626,percent YoY growth,monthly,Index of Industrial Production (1).xlsx,
industry,IIP use-based,Manufacture of rubber and plastics products,2026-03-01,All India,2.77544154751892,percent YoY growth,monthly,Index of Industrial Production (1).xlsx,
industry,IIP use-based,Manufacture of textiles,2013-04-01,All India,10.1020408163265,percent YoY growth,monthly,Index of Industrial Production (1).xlsx,
industry,IIP use-based,Manufacture of textiles,2013-05-01,All India,0.751173708920185,percent YoY growth,monthly,Index of Industrial Production (1).xlsx,
industry,IIP use-based,Manufacture of textiles,2013-06-01,All India,5.41586073500967,percent YoY growth,monthly,Index of Industrial Production (1).xlsx,
industry,IIP use-based,Manufacture of textiles,2013-07-01,All India,4.23183072677092,percent YoY growth,monthly,Index of Industrial Production (1).xlsx,
industry,IIP use-based,Manufacture of textiles,2013-08-01,All India,3.71352785145889,percent YoY growth,monthly,Index of Industrial Production (1).xlsx,
industry,IIP use-based,Manufacture of textiles,2013-09-01,All India,3.79061371841155,percent YoY growth,monthly,Index of Industrial Production (1).xlsx,
industry,IIP use-based,Manufacture of textiles,2013-10-01,All India,2.28873239436621,percent YoY growth,monthly,Index of Industrial Production (1).xlsx,
industry,IIP use-based,Manufacture of textiles,2013-11-01,All India,5.65675934803452,percent YoY growth,monthly,Index of Industrial Production (1).xlsx,
industry,IIP use-based,Manufacture of textiles,2013-12-01,All India,5.49549549549549,percent YoY growth,monthly,Index of Industrial Production (1).xlsx,
industry,IIP use-based,Manufacture of textiles,2014-01-01,All India,3.14183123877917,percent YoY growth,monthly,Index of Industrial Production (1).xlsx,
industry,IIP use-based,Manufacture of textiles,2014-02-01,All India,3.07988450433108,percent YoY growth,monthly,Index of Industrial Production (1).xlsx,
industry,IIP use-based,Manufacture of textiles,2014-03-01,All India,3.95683453237409,percent YoY growth,monthly,Index of Industrial Production (1).xlsx,
industry,IIP use-based,Manufacture of textiles,2014-04-01,All India,2.87303058387395,percent YoY growth,monthly,Index of Industrial Production (1).xlsx,
industry,IIP use-based,Manufacture of textiles,2014-05-01,All India,4.75302889095993,percent YoY growth,monthly,Index of Industrial Production (1).xlsx,
industry,IIP use-based,Manufacture of textiles,2014-06-01,All India,2.6605504587156,percent YoY growth,monthly,Index of Industrial Production (1).xlsx,
industry,IIP use-based,Manufacture of textiles,2014-07-01,All India,6.70785525154458,percent YoY growth,monthly,Index of Industrial Production (1).xlsx,
industry,IIP use-based,Manufacture of textiles,2014-08-01,All India,7.67263427109975,percent YoY growth,monthly,Index of Industrial Production (1).xlsx,
industry,IIP use-based,Manufacture of textiles,2014-09-01,All India,1.73913043478261,percent YoY growth,monthly,Index of Industrial Production (1).xlsx,
industry,IIP use-based,Manufacture of textiles,2014-10-01,All India,-3.01204819277108,percent YoY growth,monthly,Index of Industrial Production (1).xlsx,
industry,IIP use-based,Manufacture of textiles,2014-11-01,All India,3.81125226860254,percent YoY growth,monthly,Index of Industrial Production (1).xlsx,
industry,IIP use-based,Manufacture of textiles,2014-12-01,All India,0.597779675491036,percent YoY growth,monthly,Index of Industrial Production (1).xlsx,
industry,IIP use-based,Manufacture of textiles,2015-01-01,All India,2.43690165361183,percent YoY growth,monthly,Index of Industrial Production (1).xlsx,
industry,IIP use-based,Manufacture of textiles,2015-02-01,All India,5.7889822595705,percent YoY growth,monthly,Index of Industrial Production (1).xlsx,
industry,IIP use-based,Manufacture of textiles,2015-03-01,All India,9.6885813148789,percent YoY growth,monthly,Index of Industrial Production (1).xlsx,
industry,IIP use-based,Manufacture of textiles,2015-04-01,All India,5.04504504504504,percent YoY growth,monthly,Index of Industrial Production (1).xlsx,
industry,IIP use-based,Manufacture of textiles,2015-05-01,All India,5.33807829181495,percent YoY growth,monthly,Index of Industrial Production (1).xlsx,
industry,IIP use-based,Manufacture of textiles,2015-06-01,All India,4.46827524575514,percent YoY growth,monthly,Index of Industrial Production (1).xlsx,
industry,IIP use-based,Manufacture of textiles,2015-07-01,All India,-0.330851943755174,percent YoY growth,monthly,Index of Industrial Production (1).xlsx,
industry,IIP use-based,Manufacture of textiles,2015-08-01,All India,-2.69200316706254,percent YoY growth,monthly,Index of Industrial Production (1).xlsx,
industry,IIP use-based,Manufacture of textiles,2015-09-01,All India,5.72649572649573,percent YoY growth,monthly,Index of Industrial Production (1).xlsx,
industry,IIP use-based,Manufacture of textiles,2015-10-01,All India,9.13930789707187,percent YoY growth,monthly,Index of Industrial Production (1).xlsx,
industry,IIP use-based,Manufacture of textiles,2015-11-01,All India,-2.97202797202798,percent YoY growth,monthly,Index of Industrial Production (1).xlsx,
industry,IIP use-based,Manufacture of textiles,2015-12-01,All India,2.54668930390492,percent YoY growth,monthly,Index of Industrial Production (1).xlsx,
industry,IIP use-based,Manufacture of textiles,2016-01-01,All India,2.88870008496176,percent YoY growth,monthly,Index of Industrial Production (1).xlsx,
industry,IIP use-based,Manufacture of textiles,2016-02-01,All India,3.0008826125331,percent YoY growth,monthly,Index of Industrial Production (1).xlsx,
industry,IIP use-based,Manufacture of textiles,2016-03-01,All India,-4.65299684542586,percent YoY growth,monthly,Index of Industrial Production (1).xlsx,
industry,IIP use-based,Manufacture of textiles,2016-04-01,All India,-1.97255574614065,percent YoY growth,monthly,Index of Industrial Production (1).xlsx,
industry,IIP use-based,Manufacture of textiles,2016-05-01,All India,1.8581081081081,percent YoY growth,monthly,Index of Industrial Production (1).xlsx,
industry,IIP use-based,Manufacture of textiles,2016-06-01,All India,2.65183917878528,percent YoY growth,monthly,Index of Industrial Production (1).xlsx,
industry,IIP use-based,Manufacture of textiles,2016-07-01,All India,-0.912863070539415,percent YoY growth,monthly,Index of Industrial Production (1).xlsx,
industry,IIP use-based,Manufacture of textiles,2016-08-01,All India,-2.76647681041498,percent YoY growth,monthly,Index of Industrial Production (1).xlsx,
industry,IIP use-based,Manufacture of textiles,2016-09-01,All India,-3.55699272433307,percent YoY growth,monthly,Index of Industrial Production (1).xlsx,
industry,IIP use-based,Manufacture of textiles,2016-10-01,All India,-5.44715447154472,percent YoY growth,monthly,Index of Industrial Production (1).xlsx,
industry,IIP use-based,Manufacture of textiles,2016-11-01,All India,2.7027027027027,percent YoY growth,monthly,Index of Industrial Production (1).xlsx,
industry,IIP use-based,Manufacture of textiles,2016-12-01,All India,-5.62913907284768,percent YoY growth,monthly,Index of Industrial Production (1).xlsx,
industry,IIP use-based,Manufacture of textiles,2017-01-01,All India,-2.47729149463254,percent YoY growth,monthly,Index of Industrial Production (1).xlsx,
industry,IIP use-based,Manufacture of textiles,2017-02-01,All India,-3.59897172236504,percent YoY growth,monthly,Index of Industrial Production (1).xlsx,
industry,IIP use-based,Manufacture of textiles,2017-03-01,All India,-0.330851943755174,percent YoY growth,monthly,Index of Industrial Production (1).xlsx,
industry,IIP use-based,Manufacture of textiles,2017-04-01,All India,1.48731408573929,percent YoY growth,monthly,Index of Industrial Production (1).xlsx,
industry,IIP use-based,Manufacture of textiles,2017-05-01,All India,-3.23383084577114,percent YoY growth,monthly,Index of Industrial Production (1).xlsx,
industry,IIP use-based,Manufacture of textiles,2017-06-01,All India,-3.0,percent YoY growth,monthly,Index of Industrial Production (1).xlsx,
industry,IIP use-based,Manufacture of textiles,2017-07-01,All India,-2.51256281407035,percent YoY growth,monthly,Index of Industrial Production (1).xlsx,
industry,IIP use-based,Manufacture of textiles,2017-08-01,All India,-2.92887029288703,percent YoY growth,monthly,Index of Industrial Production (1).xlsx,
industry,IIP use-based,Manufacture of textiles,2017-09-01,All India,-3.43671416596814,percent YoY growth,monthly,Index of Industrial Production (1).xlsx,
industry,IIP use-based,Manufacture of textiles,2017-10-01,All India,-2.40756663800516,percent YoY growth,monthly,Index of Industrial Production (1).xlsx,
industry,IIP use-based,Manufacture of textiles,2017-11-01,All India,3.24561403508772,percent YoY growth,monthly,Index of Industrial Production (1).xlsx,
industry,IIP use-based,Manufacture of textiles,2017-12-01,All India,7.36842105263158,percent YoY growth,monthly,Index of Industrial Production (1).xlsx,
industry,IIP use-based,Manufacture of textiles,2018-01-01,All India,1.94750211685014,percent YoY growth,monthly,Index of Industrial Production (1).xlsx,
industry,IIP use-based,Manufacture of textiles,2018-02-01,All India,2.22222222222222,percent YoY growth,monthly,Index of Industrial Production (1).xlsx,
industry,IIP use-based,Manufacture of textiles,2018-03-01,All India,-1.2448132780083,percent YoY growth,monthly,Index of Industrial Production (1).xlsx,
industry,IIP use-based,Manufacture of textiles,2018-04-01,All India,0.172413793103451,percent YoY growth,monthly,Index of Industrial Production (1).xlsx,
industry,IIP use-based,Manufacture of textiles,2018-05-01,All India,1.88517566409598,percent YoY growth,monthly,Index of Industrial Production (1).xlsx,
industry,IIP use-based,Manufacture of textiles,2018-06-01,All India,0.601374570446726,percent YoY growth,monthly,Index of Industrial Production (1).xlsx,
industry,IIP use-based,Manufacture of textiles,2018-07-01,All India,3.17869415807559,percent YoY growth,monthly,Index of Industrial Production (1).xlsx,
industry,IIP use-based,Manufacture of textiles,2018-08-01,All India,7.24137931034483,percent YoY growth,monthly,Index of Industrial Production (1).xlsx,
industry,IIP use-based,Manufacture of textiles,2018-09-01,All India,5.55555555555555,percent YoY growth,monthly,Index of Industrial Production (1).xlsx,
industry,IIP use-based,Manufacture of textiles,2018-10-01,All India,5.90308370044053,percent YoY growth,monthly,Index of Industrial Production (1).xlsx,
industry,IIP use-based,Manufacture of textiles,2018-11-01,All India,-3.48343245539508,percent YoY growth,monthly,Index of Industrial Production (1).xlsx,
industry,IIP use-based,Manufacture of textiles,2018-12-01,All India,-1.63398692810458,percent YoY growth,monthly,Index of Industrial Production (1).xlsx,
industry,IIP use-based,Manufacture of textiles,2019-01-01,All India,-1.82724252491695,percent YoY growth,monthly,Index of Industrial Production (1).xlsx,
industry,IIP use-based,Manufacture of textiles,2019-02-01,All India,-1.04347826086957,percent YoY growth,monthly,Index of Industrial Production (1).xlsx,
industry,IIP use-based,Manufacture of textiles,2019-03-01,All India,1.09243697478991,percent YoY growth,monthly,Index of Industrial Production (1).xlsx,
industry,IIP use-based,Manufacture of textiles,2019-04-01,All India,3.09810671256454,percent YoY growth,monthly,Index of Industrial Production (1).xlsx,
industry,IIP use-based,Manufacture of textiles,2019-05-01,All India,-2.77544154751893,percent YoY growth,monthly,Index of Industrial Production (1).xlsx,
industry,IIP use-based,Manufacture of textiles,2019-06-01,All India,-5.97779675491033,percent YoY growth,monthly,Index of Industrial Production (1).xlsx,
industry,IIP use-based,Manufacture of textiles,2019-07-01,All India,-5.24562864279767,percent YoY growth,monthly,Index of Industrial Production (1).xlsx,
industry,IIP use-based,Manufacture of textiles,2019-08-01,All India,-7.55627009646303,percent YoY growth,monthly,Index of Industrial Production (1).xlsx,
industry,IIP use-based,Manufacture of textiles,2019-09-01,All India,-5.26315789473684,percent YoY growth,monthly,Index of Industrial Production (1).xlsx,
industry,IIP use-based,Manufacture of textiles,2019-10-01,All India,-3.57737104825291,percent YoY growth,monthly,Index of Industrial Production (1).xlsx,
industry,IIP use-based,Manufacture of textiles,2019-11-01,All India,5.36971830985916,percent YoY growth,monthly,Index of Industrial Production (1).xlsx,
industry,IIP use-based,Manufacture of textiles,2019-12-01,All India,2.57475083056478,percent YoY growth,monthly,Index of Industrial Production (1).xlsx,
industry,IIP use-based,Manufacture of textiles,2020-01-01,All India,3.38409475465313,percent YoY growth,monthly,Index of Industrial Production (1).xlsx,
industry,IIP use-based,Manufacture of textiles,2020-02-01,All India,2.54833040421793,percent YoY growth,monthly,Index of Industrial Production (1).xlsx,
industry,IIP use-based,Manufacture of textiles,2020-03-01,All India,-16.6251039068994,percent YoY growth,monthly,Index of Industrial Production (1).xlsx,
industry,IIP use-based,Manufacture of textiles,2020-04-01,All India,-90.8180300500835,percent YoY growth,monthly,Index of Industrial Production (1).xlsx,
industry,IIP use-based,Manufacture of textiles,2020-05-01,All India,-65.2249134948097,percent YoY growth,monthly,Index of Industrial Production (1).xlsx,
industry,IIP use-based,Manufacture of textiles,2020-06-01,All India,-42.6884650317893,percent YoY growth,monthly,Index of Industrial Production (1).xlsx,
industry,IIP use-based,Manufacture of textiles,2020-07-01,All India,-17.4868189806678,percent YoY growth,monthly,Index of Industrial Production (1).xlsx,
industry,IIP use-based,Manufacture of textiles,2020-08-01,All India,-16.0,percent YoY growth,monthly,Index of Industrial Production (1).xlsx,
industry,IIP use-based,Manufacture of textiles,2020-09-01,All India,-8.50694444444444,percent YoY growth,monthly,Index of Industrial Production (1).xlsx,
industry,IIP use-based,Manufacture of textiles,2020-10-01,All India,-4.48662640207075,percent YoY growth,monthly,Index of Industrial Production (1).xlsx,
industry,IIP use-based,Manufacture of textiles,2020-11-01,All India,-9.02255639097744,percent YoY growth,monthly,Index of Industrial Production (1).xlsx,
industry,IIP use-based,Manufacture of textiles,2020-12-01,All India,-6.96356275303643,percent YoY growth,monthly,Index of Industrial Production (1).xlsx,
industry,IIP use-based,Manufacture of textiles,2021-01-01,All India,-5.64648117839608,percent YoY growth,monthly,Index of Industrial Production (1).xlsx,
industry,IIP use-based,Manufacture of textiles,2021-02-01,All India,-2.74207369323051,percent YoY growth,monthly,Index of Industrial Production (1).xlsx,
industry,IIP use-based,Manufacture of textiles,2021-03-01,All India,19.2422731804586,percent YoY growth,monthly,Index of Industrial Production (1).xlsx,
industry,IIP use-based,Manufacture of textiles,2021-05-01,All India,161.940298507463,percent YoY growth,monthly,Index of Industrial Production (1).xlsx,
industry,IIP use-based,Manufacture of textiles,2021-06-01,All India,76.3866877971474,percent YoY growth,monthly,Index of Industrial Production (1).xlsx,
industry,IIP use-based,Manufacture of textiles,2021-07-01,All India,25.4526091586794,percent YoY growth,monthly,Index of Industrial Production (1).xlsx,
industry,IIP use-based,Manufacture of textiles,2021-08-01,All India,24.4306418219462,percent YoY growth,monthly,Index of Industrial Production (1).xlsx,
industry,IIP use-based,Manufacture of textiles,2021-09-01,All India,15.180265654649,percent YoY growth,monthly,Index of Industrial Production (1).xlsx,
industry,IIP use-based,Manufacture of textiles,2021-10-01,All India,13.4598012646793,percent YoY growth,monthly,Index of Industrial Production (1).xlsx,
industry,IIP use-based,Manufacture of textiles,2021-11-01,All India,8.26446280991736,percent YoY growth,monthly,Index of Industrial Production (1).xlsx,
industry,IIP use-based,Manufacture of textiles,2021-12-01,All India,8.70322019147084,percent YoY growth,monthly,Index of Industrial Production (1).xlsx,
industry,IIP use-based,Manufacture of textiles,2022-01-01,All India,6.33130962705984,percent YoY growth,monthly,Index of Industrial Production (1).xlsx,
industry,IIP use-based,Manufacture of textiles,2022-02-01,All India,-0.440528634361234,percent YoY growth,monthly,Index of Industrial Production (1).xlsx,
industry,IIP use-based,Manufacture of textiles,2022-03-01,All India,-0.919732441471567,percent YoY growth,monthly,Index of Industrial Production (1).xlsx,
industry,IIP use-based,Manufacture of textiles,2022-04-01,All India,-0.43630017452007,percent YoY growth,monthly,Index of Industrial Production (1).xlsx,
industry,IIP use-based,Manufacture of textiles,2022-05-01,All India,5.88793922127256,percent YoY growth,monthly,Index of Industrial Production (1).xlsx,
industry,IIP use-based,Manufacture of textiles,2022-06-01,All India,-3.14465408805031,percent YoY growth,monthly,Index of Industrial Production (1).xlsx,
industry,IIP use-based,Manufacture of textiles,2022-07-01,All India,-8.99830220713072,percent YoY growth,monthly,Index of Industrial Production (1).xlsx,
industry,IIP use-based,Manufacture of textiles,2022-08-01,All India,-12.4792013311148,percent YoY growth,monthly,Index of Industrial Production (1).xlsx,
industry,IIP use-based,Manufacture of textiles,2022-09-01,All India,-14.4151565074135,percent YoY growth,monthly,Index of Industrial Production (1).xlsx,
industry,IIP use-based,Manufacture of textiles,2022-10-01,All India,-18.5509554140127,percent YoY growth,monthly,Index of Industrial Production (1).xlsx,
industry,IIP use-based,Manufacture of textiles,2022-11-01,All India,-8.65139949109415,percent YoY growth,monthly,Index of Industrial Production (1).xlsx,
industry,IIP use-based,Manufacture of textiles,2022-12-01,All India,-11.369095276221,percent YoY growth,monthly,Index of Industrial Production (1).xlsx,
industry,IIP use-based,Manufacture of textiles,2023-01-01,All India,-11.9902120717781,percent YoY growth,monthly,Index of Industrial Production (1).xlsx,
industry,IIP use-based,Manufacture of textiles,2023-02-01,All India,-9.73451327433628,percent YoY growth,monthly,Index of Industrial Production (1).xlsx,
industry,IIP use-based,Manufacture of textiles,2023-03-01,All India,-7.0042194092827,percent YoY growth,monthly,Index of Industrial Production (1).xlsx,
industry,IIP use-based,Manufacture of textiles,2023-04-01,All India,-7.44960560911481,percent YoY growth,monthly,Index of Industrial Production (1).xlsx,
industry,IIP use-based,Manufacture of textiles,2023-05-01,All India,-3.67713004484304,percent YoY growth,monthly,Index of Industrial Production (1).xlsx,
industry,IIP use-based,Manufacture of textiles,2023-06-01,All India,0.0,percent YoY growth,monthly,Index of Industrial Production (1).xlsx,
industry,IIP use-based,Manufacture of textiles,2023-07-01,All India,1.21268656716418,percent YoY growth,monthly,Index of Industrial Production (1).xlsx,
industry,IIP use-based,Manufacture of textiles,2023-08-01,All India,1.80608365019011,percent YoY growth,monthly,Index of Industrial Production (1).xlsx,
industry,IIP use-based,Manufacture of textiles,2023-09-01,All India,4.33108758421559,percent YoY growth,monthly,Index of Industrial Production (1).xlsx,
industry,IIP use-based,Manufacture of textiles,2023-10-01,All India,7.72238514173999,percent YoY growth,monthly,Index of Industrial Production (1).xlsx,
industry,IIP use-based,Manufacture of textiles,2023-11-01,All India,-4.64252553389044,percent YoY growth,monthly,Index of Industrial Production (1).xlsx,
industry,IIP use-based,Manufacture of textiles,2023-12-01,All India,1.4453477868112,percent YoY growth,monthly,Index of Industrial Production (1).xlsx,
industry,IIP use-based,Manufacture of textiles,2024-01-01,All India,1.66821130676552,percent YoY growth,monthly,Index of Industrial Production (1).xlsx,
industry,IIP use-based,Manufacture of textiles,2024-02-01,All India,2.05882352941176,percent YoY growth,monthly,Index of Industrial Production (1).xlsx,
industry,IIP use-based,Manufacture of textiles,2024-03-01,All India,-2.99455535390199,percent YoY growth,monthly,Index of Industrial Production (1).xlsx,
industry,IIP use-based,Manufacture of textiles,2024-04-01,All India,-0.284090909090906,percent YoY growth,monthly,Index of Industrial Production (1).xlsx,
industry,IIP use-based,Manufacture of textiles,2024-05-01,All India,-0.372439478584735,percent YoY growth,monthly,Index of Industrial Production (1).xlsx,
industry,IIP use-based,Manufacture of textiles,2024-06-01,All India,-1.48423005565862,percent YoY growth,monthly,Index of Industrial Production (1).xlsx,
industry,IIP use-based,Manufacture of textiles,2024-07-01,All India,0.552995391705064,percent YoY growth,monthly,Index of Industrial Production (1).xlsx,
industry,IIP use-based,Manufacture of textiles,2024-08-01,All India,2.14752567693745,percent YoY growth,monthly,Index of Industrial Production (1).xlsx,
industry,IIP use-based,Manufacture of textiles,2024-09-01,All India,0.830258302583018,percent YoY growth,monthly,Index of Industrial Production (1).xlsx,
industry,IIP use-based,Manufacture of textiles,2024-10-01,All India,0.816696914700537,percent YoY growth,monthly,Index of Industrial Production (1).xlsx,
industry,IIP use-based,Manufacture of textiles,2024-11-01,All India,3.40798442064265,percent YoY growth,monthly,Index of Industrial Production (1).xlsx,
industry,IIP use-based,Manufacture of textiles,2024-12-01,All India,1.69189670525379,percent YoY growth,monthly,Index of Industrial Production (1).xlsx,
industry,IIP use-based,Manufacture of textiles,2025-01-01,All India,3.64630811303555,percent YoY growth,monthly,Index of Industrial Production (1).xlsx,
industry,IIP use-based,Manufacture of textiles,2025-02-01,All India,2.49759846301634,percent YoY growth,monthly,Index of Industrial Production (1).xlsx,
industry,IIP use-based,Manufacture of textiles,2025-03-01,All India,5.70626753975678,percent YoY growth,monthly,Index of Industrial Production (1).xlsx,
industry,IIP use-based,Manufacture of textiles,2025-04-01,All India,0.379867046533719,percent YoY growth,monthly,Index of Industrial Production (1).xlsx,
industry,IIP use-based,Manufacture of textiles,2025-05-01,All India,-2.99065420560748,percent YoY growth,monthly,Index of Industrial Production (1).xlsx,
industry,IIP use-based,Manufacture of textiles,2025-06-01,All India,1.50659133709981,percent YoY growth,monthly,Index of Industrial Production (1).xlsx,
industry,IIP use-based,Manufacture of textiles,2025-07-01,All India,-1.64986251145738,percent YoY growth,monthly,Index of Industrial Production (1).xlsx,
industry,IIP use-based,Manufacture of textiles,2025-08-01,All India,-1.55393053016454,percent YoY growth,monthly,Index of Industrial Production (1).xlsx,
industry,IIP use-based,Manufacture of textiles,2025-09-01,All India,1.28087831655993,percent YoY growth,monthly,Index of Industrial Production (1).xlsx,
industry,IIP use-based,Manufacture of textiles,2025-10-01,All India,-4.05040504050405,percent YoY growth,monthly,Index of Industrial Production (1).xlsx,
industry,IIP use-based,Manufacture of textiles,2025-11-01,All India,3.57815442561205,percent YoY growth,monthly,Index of Industrial Production (1).xlsx,
industry,IIP use-based,Manufacture of textiles,2025-12-01,All India,-2.71453590192645,percent YoY growth,monthly,Index of Industrial Production (1).xlsx,
industry,IIP use-based,Manufacture of textiles,2026-01-01,All India,-3.51802990325418,percent YoY growth,monthly,Index of Industrial Production (1).xlsx,
industry,IIP use-based,Manufacture of textiles,2026-02-01,All India,0.281162136832237,percent YoY growth,monthly,Index of Industrial Production (1).xlsx,
industry,IIP use-based,Manufacture of textiles,2026-03-01,All India,-3.62831858407079,percent YoY growth,monthly,Index of Industrial Production (1).xlsx,
industry,IIP use-based,Manufacture of tobacco products,2013-04-01,All India,-1.14285714285715,percent YoY growth,monthly,Index of Industrial Production (1).xlsx,
industry,IIP use-based,Manufacture of tobacco products,2013-05-01,All India,-11.8371212121212,percent YoY growth,monthly,Index of Industrial Production (1).xlsx,
industry,IIP use-based,Manufacture of tobacco products,2013-06-01,All India,23.883696780893,percent YoY growth,monthly,Index of Industrial Production (1).xlsx,
industry,IIP use-based,Manufacture of tobacco products,2013-07-01,All India,12.4352331606218,percent YoY growth,monthly,Index of Industrial Production (1).xlsx,
industry,IIP use-based,Manufacture of tobacco products,2013-08-01,All India,24.3619489559165,percent YoY growth,monthly,Index of Industrial Production (1).xlsx,
industry,IIP use-based,Manufacture of tobacco products,2013-09-01,All India,16.5474974463738,percent YoY growth,monthly,Index of Industrial Production (1).xlsx,
industry,IIP use-based,Manufacture of tobacco products,2013-10-01,All India,9.48191593352884,percent YoY growth,monthly,Index of Industrial Production (1).xlsx,
industry,IIP use-based,Manufacture of tobacco products,2013-11-01,All India,6.24457935819601,percent YoY growth,monthly,Index of Industrial Production (1).xlsx,
industry,IIP use-based,Manufacture of tobacco products,2013-12-01,All India,10.8566581849024,percent YoY growth,monthly,Index of Industrial Production (1).xlsx,
industry,IIP use-based,Manufacture of tobacco products,2014-01-01,All India,-2.94599018003274,percent YoY growth,monthly,Index of Industrial Production (1).xlsx,
industry,IIP use-based,Manufacture of tobacco products,2014-02-01,All India,4.0290088638195,percent YoY growth,monthly,Index of Industrial Production (1).xlsx,
industry,IIP use-based,Manufacture of tobacco products,2014-03-01,All India,14.6887966804979,percent YoY growth,monthly,Index of Industrial Production (1).xlsx,
industry,IIP use-based,Manufacture of tobacco products,2014-04-01,All India,28.0346820809249,percent YoY growth,monthly,Index of Industrial Production (1).xlsx,
industry,IIP use-based,Manufacture of tobacco products,2014-05-01,All India,57.7873254564984,percent YoY growth,monthly,Index of Industrial Production (1).xlsx,
industry,IIP use-based,Manufacture of tobacco products,2014-06-01,All India,10.2263202011735,percent YoY growth,monthly,Index of Industrial Production (1).xlsx,
industry,IIP use-based,Manufacture of tobacco products,2014-07-01,All India,21.5668202764977,percent YoY growth,monthly,Index of Industrial Production (1).xlsx,
industry,IIP use-based,Manufacture of tobacco products,2014-08-01,All India,20.2425373134328,percent YoY growth,monthly,Index of Industrial Production (1).xlsx,
industry,IIP use-based,Manufacture of tobacco products,2014-09-01,All India,15.6879929886065,percent YoY growth,monthly,Index of Industrial Production (1).xlsx,
industry,IIP use-based,Manufacture of tobacco products,2014-10-01,All India,3.83928571428571,percent YoY growth,monthly,Index of Industrial Production (1).xlsx,
industry,IIP use-based,Manufacture of tobacco products,2014-11-01,All India,4.48979591836735,percent YoY growth,monthly,Index of Industrial Production (1).xlsx,
industry,IIP use-based,Manufacture of tobacco products,2014-12-01,All India,11.4001530221882,percent YoY growth,monthly,Index of Industrial Production (1).xlsx,
industry,IIP use-based,Manufacture of tobacco products,2015-01-01,All India,5.31197301854976,percent YoY growth,monthly,Index of Industrial Production (1).xlsx,
industry,IIP use-based,Manufacture of tobacco products,2015-02-01,All India,2.86599535243998,percent YoY growth,monthly,Index of Industrial Production (1).xlsx,
industry,IIP use-based,Manufacture of tobacco products,2015-03-01,All India,-12.301013024602,percent YoY growth,monthly,Index of Industrial Production (1).xlsx,
industry,IIP use-based,Manufacture of tobacco products,2015-04-01,All India,-2.33258088788562,percent YoY growth,monthly,Index of Industrial Production (1).xlsx,
industry,IIP use-based,Manufacture of tobacco products,2015-05-01,All India,13.9550714771954,percent YoY growth,monthly,Index of Industrial Production (1).xlsx,
industry,IIP use-based,Manufacture of tobacco products,2015-06-01,All India,5.62737642585552,percent YoY growth,monthly,Index of Industrial Production (1).xlsx,
industry,IIP use-based,Manufacture of tobacco products,2015-07-01,All India,10.0833965125095,percent YoY growth,monthly,Index of Industrial Production (1).xlsx,
industry,IIP use-based,Manufacture of tobacco products,2015-08-01,All India,12.4903025601241,percent YoY growth,monthly,Index of Industrial Production (1).xlsx,
industry,IIP use-based,Manufacture of tobacco products,2015-09-01,All India,-6.21212121212121,percent YoY growth,monthly,Index of Industrial Production (1).xlsx,
industry,IIP use-based,Manufacture of tobacco products,2015-10-01,All India,5.67497850386931,percent YoY growth,monthly,Index of Industrial Production (1).xlsx,
industry,IIP use-based,Manufacture of tobacco products,2015-11-01,All India,-15.9375,percent YoY growth,monthly,Index of Industrial Production (1).xlsx,
industry,IIP use-based,Manufacture of tobacco products,2015-12-01,All India,-18.2005494505495,percent YoY growth,monthly,Index of Industrial Production (1).xlsx,
industry,IIP use-based,Manufacture of tobacco products,2016-01-01,All India,5.68454763811048,percent YoY growth,monthly,Index of Industrial Production (1).xlsx,
industry,IIP use-based,Manufacture of tobacco products,2016-02-01,All India,19.7289156626506,percent YoY growth,monthly,Index of Industrial Production (1).xlsx,
industry,IIP use-based,Manufacture of tobacco products,2016-03-01,All India,19.5544554455446,percent YoY growth,monthly,Index of Industrial Production (1).xlsx,
industry,IIP use-based,Manufacture of tobacco products,2016-04-01,All India,-51.848998459168,percent YoY growth,monthly,Index of Industrial Production (1).xlsx,
industry,IIP use-based,Manufacture of tobacco products,2016-05-01,All India,-35.5436081242533,percent YoY growth,monthly,Index of Industrial Production (1).xlsx,
industry,IIP use-based,Manufacture of tobacco products,2016-06-01,All India,-10.0071994240461,percent YoY growth,monthly,Index of Industrial Production (1).xlsx,
industry,IIP use-based,Manufacture of tobacco products,2016-07-01,All India,-16.2534435261708,percent YoY growth,monthly,Index of Industrial Production (1).xlsx,
industry,IIP use-based,Manufacture of tobacco products,2016-08-01,All India,-18.8965517241379,percent YoY growth,monthly,Index of Industrial Production (1).xlsx,
industry,IIP use-based,Manufacture of tobacco products,2016-09-01,All India,-0.323101777059767,percent YoY growth,monthly,Index of Industrial Production (1).xlsx,
industry,IIP use-based,Manufacture of tobacco products,2016-10-01,All India,2.84784377542718,percent YoY growth,monthly,Index of Industrial Production (1).xlsx,
industry,IIP use-based,Manufacture of tobacco products,2016-11-01,All India,-2.69516728624535,percent YoY growth,monthly,Index of Industrial Production (1).xlsx,
industry,IIP use-based,Manufacture of tobacco products,2016-12-01,All India,-0.587741393786724,percent YoY growth,monthly,Index of Industrial Production (1).xlsx,
industry,IIP use-based,Manufacture of tobacco products,2017-01-01,All India,24.6969696969697,percent YoY growth,monthly,Index of Industrial Production (1).xlsx,
industry,IIP use-based,Manufacture of tobacco products,2017-02-01,All India,-37.7987421383648,percent YoY growth,monthly,Index of Industrial Production (1).xlsx,
industry,IIP use-based,Manufacture of tobacco products,2017-03-01,All India,-17.4603174603175,percent YoY growth,monthly,Index of Industrial Production (1).xlsx,
industry,IIP use-based,Manufacture of tobacco products,2017-04-01,All India,17.76,percent YoY growth,monthly,Index of Industrial Production (1).xlsx,
industry,IIP use-based,Manufacture of tobacco products,2017-05-01,All India,3.1510658016682,percent YoY growth,monthly,Index of Industrial Production (1).xlsx,
industry,IIP use-based,Manufacture of tobacco products,2017-06-01,All India,5.28,percent YoY growth,monthly,Index of Industrial Production (1).xlsx,
industry,IIP use-based,Manufacture of tobacco products,2017-07-01,All India,-43.75,percent YoY growth,monthly,Index of Industrial Production (1).xlsx,
industry,IIP use-based,Manufacture of tobacco products,2017-08-01,All India,-13.4353741496599,percent YoY growth,monthly,Index of Industrial Production (1).xlsx,
industry,IIP use-based,Manufacture of tobacco products,2017-09-01,All India,-20.097244732577,percent YoY growth,monthly,Index of Industrial Production (1).xlsx,
industry,IIP use-based,Manufacture of tobacco products,2017-10-01,All India,-20.7278481012658,percent YoY growth,monthly,Index of Industrial Production (1).xlsx,
industry,IIP use-based,Manufacture of tobacco products,2017-11-01,All India,-9.16905444126075,percent YoY growth,monthly,Index of Industrial Production (1).xlsx,
industry,IIP use-based,Manufacture of tobacco products,2017-12-01,All India,-29.4763513513514,percent YoY growth,monthly,Index of Industrial Production (1).xlsx,
industry,IIP use-based,Manufacture of tobacco products,2018-01-01,All India,-47.9343863912515,percent YoY growth,monthly,Index of Industrial Production (1).xlsx,
industry,IIP use-based,Manufacture of tobacco products,2018-02-01,All India,-2.02224469160768,percent YoY growth,monthly,Index of Industrial Production (1).xlsx,
industry,IIP use-based,Manufacture of tobacco products,2018-03-01,All India,-20.5685618729097,percent YoY growth,monthly,Index of Industrial Production (1).xlsx,
industry,IIP use-based,Manufacture of tobacco products,2018-04-01,All India,2.98913043478261,percent YoY growth,monthly,Index of Industrial Production (1).xlsx,
industry,IIP use-based,Manufacture of tobacco products,2018-05-01,All India,-13.7466307277628,percent YoY growth,monthly,Index of Industrial Production (1).xlsx,
industry,IIP use-based,Manufacture of tobacco products,2018-06-01,All India,-32.2948328267477,percent YoY growth,monthly,Index of Industrial Production (1).xlsx,
industry,IIP use-based,Manufacture of tobacco products,2018-07-01,All India,28.0701754385965,percent YoY growth,monthly,Index of Industrial Production (1).xlsx,
industry,IIP use-based,Manufacture of tobacco products,2018-08-01,All India,-17.3870333988212,percent YoY growth,monthly,Index of Industrial Production (1).xlsx,
industry,IIP use-based,Manufacture of tobacco products,2018-09-01,All India,-6.69371196754563,percent YoY growth,monthly,Index of Industrial Production (1).xlsx,
industry,IIP use-based,Manufacture of tobacco products,2018-10-01,All India,0.199600798403196,percent YoY growth,monthly,Index of Industrial Production (1).xlsx,
industry,IIP use-based,Manufacture of tobacco products,2018-11-01,All India,9.46372239747634,percent YoY growth,monthly,Index of Industrial Production (1).xlsx,
industry,IIP use-based,Manufacture of tobacco products,2018-12-01,All India,27.6646706586826,percent YoY growth,monthly,Index of Industrial Production (1).xlsx,
industry,IIP use-based,Manufacture of tobacco products,2019-01-01,All India,3.73395565927655,percent YoY growth,monthly,Index of Industrial Production (1).xlsx,
industry,IIP use-based,Manufacture of tobacco products,2019-02-01,All India,-0.82559339525285,percent YoY growth,monthly,Index of Industrial Production (1).xlsx,
industry,IIP use-based,Manufacture of tobacco products,2019-03-01,All India,15.2631578947368,percent YoY growth,monthly,Index of Industrial Production (1).xlsx,
industry,IIP use-based,Manufacture of tobacco products,2019-04-01,All India,-3.03430079155672,percent YoY growth,monthly,Index of Industrial Production (1).xlsx,
industry,IIP use-based,Manufacture of tobacco products,2019-05-01,All India,9.375,percent YoY growth,monthly,Index of Industrial Production (1).xlsx,
industry,IIP use-based,Manufacture of tobacco products,2019-06-01,All India,12.3456790123457,percent YoY growth,monthly,Index of Industrial Production (1).xlsx,
industry,IIP use-based,Manufacture of tobacco products,2019-07-01,All India,9.36073059360731,percent YoY growth,monthly,Index of Industrial Production (1).xlsx,
industry,IIP use-based,Manufacture of tobacco products,2019-08-01,All India,3.56718192627824,percent YoY growth,monthly,Index of Industrial Production (1).xlsx,
industry,IIP use-based,Manufacture of tobacco products,2019-09-01,All India,11.7391304347826,percent YoY growth,monthly,Index of Industrial Production (1).xlsx,
industry,IIP use-based,Manufacture of tobacco products,2019-10-01,All India,-6.77290836653388,percent YoY growth,monthly,Index of Industrial Production (1).xlsx,
industry,IIP use-based,Manufacture of tobacco products,2019-11-01,All India,-3.55427473583092,percent YoY growth,monthly,Index of Industrial Production (1).xlsx,
industry,IIP use-based,Manufacture of tobacco products,2019-12-01,All India,-6.00375234521575,percent YoY growth,monthly,Index of Industrial Production (1).xlsx,
industry,IIP use-based,Manufacture of tobacco products,2020-01-01,All India,21.9347581552306,percent YoY growth,monthly,Index of Industrial Production (1).xlsx,
industry,IIP use-based,Manufacture of tobacco products,2020-02-01,All India,-10.6139438085328,percent YoY growth,monthly,Index of Industrial Production (1).xlsx,
industry,IIP use-based,Manufacture of tobacco products,2020-03-01,All India,-16.4383561643836,percent YoY growth,monthly,Index of Industrial Production (1).xlsx,
industry,IIP use-based,Manufacture of tobacco products,2020-04-01,All India,-99.5918367346939,percent YoY growth,monthly,Index of Industrial Production (1).xlsx,
industry,IIP use-based,Manufacture of tobacco products,2020-05-01,All India,-61.2380952380952,percent YoY growth,monthly,Index of Industrial Production (1).xlsx,
industry,IIP use-based,Manufacture of tobacco products,2020-06-01,All India,-8.49150849150849,percent YoY growth,monthly,Index of Industrial Production (1).xlsx,
industry,IIP use-based,Manufacture of tobacco products,2020-07-01,All India,6.47181628392485,percent YoY growth,monthly,Index of Industrial Production (1).xlsx,
industry,IIP use-based,Manufacture of tobacco products,2020-08-01,All India,-3.32950631458093,percent YoY growth,monthly,Index of Industrial Production (1).xlsx,
industry,IIP use-based,Manufacture of tobacco products,2020-09-01,All India,-14.1050583657588,percent YoY growth,monthly,Index of Industrial Production (1).xlsx,
industry,IIP use-based,Manufacture of tobacco products,2020-10-01,All India,-7.58547008547008,percent YoY growth,monthly,Index of Industrial Production (1).xlsx,
industry,IIP use-based,Manufacture of tobacco products,2020-11-01,All India,-7.47011952191235,percent YoY growth,monthly,Index of Industrial Production (1).xlsx,
industry,IIP use-based,Manufacture of tobacco products,2020-12-01,All India,-2.09580838323354,percent YoY growth,monthly,Index of Industrial Production (1).xlsx,
industry,IIP use-based,Manufacture of tobacco products,2021-01-01,All India,-4.33579335793358,percent YoY growth,monthly,Index of Industrial Production (1).xlsx,
industry,IIP use-based,Manufacture of tobacco products,2021-02-01,All India,-7.79976717112922,percent YoY growth,monthly,Index of Industrial Production (1).xlsx,
industry,IIP use-based,Manufacture of tobacco products,2021-03-01,All India,24.5901639344262,percent YoY growth,monthly,Index of Industrial Production (1).xlsx,
industry,IIP use-based,Manufacture of tobacco products,2021-05-01,All India,77.8869778869779,percent YoY growth,monthly,Index of Industrial Production (1).xlsx,
industry,IIP use-based,Manufacture of tobacco products,2021-06-01,All India,-19.2139737991266,percent YoY growth,monthly,Index of Industrial Production (1).xlsx,
industry,IIP use-based,Manufacture of tobacco products,2021-07-01,All India,-22.156862745098,percent YoY growth,monthly,Index of Industrial Production (1).xlsx,
industry,IIP use-based,Manufacture of tobacco products,2021-08-01,All India,3.20665083135392,percent YoY growth,monthly,Index of Industrial Production (1).xlsx,
industry,IIP use-based,Manufacture of tobacco products,2021-09-01,All India,8.26727066817667,percent YoY growth,monthly,Index of Industrial Production (1).xlsx,
industry,IIP use-based,Manufacture of tobacco products,2021-10-01,All India,9.82658959537572,percent YoY growth,monthly,Index of Industrial Production (1).xlsx,
industry,IIP use-based,Manufacture of tobacco products,2021-11-01,All India,3.87513455328309,percent YoY growth,monthly,Index of Industrial Production (1).xlsx,
industry,IIP use-based,Manufacture of tobacco products,2021-12-01,All India,3.77166156982671,percent YoY growth,monthly,Index of Industrial Production (1).xlsx,
industry,IIP use-based,Manufacture of tobacco products,2022-01-01,All India,4.33944069431051,percent YoY growth,monthly,Index of Industrial Production (1).xlsx,
industry,IIP use-based,Manufacture of tobacco products,2022-02-01,All India,0.883838383838387,percent YoY growth,monthly,Index of Industrial Production (1).xlsx,
industry,IIP use-based,Manufacture of tobacco products,2022-03-01,All India,-5.87719298245614,percent YoY growth,monthly,Index of Industrial Production (1).xlsx,
industry,IIP use-based,Manufacture of tobacco products,2022-04-01,All India,22.0,percent YoY growth,monthly,Index of Industrial Production (1).xlsx,
industry,IIP use-based,Manufacture of tobacco products,2022-05-01,All India,21.4088397790055,percent YoY growth,monthly,Index of Industrial Production (1).xlsx,
industry,IIP use-based,Manufacture of tobacco products,2022-06-01,All India,52.7027027027027,percent YoY growth,monthly,Index of Industrial Production (1).xlsx,
industry,IIP use-based,Manufacture of tobacco products,2022-07-01,All India,-9.06801007556675,percent YoY growth,monthly,Index of Industrial Production (1).xlsx,
industry,IIP use-based,Manufacture of tobacco products,2022-08-01,All India,-12.7733026467204,percent YoY growth,monthly,Index of Industrial Production (1).xlsx,
industry,IIP use-based,Manufacture of tobacco products,2022-09-01,All India,-1.04602510460251,percent YoY growth,monthly,Index of Industrial Production (1).xlsx,
industry,IIP use-based,Manufacture of tobacco products,2022-10-01,All India,-14.0,percent YoY growth,monthly,Index of Industrial Production (1).xlsx,
industry,IIP use-based,Manufacture of tobacco products,2022-11-01,All India,-3.31606217616581,percent YoY growth,monthly,Index of Industrial Production (1).xlsx,
industry,IIP use-based,Manufacture of tobacco products,2022-12-01,All India,-11.0019646365422,percent YoY growth,monthly,Index of Industrial Production (1).xlsx,
industry,IIP use-based,Manufacture of tobacco products,2023-01-01,All India,-14.6025878003697,percent YoY growth,monthly,Index of Industrial Production (1).xlsx,
industry,IIP use-based,Manufacture of tobacco products,2023-02-01,All India,-2.50312891113892,percent YoY growth,monthly,Index of Industrial Production (1).xlsx,
industry,IIP use-based,Manufacture of tobacco products,2023-03-01,All India,-10.9972041006524,percent YoY growth,monthly,Index of Industrial Production (1).xlsx,
industry,IIP use-based,Manufacture of tobacco products,2023-04-01,All India,-21.4285714285714,percent YoY growth,monthly,Index of Industrial Production (1).xlsx,
industry,IIP use-based,Manufacture of tobacco products,2023-05-01,All India,-4.77815699658703,percent YoY growth,monthly,Index of Industrial Production (1).xlsx,
industry,IIP use-based,Manufacture of tobacco products,2023-06-01,All India,-16.9911504424779,percent YoY growth,monthly,Index of Industrial Production (1).xlsx,
industry,IIP use-based,Manufacture of tobacco products,2023-07-01,All India,-0.554016620498623,percent YoY growth,monthly,Index of Industrial Production (1).xlsx,
industry,IIP use-based,Manufacture of tobacco products,2023-08-01,All India,7.38786279683378,percent YoY growth,monthly,Index of Industrial Production (1).xlsx,
industry,IIP use-based,Manufacture of tobacco products,2023-09-01,All India,-5.07399577167019,percent YoY growth,monthly,Index of Industrial Production (1).xlsx,
industry,IIP use-based,Manufacture of tobacco products,2023-10-01,All India,1.22399020807834,percent YoY growth,monthly,Index of Industrial Production (1).xlsx,
industry,IIP use-based,Manufacture of tobacco products,2023-11-01,All India,-14.4694533762058,percent YoY growth,monthly,Index of Industrial Production (1).xlsx,
industry,IIP use-based,Manufacture of tobacco products,2023-12-01,All India,-8.71964679911699,percent YoY growth,monthly,Index of Industrial Production (1).xlsx,
industry,IIP use-based,Manufacture of tobacco products,2024-01-01,All India,-8.44155844155845,percent YoY growth,monthly,Index of Industrial Production (1).xlsx,
industry,IIP use-based,Manufacture of tobacco products,2024-02-01,All India,-0.770218228498085,percent YoY growth,monthly,Index of Industrial Production (1).xlsx,
industry,IIP use-based,Manufacture of tobacco products,2024-03-01,All India,-18.0104712041885,percent YoY growth,monthly,Index of Industrial Production (1).xlsx,
industry,IIP use-based,Manufacture of tobacco products,2024-04-01,All India,-8.9418777943368,percent YoY growth,monthly,Index of Industrial Production (1).xlsx,
industry,IIP use-based,Manufacture of tobacco products,2024-05-01,All India,5.25686977299879,percent YoY growth,monthly,Index of Industrial Production (1).xlsx,
industry,IIP use-based,Manufacture of tobacco products,2024-06-01,All India,-11.3006396588486,percent YoY growth,monthly,Index of Industrial Production (1).xlsx,
industry,IIP use-based,Manufacture of tobacco products,2024-07-01,All India,13.2311977715877,percent YoY growth,monthly,Index of Industrial Production (1).xlsx,
industry,IIP use-based,Manufacture of tobacco products,2024-08-01,All India,-3.56265356265357,percent YoY growth,monthly,Index of Industrial Production (1).xlsx,
industry,IIP use-based,Manufacture of tobacco products,2024-09-01,All India,1.55902004454344,percent YoY growth,monthly,Index of Industrial Production (1).xlsx,
industry,IIP use-based,Manufacture of tobacco products,2024-10-01,All India,11.6082224909311,percent YoY growth,monthly,Index of Industrial Production (1).xlsx,
industry,IIP use-based,Manufacture of tobacco products,2024-11-01,All India,0.6265664160401,percent YoY growth,monthly,Index of Industrial Production (1).xlsx,
industry,IIP use-based,Manufacture of tobacco products,2024-12-01,All India,6.65054413542926,percent YoY growth,monthly,Index of Industrial Production (1).xlsx,
industry,IIP use-based,Manufacture of tobacco products,2025-01-01,All India,14.5390070921986,percent YoY growth,monthly,Index of Industrial Production (1).xlsx,
industry,IIP use-based,Manufacture of tobacco products,2025-02-01,All India,-1.29366106080207,percent YoY growth,monthly,Index of Industrial Production (1).xlsx,
industry,IIP use-based,Manufacture of tobacco products,2025-03-01,All India,23.7547892720307,percent YoY growth,monthly,Index of Industrial Production (1).xlsx,
industry,IIP use-based,Manufacture of tobacco products,2025-04-01,All India,23.8952536824877,percent YoY growth,monthly,Index of Industrial Production (1).xlsx,
industry,IIP use-based,Manufacture of tobacco products,2025-05-01,All India,5.67536889897843,percent YoY growth,monthly,Index of Industrial Production (1).xlsx,
industry,IIP use-based,Manufacture of tobacco products,2025-06-01,All India,2.28365384615384,percent YoY growth,monthly,Index of Industrial Production (1).xlsx,
industry,IIP use-based,Manufacture of tobacco products,2025-07-01,All India,10.3321033210332,percent YoY growth,monthly,Index of Industrial Production (1).xlsx,
industry,IIP use-based,Manufacture of tobacco products,2025-08-01,All India,23.312101910828,percent YoY growth,monthly,Index of Industrial Production (1).xlsx,
industry,IIP use-based,Manufacture of tobacco products,2025-09-01,All India,2.08333333333332,percent YoY growth,monthly,Index of Industrial Production (1).xlsx,
industry,IIP use-based,Manufacture of tobacco products,2025-10-01,All India,-4.55037919826653,percent YoY growth,monthly,Index of Industrial Production (1).xlsx,
industry,IIP use-based,Manufacture of tobacco products,2025-11-01,All India,15.3175591531756,percent YoY growth,monthly,Index of Industrial Production (1).xlsx,
industry,IIP use-based,Manufacture of tobacco products,2025-12-01,All India,18.59410430839,percent YoY growth,monthly,Index of Industrial Production (1).xlsx,
industry,IIP use-based,Manufacture of tobacco products,2026-01-01,All India,13.312693498452,percent YoY growth,monthly,Index of Industrial Production (1).xlsx,
industry,IIP use-based,Manufacture of tobacco products,2026-02-01,All India,-19.6592398427261,percent YoY growth,monthly,Index of Industrial Production (1).xlsx,
industry,IIP use-based,Manufacture of tobacco products,2026-03-01,All India,-10.0103199174407,percent YoY growth,monthly,Index of Industrial Production (1).xlsx,
industry,IIP use-based,Manufacture of wearing apparel,2013-04-01,All India,28.8888888888889,percent YoY growth,monthly,Index of Industrial Production (1).xlsx,
industry,IIP use-based,Manufacture of wearing apparel,2013-05-01,All India,11.9226638023631,percent YoY growth,monthly,Index of Industrial Production (1).xlsx,
industry,IIP use-based,Manufacture of wearing apparel,2013-06-01,All India,13.854748603352,percent YoY growth,monthly,Index of Industrial Production (1).xlsx,
industry,IIP use-based,Manufacture of wearing apparel,2013-07-01,All India,20.4805491990847,percent YoY growth,monthly,Index of Industrial Production (1).xlsx,
industry,IIP use-based,Manufacture of wearing apparel,2013-08-01,All India,15.4273029966704,percent YoY growth,monthly,Index of Industrial Production (1).xlsx,
industry,IIP use-based,Manufacture of wearing apparel,2013-09-01,All India,32.1826280623608,percent YoY growth,monthly,Index of Industrial Production (1).xlsx,
industry,IIP use-based,Manufacture of wearing apparel,2013-10-01,All India,11.2734864300626,percent YoY growth,monthly,Index of Industrial Production (1).xlsx,
industry,IIP use-based,Manufacture of wearing apparel,2013-11-01,All India,8.69565217391304,percent YoY growth,monthly,Index of Industrial Production (1).xlsx,
industry,IIP use-based,Manufacture of wearing apparel,2013-12-01,All India,21.031746031746,percent YoY growth,monthly,Index of Industrial Production (1).xlsx,
industry,IIP use-based,Manufacture of wearing apparel,2014-01-01,All India,16.829052258636,percent YoY growth,monthly,Index of Industrial Production (1).xlsx,
industry,IIP use-based,Manufacture of wearing apparel,2014-02-01,All India,0.933786078098479,percent YoY growth,monthly,Index of Industrial Production (1).xlsx,
industry,IIP use-based,Manufacture of wearing apparel,2014-03-01,All India,14.6417445482866,percent YoY growth,monthly,Index of Industrial Production (1).xlsx,
industry,IIP use-based,Manufacture of wearing apparel,2014-04-01,All India,-5.82922824302134,percent YoY growth,monthly,Index of Industrial Production (1).xlsx,
industry,IIP use-based,Manufacture of wearing apparel,2014-05-01,All India,13.2437619961612,percent YoY growth,monthly,Index of Industrial Production (1).xlsx,
industry,IIP use-based,Manufacture of wearing apparel,2014-06-01,All India,1.07948969578017,percent YoY growth,monthly,Index of Industrial Production (1).xlsx,
industry,IIP use-based,Manufacture of wearing apparel,2014-07-01,All India,4.84330484330485,percent YoY growth,monthly,Index of Industrial Production (1).xlsx,
industry,IIP use-based,Manufacture of wearing apparel,2014-08-01,All India,-0.480769230769231,percent YoY growth,monthly,Index of Industrial Production (1).xlsx,
industry,IIP use-based,Manufacture of wearing apparel,2014-09-01,All India,-7.07666385846673,percent YoY growth,monthly,Index of Industrial Production (1).xlsx,
industry,IIP use-based,Manufacture of wearing apparel,2014-10-01,All India,-13.0393996247655,percent YoY growth,monthly,Index of Industrial Production (1).xlsx,
industry,IIP use-based,Manufacture of wearing apparel,2014-11-01,All India,7.57894736842106,percent YoY growth,monthly,Index of Industrial Production (1).xlsx,
industry,IIP use-based,Manufacture of wearing apparel,2014-12-01,All India,1.39344262295082,percent YoY growth,monthly,Index of Industrial Production (1).xlsx,
industry,IIP use-based,Manufacture of wearing apparel,2015-01-01,All India,-0.758150113722517,percent YoY growth,monthly,Index of Industrial Production (1).xlsx,
industry,IIP use-based,Manufacture of wearing apparel,2015-02-01,All India,5.80319596299411,percent YoY growth,monthly,Index of Industrial Production (1).xlsx,
industry,IIP use-based,Manufacture of wearing apparel,2015-03-01,All India,-6.38586956521738,percent YoY growth,monthly,Index of Industrial Production (1).xlsx,
industry,IIP use-based,Manufacture of wearing apparel,2015-04-01,All India,1.22057541412379,percent YoY growth,monthly,Index of Industrial Production (1).xlsx,
industry,IIP use-based,Manufacture of wearing apparel,2015-05-01,All India,-6.01694915254237,percent YoY growth,monthly,Index of Industrial Production (1).xlsx,
industry,IIP use-based,Manufacture of wearing apparel,2015-06-01,All India,13.3009708737864,percent YoY growth,monthly,Index of Industrial Production (1).xlsx,
industry,IIP use-based,Manufacture of wearing apparel,2015-07-01,All India,4.89130434782608,percent YoY growth,monthly,Index of Industrial Production (1).xlsx,
industry,IIP use-based,Manufacture of wearing apparel,2015-08-01,All India,0.86956521739131,percent YoY growth,monthly,Index of Industrial Production (1).xlsx,
industry,IIP use-based,Manufacture of wearing apparel,2015-09-01,All India,-4.35176790571169,percent YoY growth,monthly,Index of Industrial Production (1).xlsx,
industry,IIP use-based,Manufacture of wearing apparel,2015-10-01,All India,43.7971952535059,percent YoY growth,monthly,Index of Industrial Production (1).xlsx,
industry,IIP use-based,Manufacture of wearing apparel,2015-11-01,All India,18.2974559686888,percent YoY growth,monthly,Index of Industrial Production (1).xlsx,
industry,IIP use-based,Manufacture of wearing apparel,2015-12-01,All India,29.5877122069523,percent YoY growth,monthly,Index of Industrial Production (1).xlsx,
industry,IIP use-based,Manufacture of wearing apparel,2016-01-01,All India,11.2299465240642,percent YoY growth,monthly,Index of Industrial Production (1).xlsx,
industry,IIP use-based,Manufacture of wearing apparel,2016-02-01,All India,18.5214626391097,percent YoY growth,monthly,Index of Industrial Production (1).xlsx,
industry,IIP use-based,Manufacture of wearing apparel,2016-03-01,All India,40.2031930333817,percent YoY growth,monthly,Index of Industrial Production (1).xlsx,
industry,IIP use-based,Manufacture of wearing apparel,2016-04-01,All India,29.801894918174,percent YoY growth,monthly,Index of Industrial Production (1).xlsx,
industry,IIP use-based,Manufacture of wearing apparel,2016-05-01,All India,50.4057709648332,percent YoY growth,monthly,Index of Industrial Production (1).xlsx,
industry,IIP use-based,Manufacture of wearing apparel,2016-06-01,All India,31.3624678663239,percent YoY growth,monthly,Index of Industrial Production (1).xlsx,
industry,IIP use-based,Manufacture of wearing apparel,2016-07-01,All India,24.7841105354059,percent YoY growth,monthly,Index of Industrial Production (1).xlsx,
industry,IIP use-based,Manufacture of wearing apparel,2016-08-01,All India,41.2835249042146,percent YoY growth,monthly,Index of Industrial Production (1).xlsx,
industry,IIP use-based,Manufacture of wearing apparel,2016-09-01,All India,34.8815165876777,percent YoY growth,monthly,Index of Industrial Production (1).xlsx,
industry,IIP use-based,Manufacture of wearing apparel,2016-10-01,All India,5.32633158289572,percent YoY growth,monthly,Index of Industrial Production (1).xlsx,
industry,IIP use-based,Manufacture of wearing apparel,2016-11-01,All India,5.04549214226633,percent YoY growth,monthly,Index of Industrial Production (1).xlsx,
industry,IIP use-based,Manufacture of wearing apparel,2016-12-01,All India,-0.436681222707434,percent YoY growth,monthly,Index of Industrial Production (1).xlsx,
industry,IIP use-based,Manufacture of wearing apparel,2017-01-01,All India,11.1263736263736,percent YoY growth,monthly,Index of Industrial Production (1).xlsx,
industry,IIP use-based,Manufacture of wearing apparel,2017-02-01,All India,4.62776659959759,percent YoY growth,monthly,Index of Industrial Production (1).xlsx,
industry,IIP use-based,Manufacture of wearing apparel,2017-03-01,All India,-11.9565217391304,percent YoY growth,monthly,Index of Industrial Production (1).xlsx,
industry,IIP use-based,Manufacture of wearing apparel,2017-04-01,All India,3.18513603185137,percent YoY growth,monthly,Index of Industrial Production (1).xlsx,
industry,IIP use-based,Manufacture of wearing apparel,2017-05-01,All India,-5.99520383693045,percent YoY growth,monthly,Index of Industrial Production (1).xlsx,
industry,IIP use-based,Manufacture of wearing apparel,2017-06-01,All India,-5.28375733855187,percent YoY growth,monthly,Index of Industrial Production (1).xlsx,
industry,IIP use-based,Manufacture of wearing apparel,2017-07-01,All India,-7.12802768166091,percent YoY growth,monthly,Index of Industrial Production (1).xlsx,
industry,IIP use-based,Manufacture of wearing apparel,2017-08-01,All India,-17.6949152542373,percent YoY growth,monthly,Index of Industrial Production (1).xlsx,
industry,IIP use-based,Manufacture of wearing apparel,2017-09-01,All India,-16.5144061841181,percent YoY growth,monthly,Index of Industrial Production (1).xlsx,
industry,IIP use-based,Manufacture of wearing apparel,2017-10-01,All India,-24.2877492877493,percent YoY growth,monthly,Index of Industrial Production (1).xlsx,
industry,IIP use-based,Manufacture of wearing apparel,2017-11-01,All India,-7.00787401574804,percent YoY growth,monthly,Index of Industrial Production (1).xlsx,
industry,IIP use-based,Manufacture of wearing apparel,2017-12-01,All India,-11.7167919799499,percent YoY growth,monthly,Index of Industrial Production (1).xlsx,
industry,IIP use-based,Manufacture of wearing apparel,2018-01-01,All India,-12.7935723114957,percent YoY growth,monthly,Index of Industrial Production (1).xlsx,
industry,IIP use-based,Manufacture of wearing apparel,2018-02-01,All India,-8.39743589743589,percent YoY growth,monthly,Index of Industrial Production (1).xlsx,
industry,IIP use-based,Manufacture of wearing apparel,2018-03-01,All India,-0.470311581422683,percent YoY growth,monthly,Index of Industrial Production (1).xlsx,
industry,IIP use-based,Manufacture of wearing apparel,2018-04-01,All India,-19.3569131832797,percent YoY growth,monthly,Index of Industrial Production (1).xlsx,
industry,IIP use-based,Manufacture of wearing apparel,2018-05-01,All India,-3.8265306122449,percent YoY growth,monthly,Index of Industrial Production (1).xlsx,
industry,IIP use-based,Manufacture of wearing apparel,2018-06-01,All India,4.40771349862259,percent YoY growth,monthly,Index of Industrial Production (1).xlsx,
industry,IIP use-based,Manufacture of wearing apparel,2018-07-01,All India,8.3457526080477,percent YoY growth,monthly,Index of Industrial Production (1).xlsx,
industry,IIP use-based,Manufacture of wearing apparel,2018-08-01,All India,20.2635914332784,percent YoY growth,monthly,Index of Industrial Production (1).xlsx,
industry,IIP use-based,Manufacture of wearing apparel,2018-09-01,All India,19.6969696969697,percent YoY growth,monthly,Index of Industrial Production (1).xlsx,
industry,IIP use-based,Manufacture of wearing apparel,2018-10-01,All India,32.7375352775165,percent YoY growth,monthly,Index of Industrial Production (1).xlsx,
industry,IIP use-based,Manufacture of wearing apparel,2018-11-01,All India,14.9026248941575,percent YoY growth,monthly,Index of Industrial Production (1).xlsx,
industry,IIP use-based,Manufacture of wearing apparel,2018-12-01,All India,24.6273953158268,percent YoY growth,monthly,Index of Industrial Production (1).xlsx,
industry,IIP use-based,Manufacture of wearing apparel,2019-01-01,All India,21.7576187101347,percent YoY growth,monthly,Index of Industrial Production (1).xlsx,
industry,IIP use-based,Manufacture of wearing apparel,2019-02-01,All India,20.0139958012596,percent YoY growth,monthly,Index of Industrial Production (1).xlsx,
industry,IIP use-based,Manufacture of wearing apparel,2019-03-01,All India,14.3532191376255,percent YoY growth,monthly,Index of Industrial Production (1).xlsx,
industry,IIP use-based,Manufacture of wearing apparel,2019-04-01,All India,31.658692185008,percent YoY growth,monthly,Index of Industrial Production (1).xlsx,
industry,IIP use-based,Manufacture of wearing apparel,2019-05-01,All India,8.42175066312997,percent YoY growth,monthly,Index of Industrial Production (1).xlsx,
industry,IIP use-based,Manufacture of wearing apparel,2019-06-01,All India,10.3562005277045,percent YoY growth,monthly,Index of Industrial Production (1).xlsx,
industry,IIP use-based,Manufacture of wearing apparel,2019-07-01,All India,14.7180192572215,percent YoY growth,monthly,Index of Industrial Production (1).xlsx,
industry,IIP use-based,Manufacture of wearing apparel,2019-08-01,All India,8.63013698630137,percent YoY growth,monthly,Index of Industrial Production (1).xlsx,
industry,IIP use-based,Manufacture of wearing apparel,2019-09-01,All India,1.40646976090014,percent YoY growth,monthly,Index of Industrial Production (1).xlsx,
industry,IIP use-based,Manufacture of wearing apparel,2019-10-01,All India,-2.83486888731396,percent YoY growth,monthly,Index of Industrial Production (1).xlsx,
industry,IIP use-based,Manufacture of wearing apparel,2019-11-01,All India,2.50552689756817,percent YoY growth,monthly,Index of Industrial Production (1).xlsx,
industry,IIP use-based,Manufacture of wearing apparel,2019-12-01,All India,-2.73348519362186,percent YoY growth,monthly,Index of Industrial Production (1).xlsx,
industry,IIP use-based,Manufacture of wearing apparel,2020-01-01,All India,-5.52968568102445,percent YoY growth,monthly,Index of Industrial Production (1).xlsx,
industry,IIP use-based,Manufacture of wearing apparel,2020-02-01,All India,-4.02332361516035,percent YoY growth,monthly,Index of Industrial Production (1).xlsx,
industry,IIP use-based,Manufacture of wearing apparel,2020-03-01,All India,-40.2892561983471,percent YoY growth,monthly,Index of Industrial Production (1).xlsx,
industry,IIP use-based,Manufacture of wearing apparel,2020-04-01,All India,-94.1247728649304,percent YoY growth,monthly,Index of Industrial Production (1).xlsx,
industry,IIP use-based,Manufacture of wearing apparel,2020-05-01,All India,-61.7125382262997,percent YoY growth,monthly,Index of Industrial Production (1).xlsx,
industry,IIP use-based,Manufacture of wearing apparel,2020-06-01,All India,-36.7005379557681,percent YoY growth,monthly,Index of Industrial Production (1).xlsx,
industry,IIP use-based,Manufacture of wearing apparel,2020-07-01,All India,-32.5539568345324,percent YoY growth,monthly,Index of Industrial Production (1).xlsx,
industry,IIP use-based,Manufacture of wearing apparel,2020-08-01,All India,-28.2471626733922,percent YoY growth,monthly,Index of Industrial Production (1).xlsx,
industry,IIP use-based,Manufacture of wearing apparel,2020-09-01,All India,-15.8113730929265,percent YoY growth,monthly,Index of Industrial Production (1).xlsx,
industry,IIP use-based,Manufacture of wearing apparel,2020-10-01,All India,-12.545587162655,percent YoY growth,monthly,Index of Industrial Production (1).xlsx,
industry,IIP use-based,Manufacture of wearing apparel,2020-11-01,All India,-26.8871315600287,percent YoY growth,monthly,Index of Industrial Production (1).xlsx,
industry,IIP use-based,Manufacture of wearing apparel,2020-12-01,All India,-18.0327868852459,percent YoY growth,monthly,Index of Industrial Production (1).xlsx,
industry,IIP use-based,Manufacture of wearing apparel,2021-01-01,All India,-20.2711028958718,percent YoY growth,monthly,Index of Industrial Production (1).xlsx,
industry,IIP use-based,Manufacture of wearing apparel,2021-02-01,All India,-14.9453219927096,percent YoY growth,monthly,Index of Industrial Production (1).xlsx,
industry,IIP use-based,Manufacture of wearing apparel,2021-03-01,All India,24.3944636678201,percent YoY growth,monthly,Index of Industrial Production (1).xlsx,
industry,IIP use-based,Manufacture of wearing apparel,2021-05-01,All India,33.8658146964856,percent YoY growth,monthly,Index of Industrial Production (1).xlsx,
industry,IIP use-based,Manufacture of wearing apparel,2021-06-01,All India,3.87157695939565,percent YoY growth,monthly,Index of Industrial Production (1).xlsx,
industry,IIP use-based,Manufacture of wearing apparel,2021-07-01,All India,3.82222222222222,percent YoY growth,monthly,Index of Industrial Production (1).xlsx,
industry,IIP use-based,Manufacture of wearing apparel,2021-08-01,All India,26.6256590509666,percent YoY growth,monthly,Index of Industrial Production (1).xlsx,
industry,IIP use-based,Manufacture of wearing apparel,2021-09-01,All India,30.7248764415156,percent YoY growth,monthly,Index of Industrial Production (1).xlsx,
industry,IIP use-based,Manufacture of wearing apparel,2021-10-01,All India,36.4470391993328,percent YoY growth,monthly,Index of Industrial Production (1).xlsx,
industry,IIP use-based,Manufacture of wearing apparel,2021-11-01,All India,31.5634218289086,percent YoY growth,monthly,Index of Industrial Production (1).xlsx,
industry,IIP use-based,Manufacture of wearing apparel,2021-12-01,All India,15.5714285714286,percent YoY growth,monthly,Index of Industrial Production (1).xlsx,
industry,IIP use-based,Manufacture of wearing apparel,2022-01-01,All India,19.5517774343122,percent YoY growth,monthly,Index of Industrial Production (1).xlsx,
industry,IIP use-based,Manufacture of wearing apparel,2022-02-01,All India,10.7142857142857,percent YoY growth,monthly,Index of Industrial Production (1).xlsx,
industry,IIP use-based,Manufacture of wearing apparel,2022-03-01,All India,33.3101529902642,percent YoY growth,monthly,Index of Industrial Production (1).xlsx,
industry,IIP use-based,Manufacture of wearing apparel,2022-04-01,All India,55.1558752997602,percent YoY growth,monthly,Index of Industrial Production (1).xlsx,
industry,IIP use-based,Manufacture of wearing apparel,2022-05-01,All India,69.928400954654,percent YoY growth,monthly,Index of Industrial Production (1).xlsx,
industry,IIP use-based,Manufacture of wearing apparel,2022-06-01,All India,42.6363636363636,percent YoY growth,monthly,Index of Industrial Production (1).xlsx,
industry,IIP use-based,Manufacture of wearing apparel,2022-07-01,All India,15.0684931506849,percent YoY growth,monthly,Index of Industrial Production (1).xlsx,
industry,IIP use-based,Manufacture of wearing apparel,2022-08-01,All India,-18.2512144344205,percent YoY growth,monthly,Index of Industrial Production (1).xlsx,
industry,IIP use-based,Manufacture of wearing apparel,2022-09-01,All India,-21.1090107120353,percent YoY growth,monthly,Index of Industrial Production (1).xlsx,
industry,IIP use-based,Manufacture of wearing apparel,2022-10-01,All India,-36.6136919315403,percent YoY growth,monthly,Index of Industrial Production (1).xlsx,
industry,IIP use-based,Manufacture of wearing apparel,2022-11-01,All India,-12.5560538116592,percent YoY growth,monthly,Index of Industrial Production (1).xlsx,
industry,IIP use-based,Manufacture of wearing apparel,2022-12-01,All India,-22.3733003708282,percent YoY growth,monthly,Index of Industrial Production (1).xlsx,
industry,IIP use-based,Manufacture of wearing apparel,2023-01-01,All India,-22.365869424693,percent YoY growth,monthly,Index of Industrial Production (1).xlsx,
industry,IIP use-based,Manufacture of wearing apparel,2023-02-01,All India,-16.7096774193548,percent YoY growth,monthly,Index of Industrial Production (1).xlsx,
industry,IIP use-based,Manufacture of wearing apparel,2023-03-01,All India,-30.5685967657799,percent YoY growth,monthly,Index of Industrial Production (1).xlsx,
industry,IIP use-based,Manufacture of wearing apparel,2023-04-01,All India,-28.8253477588872,percent YoY growth,monthly,Index of Industrial Production (1).xlsx,
industry,IIP use-based,Manufacture of wearing apparel,2023-05-01,All India,-21.2078651685393,percent YoY growth,monthly,Index of Industrial Production (1).xlsx,
industry,IIP use-based,Manufacture of wearing apparel,2023-06-01,All India,-23.4544295729764,percent YoY growth,monthly,Index of Industrial Production (1).xlsx,
industry,IIP use-based,Manufacture of wearing apparel,2023-07-01,All India,-22.6934523809524,percent YoY growth,monthly,Index of Industrial Production (1).xlsx,
industry,IIP use-based,Manufacture of wearing apparel,2023-08-01,All India,-16.9779286926995,percent YoY growth,monthly,Index of Industrial Production (1).xlsx,
industry,IIP use-based,Manufacture of wearing apparel,2023-09-01,All India,-18.2108626198083,percent YoY growth,monthly,Index of Industrial Production (1).xlsx,
industry,IIP use-based,Manufacture of wearing apparel,2023-10-01,All India,-5.68948891031823,percent YoY growth,monthly,Index of Industrial Production (1).xlsx,
industry,IIP use-based,Manufacture of wearing apparel,2023-11-01,All India,-20.5982905982906,percent YoY growth,monthly,Index of Industrial Production (1).xlsx,
industry,IIP use-based,Manufacture of wearing apparel,2023-12-01,All India,-9.95222929936306,percent YoY growth,monthly,Index of Industrial Production (1).xlsx,
industry,IIP use-based,Manufacture of wearing apparel,2024-01-01,All India,-2.33139050791007,percent YoY growth,monthly,Index of Industrial Production (1).xlsx,
industry,IIP use-based,Manufacture of wearing apparel,2024-02-01,All India,-2.71107668474051,percent YoY growth,monthly,Index of Industrial Production (1).xlsx,
industry,IIP use-based,Manufacture of wearing apparel,2024-03-01,All India,7.43801652892562,percent YoY growth,monthly,Index of Industrial Production (1).xlsx,
industry,IIP use-based,Manufacture of wearing apparel,2024-04-01,All India,14.1150922909881,percent YoY growth,monthly,Index of Industrial Production (1).xlsx,
industry,IIP use-based,Manufacture of wearing apparel,2024-05-01,All India,10.1604278074866,percent YoY growth,monthly,Index of Industrial Production (1).xlsx,
industry,IIP use-based,Manufacture of wearing apparel,2024-06-01,All India,2.08159866777685,percent YoY growth,monthly,Index of Industrial Production (1).xlsx,
industry,IIP use-based,Manufacture of wearing apparel,2024-07-01,All India,7.50721847930702,percent YoY growth,monthly,Index of Industrial Production (1).xlsx,
industry,IIP use-based,Manufacture of wearing apparel,2024-08-01,All India,15.0306748466258,percent YoY growth,monthly,Index of Industrial Production (1).xlsx,
industry,IIP use-based,Manufacture of wearing apparel,2024-09-01,All India,1.26953125,percent YoY growth,monthly,Index of Industrial Production (1).xlsx,
industry,IIP use-based,Manufacture of wearing apparel,2024-10-01,All India,6.33946830265849,percent YoY growth,monthly,Index of Industrial Production (1).xlsx,
industry,IIP use-based,Manufacture of wearing apparel,2024-11-01,All India,18.729817007535,percent YoY growth,monthly,Index of Industrial Production (1).xlsx,
industry,IIP use-based,Manufacture of wearing apparel,2024-12-01,All India,5.30503978779841,percent YoY growth,monthly,Index of Industrial Production (1).xlsx,
industry,IIP use-based,Manufacture of wearing apparel,2025-01-01,All India,3.23955669224211,percent YoY growth,monthly,Index of Industrial Production (1).xlsx,
industry,IIP use-based,Manufacture of wearing apparel,2025-02-01,All India,-3.34394904458598,percent YoY growth,monthly,Index of Industrial Production (1).xlsx,
industry,IIP use-based,Manufacture of wearing apparel,2025-03-01,All India,1.25874125874127,percent YoY growth,monthly,Index of Industrial Production (1).xlsx,
industry,IIP use-based,Manufacture of wearing apparel,2025-04-01,All India,8.65842055185539,percent YoY growth,monthly,Index of Industrial Production (1).xlsx,
industry,IIP use-based,Manufacture of wearing apparel,2025-05-01,All India,2.34627831715211,percent YoY growth,monthly,Index of Industrial Production (1).xlsx,
industry,IIP use-based,Manufacture of wearing apparel,2025-06-01,All India,3.99673735725938,percent YoY growth,monthly,Index of Industrial Production (1).xlsx,
industry,IIP use-based,Manufacture of wearing apparel,2025-07-01,All India,0.895255147717099,percent YoY growth,monthly,Index of Industrial Production (1).xlsx,
industry,IIP use-based,Manufacture of wearing apparel,2025-08-01,All India,-4.71111111111111,percent YoY growth,monthly,Index of Industrial Production (1).xlsx,
industry,IIP use-based,Manufacture of wearing apparel,2025-09-01,All India,-2.98939247830281,percent YoY growth,monthly,Index of Industrial Production (1).xlsx,
industry,IIP use-based,Manufacture of wearing apparel,2025-10-01,All India,-13.8461538461539,percent YoY growth,monthly,Index of Industrial Production (1).xlsx,
industry,IIP use-based,Manufacture of wearing apparel,2025-11-01,All India,-4.53309156844968,percent YoY growth,monthly,Index of Industrial Production (1).xlsx,
industry,IIP use-based,Manufacture of wearing apparel,2025-12-01,All India,-8.14441645675902,percent YoY growth,monthly,Index of Industrial Production (1).xlsx,
industry,IIP use-based,Manufacture of wearing apparel,2026-01-01,All India,-10.2394715111478,percent YoY growth,monthly,Index of Industrial Production (1).xlsx,
industry,IIP use-based,Manufacture of wearing apparel,2026-02-01,All India,-17.0510708401977,percent YoY growth,monthly,Index of Industrial Production (1).xlsx,
industry,IIP use-based,Manufacture of wearing apparel,2026-03-01,All India,-14.6408839779006,percent YoY growth,monthly,Index of Industrial Production (1).xlsx,
industry,IIP use-based,Manufacturing,2013-04-01,All India,5.25252525252526,percent YoY growth,monthly,Index of Industrial Production (1).xlsx,
industry,IIP use-based,Manufacturing,2013-05-01,All India,2.19047619047619,percent YoY growth,monthly,Index of Industrial Production (1).xlsx,
industry,IIP use-based,Manufacturing,2013-06-01,All India,-0.289296046287365,percent YoY growth,monthly,Index of Industrial Production (1).xlsx,
industry,IIP use-based,Manufacturing,2013-07-01,All India,4.06582768635044,percent YoY growth,monthly,Index of Industrial Production (1).xlsx,
industry,IIP use-based,Manufacturing,2013-08-01,All India,5.0830889540567,percent YoY growth,monthly,Index of Industrial Production (1).xlsx,
industry,IIP use-based,Manufacturing,2013-09-01,All India,6.47693817468105,percent YoY growth,monthly,Index of Industrial Production (1).xlsx,
industry,IIP use-based,Manufacturing,2013-10-01,All India,2.84090909090909,percent YoY growth,monthly,Index of Industrial Production (1).xlsx,
industry,IIP use-based,Manufacturing,2013-11-01,All India,3.41023069207622,percent YoY growth,monthly,Index of Industrial Production (1).xlsx,
industry,IIP use-based,Manufacturing,2013-12-01,All India,2.75735294117647,percent YoY growth,monthly,Index of Industrial Production (1).xlsx,
industry,IIP use-based,Manufacturing,2014-01-01,All India,4.62107208872458,percent YoY growth,monthly,Index of Industrial Production (1).xlsx,
industry,IIP use-based,Manufacturing,2014-02-01,All India,4.62873674059788,percent YoY growth,monthly,Index of Industrial Production (1).xlsx,
industry,IIP use-based,Manufacturing,2014-03-01,All India,2.3972602739726,percent YoY growth,monthly,Index of Industrial Production (1).xlsx,
industry,IIP use-based,Manufacturing,2014-04-01,All India,2.87907869481766,percent YoY growth,monthly,Index of Industrial Production (1).xlsx,
industry,IIP use-based,Manufacturing,2014-05-01,All India,4.56663560111837,percent YoY growth,monthly,Index of Industrial Production (1).xlsx,
industry,IIP use-based,Manufacturing,2014-06-01,All India,7.35009671179883,percent YoY growth,monthly,Index of Industrial Production (1).xlsx,
industry,IIP use-based,Manufacturing,2014-07-01,All India,4.93023255813953,percent YoY growth,monthly,Index of Industrial Production (1).xlsx,
industry,IIP use-based,Manufacturing,2014-08-01,All India,2.23255813953489,percent YoY growth,monthly,Index of Industrial Production (1).xlsx,
industry,IIP use-based,Manufacturing,2014-09-01,All India,4.7926267281106,percent YoY growth,monthly,Index of Industrial Production (1).xlsx,
industry,IIP use-based,Manufacturing,2014-10-01,All India,-1.84162062615101,percent YoY growth,monthly,Index of Industrial Production (1).xlsx,
industry,IIP use-based,Manufacturing,2014-11-01,All India,7.85645004849661,percent YoY growth,monthly,Index of Industrial Production (1).xlsx,
industry,IIP use-based,Manufacturing,2014-12-01,All India,4.91949910554562,percent YoY growth,monthly,Index of Industrial Production (1).xlsx,
industry,IIP use-based,Manufacturing,2015-01-01,All India,1.9434628975265,percent YoY growth,monthly,Index of Industrial Production (1).xlsx,
industry,IIP use-based,Manufacturing,2015-02-01,All India,3.1336405529954,percent YoY growth,monthly,Index of Industrial Production (1).xlsx,
industry,IIP use-based,Manufacturing,2015-03-01,All India,2.75919732441473,percent YoY growth,monthly,Index of Industrial Production (1).xlsx,
industry,IIP use-based,Manufacturing,2015-04-01,All India,1.39925373134328,percent YoY growth,monthly,Index of Industrial Production (1).xlsx,
industry,IIP use-based,Manufacturing,2015-05-01,All India,1.24777183600712,percent YoY growth,monthly,Index of Industrial Production (1).xlsx,
industry,IIP use-based,Manufacturing,2015-06-01,All India,1.53153153153153,percent YoY growth,monthly,Index of Industrial Production (1).xlsx,
industry,IIP use-based,Manufacturing,2015-07-01,All India,0.531914893617029,percent YoY growth,monthly,Index of Industrial Production (1).xlsx,
industry,IIP use-based,Manufacturing,2015-08-01,All India,3.18471337579618,percent YoY growth,monthly,Index of Industrial Production (1).xlsx,
industry,IIP use-based,Manufacturing,2015-09-01,All India,0.615655233069484,percent YoY growth,monthly,Index of Industrial Production (1).xlsx,
industry,IIP use-based,Manufacturing,2015-10-01,All India,8.53658536585367,percent YoY growth,monthly,Index of Industrial Production (1).xlsx,
industry,IIP use-based,Manufacturing,2015-11-01,All India,0.0,percent YoY growth,monthly,Index of Industrial Production (1).xlsx,
industry,IIP use-based,Manufacturing,2015-12-01,All India,2.89855072463769,percent YoY growth,monthly,Index of Industrial Production (1).xlsx,
industry,IIP use-based,Manufacturing,2016-01-01,All India,4.07279029462737,percent YoY growth,monthly,Index of Industrial Production (1).xlsx,
industry,IIP use-based,Manufacturing,2016-02-01,All India,6.25558534405719,percent YoY growth,monthly,Index of Industrial Production (1).xlsx,
industry,IIP use-based,Manufacturing,2016-03-01,All India,4.55655004068348,percent YoY growth,monthly,Index of Industrial Production (1).xlsx,
industry,IIP use-based,Manufacturing,2016-04-01,All India,4.87580496780129,percent YoY growth,monthly,Index of Industrial Production (1).xlsx,
industry,IIP use-based,Manufacturing,2016-05-01,All India,7.74647887323945,percent YoY growth,monthly,Index of Industrial Production (1).xlsx,
industry,IIP use-based,Manufacturing,2016-06-01,All India,7.45341614906832,percent YoY growth,monthly,Index of Industrial Production (1).xlsx,
industry,IIP use-based,Manufacturing,2016-07-01,All India,5.29100529100529,percent YoY growth,monthly,Index of Industrial Production (1).xlsx,
industry,IIP use-based,Manufacturing,2016-08-01,All India,5.46737213403879,percent YoY growth,monthly,Index of Industrial Production (1).xlsx,
industry,IIP use-based,Manufacturing,2016-09-01,All India,5.76923076923076,percent YoY growth,monthly,Index of Industrial Production (1).xlsx,
industry,IIP use-based,Manufacturing,2016-10-01,All India,4.84010371650821,percent YoY growth,monthly,Index of Industrial Production (1).xlsx,
industry,IIP use-based,Manufacturing,2016-11-01,All India,4.04676258992806,percent YoY growth,monthly,Index of Industrial Production (1).xlsx,
industry,IIP use-based,Manufacturing,2016-12-01,All India,0.579950289975147,percent YoY growth,monthly,Index of Industrial Production (1).xlsx,
industry,IIP use-based,Manufacturing,2017-01-01,All India,2.49791840133222,percent YoY growth,monthly,Index of Industrial Production (1).xlsx,
industry,IIP use-based,Manufacturing,2017-02-01,All India,0.67283431455004,percent YoY growth,monthly,Index of Industrial Production (1).xlsx,
industry,IIP use-based,Manufacturing,2017-03-01,All India,3.26848249027236,percent YoY growth,monthly,Index of Industrial Production (1).xlsx,
industry,IIP use-based,Manufacturing,2017-04-01,All India,2.89473684210526,percent YoY growth,monthly,Index of Industrial Production (1).xlsx,
industry,IIP use-based,Manufacturing,2017-05-01,All India,2.61437908496731,percent YoY growth,monthly,Index of Industrial Production (1).xlsx,
industry,IIP use-based,Manufacturing,2017-06-01,All India,-0.66061106523534,percent YoY growth,monthly,Index of Industrial Production (1).xlsx,
industry,IIP use-based,Manufacturing,2017-07-01,All India,-0.0837520938023522,percent YoY growth,monthly,Index of Industrial Production (1).xlsx,
industry,IIP use-based,Manufacturing,2017-08-01,All India,3.76254180602007,percent YoY growth,monthly,Index of Industrial Production (1).xlsx,
industry,IIP use-based,Manufacturing,2017-09-01,All India,3.80165289256198,percent YoY growth,monthly,Index of Industrial Production (1).xlsx,
industry,IIP use-based,Manufacturing,2017-10-01,All India,1.97856553998352,percent YoY growth,monthly,Index of Industrial Production (1).xlsx,
industry,IIP use-based,Manufacturing,2017-11-01,All India,10.371650821089,percent YoY growth,monthly,Index of Industrial Production (1).xlsx,
industry,IIP use-based,Manufacturing,2017-12-01,All India,8.73146622734761,percent YoY growth,monthly,Index of Industrial Production (1).xlsx,
industry,IIP use-based,Manufacturing,2018-01-01,All India,8.69212022745737,percent YoY growth,monthly,Index of Industrial Production (1).xlsx,
industry,IIP use-based,Manufacturing,2018-02-01,All India,8.35421888053466,percent YoY growth,monthly,Index of Industrial Production (1).xlsx,
industry,IIP use-based,Manufacturing,2018-03-01,All India,5.65184626978146,percent YoY growth,monthly,Index of Industrial Production (1).xlsx,
industry,IIP use-based,Manufacturing,2018-04-01,All India,4.94458653026428,percent YoY growth,monthly,Index of Industrial Production (1).xlsx,
industry,IIP use-based,Manufacturing,2018-05-01,All India,3.5828025477707,percent YoY growth,monthly,Index of Industrial Production (1).xlsx,
industry,IIP use-based,Manufacturing,2018-06-01,All India,6.89941812136326,percent YoY growth,monthly,Index of Industrial Production (1).xlsx,
industry,IIP use-based,Manufacturing,2018-07-01,All India,6.95725062866722,percent YoY growth,monthly,Index of Industrial Production (1).xlsx,
industry,IIP use-based,Manufacturing,2018-08-01,All India,5.23771152296535,percent YoY growth,monthly,Index of Industrial Production (1).xlsx,
industry,IIP use-based,Manufacturing,2018-09-01,All India,4.77707006369427,percent YoY growth,monthly,Index of Industrial Production (1).xlsx,
industry,IIP use-based,Manufacturing,2018-10-01,All India,8.24575586095392,percent YoY growth,monthly,Index of Industrial Production (1).xlsx,
industry,IIP use-based,Manufacturing,2018-11-01,All India,-0.704776820673458,percent YoY growth,monthly,Index of Industrial Production (1).xlsx,
industry,IIP use-based,Manufacturing,2018-12-01,All India,2.87878787878789,percent YoY growth,monthly,Index of Industrial Production (1).xlsx,
industry,IIP use-based,Manufacturing,2019-01-01,All India,1.27055306427503,percent YoY growth,monthly,Index of Industrial Production (1).xlsx,
industry,IIP use-based,Manufacturing,2019-02-01,All India,-0.308404009252103,percent YoY growth,monthly,Index of Industrial Production (1).xlsx,
industry,IIP use-based,Manufacturing,2019-03-01,All India,3.13837375178317,percent YoY growth,monthly,Index of Industrial Production (1).xlsx,
industry,IIP use-based,Manufacturing,2019-04-01,All India,2.51827782290821,percent YoY growth,monthly,Index of Industrial Production (1).xlsx,
industry,IIP use-based,Manufacturing,2019-05-01,All India,4.38124519600309,percent YoY growth,monthly,Index of Industrial Production (1).xlsx,
industry,IIP use-based,Manufacturing,2019-06-01,All India,0.311041990668745,percent YoY growth,monthly,Index of Industrial Production (1).xlsx,
industry,IIP use-based,Manufacturing,2019-07-01,All India,4.78056426332288,percent YoY growth,monthly,Index of Industrial Production (1).xlsx,
industry,IIP use-based,Manufacturing,2019-08-01,All India,-1.68453292496171,percent YoY growth,monthly,Index of Industrial Production (1).xlsx,
industry,IIP use-based,Manufacturing,2019-09-01,All India,-4.25531914893617,percent YoY growth,monthly,Index of Industrial Production (1).xlsx,
industry,IIP use-based,Manufacturing,2019-10-01,All India,-5.67587752053772,percent YoY growth,monthly,Index of Industrial Production (1).xlsx,
industry,IIP use-based,Manufacturing,2019-11-01,All India,2.99684542586751,percent YoY growth,monthly,Index of Industrial Production (1).xlsx,
industry,IIP use-based,Manufacturing,2019-12-01,All India,-0.294550810014732,percent YoY growth,monthly,Index of Industrial Production (1).xlsx,
industry,IIP use-based,Manufacturing,2020-01-01,All India,1.77121771217713,percent YoY growth,monthly,Index of Industrial Production (1).xlsx,
industry,IIP use-based,Manufacturing,2020-02-01,All India,3.78963650425366,percent YoY growth,monthly,Index of Industrial Production (1).xlsx,
industry,IIP use-based,Manufacturing,2020-03-01,All India,-22.8215767634855,percent YoY growth,monthly,Index of Industrial Production (1).xlsx,
industry,IIP use-based,Manufacturing,2020-04-01,All India,-66.6402535657686,percent YoY growth,monthly,Index of Industrial Production (1).xlsx,
industry,IIP use-based,Manufacturing,2020-05-01,All India,-37.8497790868925,percent YoY growth,monthly,Index of Industrial Production (1).xlsx,
industry,IIP use-based,Manufacturing,2020-06-01,All India,-16.9767441860465,percent YoY growth,monthly,Index of Industrial Production (1).xlsx,
industry,IIP use-based,Manufacturing,2020-07-01,All India,-11.3687359760658,percent YoY growth,monthly,Index of Industrial Production (1).xlsx,
industry,IIP use-based,Manufacturing,2020-08-01,All India,-7.55451713395639,percent YoY growth,monthly,Index of Industrial Production (1).xlsx,
industry,IIP use-based,Manufacturing,2020-09-01,All India,0.396825396825397,percent YoY growth,monthly,Index of Industrial Production (1).xlsx,
industry,IIP use-based,Manufacturing,2020-10-01,All India,4.51306413301663,percent YoY growth,monthly,Index of Industrial Production (1).xlsx,
industry,IIP use-based,Manufacturing,2020-11-01,All India,-1.60796324655436,percent YoY growth,monthly,Index of Industrial Production (1).xlsx,
industry,IIP use-based,Manufacturing,2020-12-01,All India,2.65878877400295,percent YoY growth,monthly,Index of Industrial Production (1).xlsx,
industry,IIP use-based,Manufacturing,2021-01-01,All India,-0.942712110224809,percent YoY growth,monthly,Index of Industrial Production (1).xlsx,
industry,IIP use-based,Manufacturing,2021-02-01,All India,-3.3532041728763,percent YoY growth,monthly,Index of Industrial Production (1).xlsx,
industry,IIP use-based,Manufacturing,2021-03-01,All India,28.405017921147,percent YoY growth,monthly,Index of Industrial Production (1).xlsx,
industry,IIP use-based,Manufacturing,2021-05-01,All India,32.1090047393365,percent YoY growth,monthly,Index of Industrial Production (1).xlsx,
industry,IIP use-based,Manufacturing,2021-06-01,All India,13.1652661064426,percent YoY growth,monthly,Index of Industrial Production (1).xlsx,
industry,IIP use-based,Manufacturing,2021-07-01,All India,10.5485232067511,percent YoY growth,monthly,Index of Industrial Production (1).xlsx,
industry,IIP use-based,Manufacturing,2021-08-01,All India,11.1204717775906,percent YoY growth,monthly,Index of Industrial Production (1).xlsx,
industry,IIP use-based,Manufacturing,2021-09-01,All India,4.26877470355732,percent YoY growth,monthly,Index of Industrial Production (1).xlsx,
industry,IIP use-based,Manufacturing,2021-10-01,All India,3.33333333333334,percent YoY growth,monthly,Index of Industrial Production (1).xlsx,
industry,IIP use-based,Manufacturing,2021-11-01,All India,0.311284046692611,percent YoY growth,monthly,Index of Industrial Production (1).xlsx,
industry,IIP use-based,Manufacturing,2021-12-01,All India,0.575539568345332,percent YoY growth,monthly,Index of Industrial Production (1).xlsx,
industry,IIP use-based,Manufacturing,2022-01-01,All India,1.90336749633967,percent YoY growth,monthly,Index of Industrial Production (1).xlsx,
industry,IIP use-based,Manufacturing,2022-02-01,All India,0.154202004626073,percent YoY growth,monthly,Index of Industrial Production (1).xlsx,
industry,IIP use-based,Manufacturing,2022-03-01,All India,1.39567341242149,percent YoY growth,monthly,Index of Industrial Production (1).xlsx,
industry,IIP use-based,Manufacturing,2022-04-01,All India,5.61797752808989,percent YoY growth,monthly,Index of Industrial Production (1).xlsx,
industry,IIP use-based,Manufacturing,2022-05-01,All India,20.7174887892377,percent YoY growth,monthly,Index of Industrial Production (1).xlsx,
industry,IIP use-based,Manufacturing,2022-06-01,All India,12.8712871287129,percent YoY growth,monthly,Index of Industrial Production (1).xlsx,
industry,IIP use-based,Manufacturing,2022-07-01,All India,3.05343511450382,percent YoY growth,monthly,Index of Industrial Production (1).xlsx,
industry,IIP use-based,Manufacturing,2022-08-01,All India,-0.454890068233506,percent YoY growth,monthly,Index of Industrial Production (1).xlsx,
industry,IIP use-based,Manufacturing,2022-09-01,All India,2.04700530705079,percent YoY growth,monthly,Index of Industrial Production (1).xlsx,
industry,IIP use-based,Manufacturing,2022-10-01,All India,-5.79178885630499,percent YoY growth,monthly,Index of Industrial Production (1).xlsx,
industry,IIP use-based,Manufacturing,2022-11-01,All India,6.67183863460046,percent YoY growth,monthly,Index of Industrial Production (1).xlsx,
industry,IIP use-based,Manufacturing,2022-12-01,All India,3.64806866952789,percent YoY growth,monthly,Index of Industrial Production (1).xlsx,
industry,IIP use-based,Manufacturing,2023-01-01,All India,4.52586206896553,percent YoY growth,monthly,Index of Industrial Production (1).xlsx,
industry,IIP use-based,Manufacturing,2023-02-01,All India,5.92763664357197,percent YoY growth,monthly,Index of Industrial Production (1).xlsx,
industry,IIP use-based,Manufacturing,2023-03-01,All India,1.51410874053681,percent YoY growth,monthly,Index of Industrial Production (1).xlsx,
industry,IIP use-based,Manufacturing,2023-04-01,All India,5.4711246200608,percent YoY growth,monthly,Index of Industrial Production (1).xlsx,
industry,IIP use-based,Manufacturing,2023-05-01,All India,6.31500742942051,percent YoY growth,monthly,Index of Industrial Production (1).xlsx,
industry,IIP use-based,Manufacturing,2023-06-01,All India,3.50877192982455,percent YoY growth,monthly,Index of Industrial Production (1).xlsx,
industry,IIP use-based,Manufacturing,2023-07-01,All India,5.25925925925926,percent YoY growth,monthly,Index of Industrial Production (1).xlsx,
industry,IIP use-based,Manufacturing,2023-08-01,All India,9.97715156130997,percent YoY growth,monthly,Index of Industrial Production (1).xlsx,
industry,IIP use-based,Manufacturing,2023-09-01,All India,5.12630014858842,percent YoY growth,monthly,Index of Industrial Production (1).xlsx,
industry,IIP use-based,Manufacturing,2023-10-01,All India,10.5836575875486,percent YoY growth,monthly,Index of Industrial Production (1).xlsx,
industry,IIP use-based,Manufacturing,2023-11-01,All India,1.30909090909092,percent YoY growth,monthly,Index of Industrial Production (1).xlsx,
industry,IIP use-based,Manufacturing,2023-12-01,All India,4.62387853692201,percent YoY growth,monthly,Index of Industrial Production (1).xlsx,
industry,IIP use-based,Manufacturing,2024-01-01,All India,3.64261168384881,percent YoY growth,monthly,Index of Industrial Production (1).xlsx,
industry,IIP use-based,Manufacturing,2024-02-01,All India,4.94186046511629,percent YoY growth,monthly,Index of Industrial Production (1).xlsx,
industry,IIP use-based,Manufacturing,2024-03-01,All India,5.89830508474576,percent YoY growth,monthly,Index of Industrial Production (1).xlsx,
industry,IIP use-based,Manufacturing,2024-04-01,All India,4.178674351585,percent YoY growth,monthly,Index of Industrial Production (1).xlsx,
industry,IIP use-based,Manufacturing,2024-05-01,All India,5.10132774283719,percent YoY growth,monthly,Index of Industrial Production (1).xlsx,
industry,IIP use-based,Manufacturing,2024-06-01,All India,3.53107344632768,percent YoY growth,monthly,Index of Industrial Production (1).xlsx,
industry,IIP use-based,Manufacturing,2024-07-01,All India,4.7149894440535,percent YoY growth,monthly,Index of Industrial Production (1).xlsx,
industry,IIP use-based,Manufacturing,2024-08-01,All India,1.17728531855955,percent YoY growth,monthly,Index of Industrial Production (1).xlsx,
industry,IIP use-based,Manufacturing,2024-09-01,All India,4.02826855123674,percent YoY growth,monthly,Index of Industrial Production (1).xlsx,
industry,IIP use-based,Manufacturing,2024-10-01,All India,4.43349753694582,percent YoY growth,monthly,Index of Industrial Production (1).xlsx,
industry,IIP use-based,Manufacturing,2024-11-01,All India,5.52763819095477,percent YoY growth,monthly,Index of Industrial Production (1).xlsx,
industry,IIP use-based,Manufacturing,2024-12-01,All India,3.69393139841688,percent YoY growth,monthly,Index of Industrial Production (1).xlsx,
industry,IIP use-based,Manufacturing,2025-01-01,All India,5.76923076923076,percent YoY growth,monthly,Index of Industrial Production (1).xlsx,
industry,IIP use-based,Manufacturing,2025-02-01,All India,2.77008310249307,percent YoY growth,monthly,Index of Industrial Production (1).xlsx,
industry,IIP use-based,Manufacturing,2025-03-01,All India,3.96927016645328,percent YoY growth,monthly,Index of Industrial Production (1).xlsx,
industry,IIP use-based,Manufacturing,2025-04-01,All India,3.11203319502075,percent YoY growth,monthly,Index of Industrial Production (1).xlsx,
industry,IIP use-based,Manufacturing,2025-05-01,All India,3.19148936170212,percent YoY growth,monthly,Index of Industrial Production (1).xlsx,
industry,IIP use-based,Manufacturing,2025-06-01,All India,3.68349249658936,percent YoY growth,monthly,Index of Industrial Production (1).xlsx,
industry,IIP use-based,Manufacturing,2025-07-01,All India,5.98118279569891,percent YoY growth,monthly,Index of Industrial Production (1).xlsx,
industry,IIP use-based,Manufacturing,2025-08-01,All India,3.76454483230664,percent YoY growth,monthly,Index of Industrial Production (1).xlsx,
industry,IIP use-based,Manufacturing,2025-09-01,All India,5.57065217391306,percent YoY growth,monthly,Index of Industrial Production (1).xlsx,
industry,IIP use-based,Manufacturing,2025-10-01,All India,1.95417789757413,percent YoY growth,monthly,Index of Industrial Production (1).xlsx,
industry,IIP use-based,Manufacturing,2025-11-01,All India,8.50340136054422,percent YoY growth,monthly,Index of Industrial Production (1).xlsx,
industry,IIP use-based,Manufacturing,2025-12-01,All India,8.39694656488551,percent YoY growth,monthly,Index of Industrial Production (1).xlsx,
industry,IIP use-based,Manufacturing,2026-01-01,All India,5.26645768025079,percent YoY growth,monthly,Index of Industrial Production (1).xlsx,
industry,IIP use-based,Manufacturing,2026-02-01,All India,5.86253369272236,percent YoY growth,monthly,Index of Industrial Production (1).xlsx,
industry,IIP use-based,Manufacturing,2026-03-01,All India,4.31034482758621,percent YoY growth,monthly,Index of Industrial Production (1).xlsx,
industry,IIP use-based,Other manufacturing,2013-04-01,All India,16.4976958525346,percent YoY growth,monthly,Index of Industrial Production (1).xlsx,
industry,IIP use-based,Other manufacturing,2013-05-01,All India,-28.755364806867,percent YoY growth,monthly,Index of Industrial Production (1).xlsx,
industry,IIP use-based,Other manufacturing,2013-06-01,All India,-24.4619799139168,percent YoY growth,monthly,Index of Industrial Production (1).xlsx,
industry,IIP use-based,Other manufacturing,2013-07-01,All India,-7.84482758620689,percent YoY growth,monthly,Index of Industrial Production (1).xlsx,
industry,IIP use-based,Other manufacturing,2013-08-01,All India,-13.7076796036334,percent YoY growth,monthly,Index of Industrial Production (1).xlsx,
industry,IIP use-based,Other manufacturing,2013-09-01,All India,8.38323353293412,percent YoY growth,monthly,Index of Industrial Production (1).xlsx,
industry,IIP use-based,Other manufacturing,2013-10-01,All India,-17.9166666666667,percent YoY growth,monthly,Index of Industrial Production (1).xlsx,
industry,IIP use-based,Other manufacturing,2013-11-01,All India,-10.6852497096399,percent YoY growth,monthly,Index of Industrial Production (1).xlsx,
industry,IIP use-based,Other manufacturing,2013-12-01,All India,-8.31024930747923,percent YoY growth,monthly,Index of Industrial Production (1).xlsx,
industry,IIP use-based,Other manufacturing,2014-01-01,All India,8.16876122082585,percent YoY growth,monthly,Index of Industrial Production (1).xlsx,
industry,IIP use-based,Other manufacturing,2014-02-01,All India,9.49612403100775,percent YoY growth,monthly,Index of Industrial Production (1).xlsx,
industry,IIP use-based,Other manufacturing,2014-03-01,All India,-5.98425196850393,percent YoY growth,monthly,Index of Industrial Production (1).xlsx,
industry,IIP use-based,Other manufacturing,2014-04-01,All India,-9.17721518987342,percent YoY growth,monthly,Index of Industrial Production (1).xlsx,
industry,IIP use-based,Other manufacturing,2014-05-01,All India,40.2409638554217,percent YoY growth,monthly,Index of Industrial Production (1).xlsx,
industry,IIP use-based,Other manufacturing,2014-06-01,All India,-4.55840455840456,percent YoY growth,monthly,Index of Industrial Production (1).xlsx,
industry,IIP use-based,Other manufacturing,2014-07-01,All India,6.64172123479887,percent YoY growth,monthly,Index of Industrial Production (1).xlsx,
industry,IIP use-based,Other manufacturing,2014-08-01,All India,-14.4497607655502,percent YoY growth,monthly,Index of Industrial Production (1).xlsx,
industry,IIP use-based,Other manufacturing,2014-09-01,All India,-6.16942909760588,percent YoY growth,monthly,Index of Industrial Production (1).xlsx,
industry,IIP use-based,Other manufacturing,2014-10-01,All India,-23.248730964467,percent YoY growth,monthly,Index of Industrial Production (1).xlsx,
industry,IIP use-based,Other manufacturing,2014-11-01,All India,-3.3810143042913,percent YoY growth,monthly,Index of Industrial Production (1).xlsx,
industry,IIP use-based,Other manufacturing,2014-12-01,All India,22.5579053373615,percent YoY growth,monthly,Index of Industrial Production (1).xlsx,
industry,IIP use-based,Other manufacturing,2015-01-01,All India,-3.3195020746888,percent YoY growth,monthly,Index of Industrial Production (1).xlsx,
industry,IIP use-based,Other manufacturing,2015-02-01,All India,-3.80530973451327,percent YoY growth,monthly,Index of Industrial Production (1).xlsx,
industry,IIP use-based,Other manufacturing,2015-03-01,All India,13.1490787269682,percent YoY growth,monthly,Index of Industrial Production (1).xlsx,
industry,IIP use-based,Other manufacturing,2015-04-01,All India,-13.6759581881533,percent YoY growth,monthly,Index of Industrial Production (1).xlsx,
industry,IIP use-based,Other manufacturing,2015-05-01,All India,-12.0274914089347,percent YoY growth,monthly,Index of Industrial Production (1).xlsx,
industry,IIP use-based,Other manufacturing,2015-06-01,All India,18.7064676616915,percent YoY growth,monthly,Index of Industrial Production (1).xlsx,
industry,IIP use-based,Other manufacturing,2015-07-01,All India,0.0877192982456091,percent YoY growth,monthly,Index of Industrial Production (1).xlsx,
industry,IIP use-based,Other manufacturing,2015-08-01,All India,52.2371364653244,percent YoY growth,monthly,Index of Industrial Production (1).xlsx,
industry,IIP use-based,Other manufacturing,2015-09-01,All India,22.4730127576055,percent YoY growth,monthly,Index of Industrial Production (1).xlsx,
industry,IIP use-based,Other manufacturing,2015-10-01,All India,69.1798941798942,percent YoY growth,monthly,Index of Industrial Production (1).xlsx,
industry,IIP use-based,Other manufacturing,2015-11-01,All India,46.4333781965007,percent YoY growth,monthly,Index of Industrial Production (1).xlsx,
industry,IIP use-based,Other manufacturing,2015-12-01,All India,-5.34100246507806,percent YoY growth,monthly,Index of Industrial Production (1).xlsx,
industry,IIP use-based,Other manufacturing,2016-01-01,All India,10.6437768240343,percent YoY growth,monthly,Index of Industrial Production (1).xlsx,
industry,IIP use-based,Other manufacturing,2016-02-01,All India,16.8353265869365,percent YoY growth,monthly,Index of Industrial Production (1).xlsx,
industry,IIP use-based,Other manufacturing,2016-03-01,All India,-0.370096225018505,percent YoY growth,monthly,Index of Industrial Production (1).xlsx,
industry,IIP use-based,Other manufacturing,2016-04-01,All India,31.6851664984864,percent YoY growth,monthly,Index of Industrial Production (1).xlsx,
industry,IIP use-based,Other manufacturing,2016-05-01,All India,1.7578125,percent YoY growth,monthly,Index of Industrial Production (1).xlsx,
industry,IIP use-based,Other manufacturing,2016-06-01,All India,-4.10729253981558,percent YoY growth,monthly,Index of Industrial Production (1).xlsx,
industry,IIP use-based,Other manufacturing,2016-07-01,All India,-1.66520595968448,percent YoY growth,monthly,Index of Industrial Production (1).xlsx,
industry,IIP use-based,Other manufacturing,2016-08-01,All India,-17.4136664217487,percent YoY growth,monthly,Index of Industrial Production (1).xlsx,
industry,IIP use-based,Other manufacturing,2016-09-01,All India,16.7467948717949,percent YoY growth,monthly,Index of Industrial Production (1).xlsx,
industry,IIP use-based,Other manufacturing,2016-10-01,All India,2.11102423768568,percent YoY growth,monthly,Index of Industrial Production (1).xlsx,
industry,IIP use-based,Other manufacturing,2016-11-01,All India,-5.51470588235294,percent YoY growth,monthly,Index of Industrial Production (1).xlsx,
industry,IIP use-based,Other manufacturing,2016-12-01,All India,5.64236111111111,percent YoY growth,monthly,Index of Industrial Production (1).xlsx,
industry,IIP use-based,Other manufacturing,2017-01-01,All India,9.61986035686579,percent YoY growth,monthly,Index of Industrial Production (1).xlsx,
industry,IIP use-based,Other manufacturing,2017-02-01,All India,1.96850393700787,percent YoY growth,monthly,Index of Industrial Production (1).xlsx,
industry,IIP use-based,Other manufacturing,2017-03-01,All India,19.9851411589896,percent YoY growth,monthly,Index of Industrial Production (1).xlsx,
industry,IIP use-based,Other manufacturing,2017-04-01,All India,6.43678160919541,percent YoY growth,monthly,Index of Industrial Production (1).xlsx,
industry,IIP use-based,Other manufacturing,2017-05-01,All India,26.3915547024952,percent YoY growth,monthly,Index of Industrial Production (1).xlsx,
industry,IIP use-based,Other manufacturing,2017-06-01,All India,27.0979020979021,percent YoY growth,monthly,Index of Industrial Production (1).xlsx,
industry,IIP use-based,Other manufacturing,2017-07-01,All India,-19.8752228163993,percent YoY growth,monthly,Index of Industrial Production (1).xlsx,
industry,IIP use-based,Other manufacturing,2017-08-01,All India,-3.91459074733097,percent YoY growth,monthly,Index of Industrial Production (1).xlsx,
industry,IIP use-based,Other manufacturing,2017-09-01,All India,-25.6005490734386,percent YoY growth,monthly,Index of Industrial Production (1).xlsx,
industry,IIP use-based,Other manufacturing,2017-10-01,All India,-36.3705972434916,percent YoY growth,monthly,Index of Industrial Production (1).xlsx,
industry,IIP use-based,Other manufacturing,2017-11-01,All India,-20.5252918287938,percent YoY growth,monthly,Index of Industrial Production (1).xlsx,
industry,IIP use-based,Other manufacturing,2017-12-01,All India,-20.7066557107642,percent YoY growth,monthly,Index of Industrial Production (1).xlsx,
industry,IIP use-based,Other manufacturing,2018-01-01,All India,-33.6871903750885,percent YoY growth,monthly,Index of Industrial Production (1).xlsx,
industry,IIP use-based,Other manufacturing,2018-02-01,All India,-32.3552123552124,percent YoY growth,monthly,Index of Industrial Production (1).xlsx,
industry,IIP use-based,Other manufacturing,2018-03-01,All India,-32.3839009287926,percent YoY growth,monthly,Index of Industrial Production (1).xlsx,
industry,IIP use-based,Other manufacturing,2018-04-01,All India,-32.829373650108,percent YoY growth,monthly,Index of Industrial Production (1).xlsx,
industry,IIP use-based,Other manufacturing,2018-05-01,All India,-32.0425208807897,percent YoY growth,monthly,Index of Industrial Production (1).xlsx,
industry,IIP use-based,Other manufacturing,2018-06-01,All India,-40.2338376891334,percent YoY growth,monthly,Index of Industrial Production (1).xlsx,
industry,IIP use-based,Other manufacturing,2018-07-01,All India,1.11234705228031,percent YoY growth,monthly,Index of Industrial Production (1).xlsx,
industry,IIP use-based,Other manufacturing,2018-08-01,All India,-2.5,percent YoY growth,monthly,Index of Industrial Production (1).xlsx,
industry,IIP use-based,Other manufacturing,2018-09-01,All India,-10.7011070110701,percent YoY growth,monthly,Index of Industrial Production (1).xlsx,
industry,IIP use-based,Other manufacturing,2018-10-01,All India,22.864019253911,percent YoY growth,monthly,Index of Industrial Production (1).xlsx,
industry,IIP use-based,Other manufacturing,2018-11-01,All India,-7.58873929008568,percent YoY growth,monthly,Index of Industrial Production (1).xlsx,
industry,IIP use-based,Other manufacturing,2018-12-01,All India,-16.9948186528497,percent YoY growth,monthly,Index of Industrial Production (1).xlsx,
industry,IIP use-based,Other manufacturing,2019-01-01,All India,-5.33617929562433,percent YoY growth,monthly,Index of Industrial Production (1).xlsx,
industry,IIP use-based,Other manufacturing,2019-02-01,All India,2.39726027397261,percent YoY growth,monthly,Index of Industrial Production (1).xlsx,
industry,IIP use-based,Other manufacturing,2019-03-01,All India,4.67032967032966,percent YoY growth,monthly,Index of Industrial Production (1).xlsx,
industry,IIP use-based,Other manufacturing,2019-04-01,All India,-1.39335476956055,percent YoY growth,monthly,Index of Industrial Production (1).xlsx,
industry,IIP use-based,Other manufacturing,2019-05-01,All India,-3.46368715083798,percent YoY growth,monthly,Index of Industrial Production (1).xlsx,
industry,IIP use-based,Other manufacturing,2019-06-01,All India,-6.09896432681244,percent YoY growth,monthly,Index of Industrial Production (1).xlsx,
industry,IIP use-based,Other manufacturing,2019-07-01,All India,-1.43014301430144,percent YoY growth,monthly,Index of Industrial Production (1).xlsx,
industry,IIP use-based,Other manufacturing,2019-08-01,All India,-21.0826210826211,percent YoY growth,monthly,Index of Industrial Production (1).xlsx,
industry,IIP use-based,Other manufacturing,2019-09-01,All India,-7.64462809917355,percent YoY growth,monthly,Index of Industrial Production (1).xlsx,
industry,IIP use-based,Other manufacturing,2019-10-01,All India,-26.2487757100881,percent YoY growth,monthly,Index of Industrial Production (1).xlsx,
industry,IIP use-based,Other manufacturing,2019-11-01,All India,-13.3774834437086,percent YoY growth,monthly,Index of Industrial Production (1).xlsx,
industry,IIP use-based,Other manufacturing,2019-12-01,All India,-1.12359550561797,percent YoY growth,monthly,Index of Industrial Production (1).xlsx,
industry,IIP use-based,Other manufacturing,2020-01-01,All India,-0.901916572717021,percent YoY growth,monthly,Index of Industrial Production (1).xlsx,
industry,IIP use-based,Other manufacturing,2020-02-01,All India,-7.6923076923077,percent YoY growth,monthly,Index of Industrial Production (1).xlsx,
industry,IIP use-based,Other manufacturing,2020-03-01,All India,-45.7567804024497,percent YoY growth,monthly,Index of Industrial Production (1).xlsx,
industry,IIP use-based,Other manufacturing,2020-04-01,All India,-88.3695652173913,percent YoY growth,monthly,Index of Industrial Production (1).xlsx,
industry,IIP use-based,Other manufacturing,2020-05-01,All India,-66.8981481481482,percent YoY growth,monthly,Index of Industrial Production (1).xlsx,
industry,IIP use-based,Other manufacturing,2020-06-01,All India,-36.6421568627451,percent YoY growth,monthly,Index of Industrial Production (1).xlsx,
industry,IIP use-based,Other manufacturing,2020-07-01,All India,-44.1964285714286,percent YoY growth,monthly,Index of Industrial Production (1).xlsx,
industry,IIP use-based,Other manufacturing,2020-08-01,All India,-32.3706377858002,percent YoY growth,monthly,Index of Industrial Production (1).xlsx,
industry,IIP use-based,Other manufacturing,2020-09-01,All India,-24.6085011185682,percent YoY growth,monthly,Index of Industrial Production (1).xlsx,
industry,IIP use-based,Other manufacturing,2020-10-01,All India,10.7569721115538,percent YoY growth,monthly,Index of Industrial Production (1).xlsx,
industry,IIP use-based,Other manufacturing,2020-11-01,All India,0.15290519877675,percent YoY growth,monthly,Index of Industrial Production (1).xlsx,
industry,IIP use-based,Other manufacturing,2020-12-01,All India,-3.15656565656566,percent YoY growth,monthly,Index of Industrial Production (1).xlsx,
industry,IIP use-based,Other manufacturing,2021-01-01,All India,-3.29920364050058,percent YoY growth,monthly,Index of Industrial Production (1).xlsx,
industry,IIP use-based,Other manufacturing,2021-02-01,All India,4.10628019323672,percent YoY growth,monthly,Index of Industrial Production (1).xlsx,
industry,IIP use-based,Other manufacturing,2021-03-01,All India,50.8064516129032,percent YoY growth,monthly,Index of Industrial Production (1).xlsx,
industry,IIP use-based,Other manufacturing,2021-05-01,All India,134.965034965035,percent YoY growth,monthly,Index of Industrial Production (1).xlsx,
industry,IIP use-based,Other manufacturing,2021-06-01,All India,46.42166344294,percent YoY growth,monthly,Index of Industrial Production (1).xlsx,
industry,IIP use-based,Other manufacturing,2021-07-01,All India,69.4,percent YoY growth,monthly,Index of Industrial Production (1).xlsx,
industry,IIP use-based,Other manufacturing,2021-08-01,All India,69.5729537366548,percent YoY growth,monthly,Index of Industrial Production (1).xlsx,
industry,IIP use-based,Other manufacturing,2021-09-01,All India,57.4183976261127,percent YoY growth,monthly,Index of Industrial Production (1).xlsx,
industry,IIP use-based,Other manufacturing,2021-10-01,All India,38.1294964028777,percent YoY growth,monthly,Index of Industrial Production (1).xlsx,
industry,IIP use-based,Other manufacturing,2021-11-01,All India,2.90076335877863,percent YoY growth,monthly,Index of Industrial Production (1).xlsx,
industry,IIP use-based,Other manufacturing,2021-12-01,All India,34.9413298565841,percent YoY growth,monthly,Index of Industrial Production (1).xlsx,
industry,IIP use-based,Other manufacturing,2022-01-01,All India,8.58823529411764,percent YoY growth,monthly,Index of Industrial Production (1).xlsx,
industry,IIP use-based,Other manufacturing,2022-02-01,All India,10.6728538283063,percent YoY growth,monthly,Index of Industrial Production (1).xlsx,
industry,IIP use-based,Other manufacturing,2022-03-01,All India,34.8663101604278,percent YoY growth,monthly,Index of Industrial Production (1).xlsx,
industry,IIP use-based,Other manufacturing,2022-04-01,All India,-3.16122233930453,percent YoY growth,monthly,Index of Industrial Production (1).xlsx,
industry,IIP use-based,Other manufacturing,2022-05-01,All India,18.4523809523809,percent YoY growth,monthly,Index of Industrial Production (1).xlsx,
industry,IIP use-based,Other manufacturing,2022-06-01,All India,26.4200792602378,percent YoY growth,monthly,Index of Industrial Production (1).xlsx,
industry,IIP use-based,Other manufacturing,2022-07-01,All India,6.84769775678866,percent YoY growth,monthly,Index of Industrial Production (1).xlsx,
industry,IIP use-based,Other manufacturing,2022-08-01,All India,4.19727177334732,percent YoY growth,monthly,Index of Industrial Production (1).xlsx,
industry,IIP use-based,Other manufacturing,2022-09-01,All India,4.80678605089539,percent YoY growth,monthly,Index of Industrial Production (1).xlsx,
industry,IIP use-based,Other manufacturing,2022-10-01,All India,-31.0763888888889,percent YoY growth,monthly,Index of Industrial Production (1).xlsx,
industry,IIP use-based,Other manufacturing,2022-11-01,All India,14.9851632047478,percent YoY growth,monthly,Index of Industrial Production (1).xlsx,
industry,IIP use-based,Other manufacturing,2022-12-01,All India,-9.66183574879227,percent YoY growth,monthly,Index of Industrial Production (1).xlsx,
industry,IIP use-based,Other manufacturing,2023-01-01,All India,-11.0509209100758,percent YoY growth,monthly,Index of Industrial Production (1).xlsx,
industry,IIP use-based,Other manufacturing,2023-02-01,All India,-14.4654088050315,percent YoY growth,monthly,Index of Industrial Production (1).xlsx,
industry,IIP use-based,Other manufacturing,2023-03-01,All India,-13.9571768437748,percent YoY growth,monthly,Index of Industrial Production (1).xlsx,
industry,IIP use-based,Other manufacturing,2023-04-01,All India,-4.46137105549511,percent YoY growth,monthly,Index of Industrial Production (1).xlsx,
industry,IIP use-based,Other manufacturing,2023-05-01,All India,-0.50251256281406,percent YoY growth,monthly,Index of Industrial Production (1).xlsx,
industry,IIP use-based,Other manufacturing,2023-06-01,All India,-10.5538140020899,percent YoY growth,monthly,Index of Industrial Production (1).xlsx,
industry,IIP use-based,Other manufacturing,2023-07-01,All India,7.292817679558,percent YoY growth,monthly,Index of Industrial Production (1).xlsx,
industry,IIP use-based,Other manufacturing,2023-08-01,All India,-4.73313192346425,percent YoY growth,monthly,Index of Industrial Production (1).xlsx,
industry,IIP use-based,Other manufacturing,2023-09-01,All India,-13.0395683453237,percent YoY growth,monthly,Index of Industrial Production (1).xlsx,
industry,IIP use-based,Other manufacturing,2023-10-01,All India,30.6045340050378,percent YoY growth,monthly,Index of Industrial Production (1).xlsx,
industry,IIP use-based,Other manufacturing,2023-11-01,All India,-15.0967741935484,percent YoY growth,monthly,Index of Industrial Production (1).xlsx,
industry,IIP use-based,Other manufacturing,2023-12-01,All India,-24.5989304812834,percent YoY growth,monthly,Index of Industrial Production (1).xlsx,
industry,IIP use-based,Other manufacturing,2024-01-01,All India,-6.69914738124239,percent YoY growth,monthly,Index of Industrial Production (1).xlsx,
industry,IIP use-based,Other manufacturing,2024-02-01,All India,-6.37254901960783,percent YoY growth,monthly,Index of Industrial Production (1).xlsx,
industry,IIP use-based,Other manufacturing,2024-03-01,All India,-17.0506912442396,percent YoY growth,monthly,Index of Industrial Production (1).xlsx,
industry,IIP use-based,Other manufacturing,2024-04-01,All India,9.90888382687928,percent YoY growth,monthly,Index of Industrial Production (1).xlsx,
industry,IIP use-based,Other manufacturing,2024-05-01,All India,-8.45959595959596,percent YoY growth,monthly,Index of Industrial Production (1).xlsx,
industry,IIP use-based,Other manufacturing,2024-06-01,All India,-12.8504672897196,percent YoY growth,monthly,Index of Industrial Production (1).xlsx,
industry,IIP use-based,Other manufacturing,2024-07-01,All India,-14.2121524201854,percent YoY growth,monthly,Index of Industrial Production (1).xlsx,
industry,IIP use-based,Other manufacturing,2024-08-01,All India,-8.13953488372092,percent YoY growth,monthly,Index of Industrial Production (1).xlsx,
industry,IIP use-based,Other manufacturing,2024-09-01,All India,2.89555325749741,percent YoY growth,monthly,Index of Industrial Production (1).xlsx,
industry,IIP use-based,Other manufacturing,2024-10-01,All India,-11.4754098360656,percent YoY growth,monthly,Index of Industrial Production (1).xlsx,
industry,IIP use-based,Other manufacturing,2024-11-01,All India,-13.3738601823708,percent YoY growth,monthly,Index of Industrial Production (1).xlsx,
industry,IIP use-based,Other manufacturing,2024-12-01,All India,10.4964539007092,percent YoY growth,monthly,Index of Industrial Production (1).xlsx,
industry,IIP use-based,Other manufacturing,2025-01-01,All India,0.0,percent YoY growth,monthly,Index of Industrial Production (1).xlsx,
industry,IIP use-based,Other manufacturing,2025-02-01,All India,-6.41361256544503,percent YoY growth,monthly,Index of Industrial Production (1).xlsx,
industry,IIP use-based,Other manufacturing,2025-03-01,All India,-2.0,percent YoY growth,monthly,Index of Industrial Production (1).xlsx,
industry,IIP use-based,Other manufacturing,2025-04-01,All India,-20.0,percent YoY growth,monthly,Index of Industrial Production (1).xlsx,
industry,IIP use-based,Other manufacturing,2025-05-01,All India,-15.3103448275862,percent YoY growth,monthly,Index of Industrial Production (1).xlsx,
industry,IIP use-based,Other manufacturing,2025-06-01,All India,-17.2922252010724,percent YoY growth,monthly,Index of Industrial Production (1).xlsx,
industry,IIP use-based,Other manufacturing,2025-07-01,All India,-14.5258103241296,percent YoY growth,monthly,Index of Industrial Production (1).xlsx,
industry,IIP use-based,Other manufacturing,2025-08-01,All India,-11.6225546605294,percent YoY growth,monthly,Index of Industrial Production (1).xlsx,
industry,IIP use-based,Other manufacturing,2025-09-01,All India,-7.23618090452262,percent YoY growth,monthly,Index of Industrial Production (1).xlsx,
industry,IIP use-based,Other manufacturing,2025-10-01,All India,-23.6383442265795,percent YoY growth,monthly,Index of Industrial Production (1).xlsx,
industry,IIP use-based,Other manufacturing,2025-11-01,All India,25.4385964912281,percent YoY growth,monthly,Index of Industrial Production (1).xlsx,
industry,IIP use-based,Other manufacturing,2025-12-01,All India,-14.8908857509628,percent YoY growth,monthly,Index of Industrial Production (1).xlsx,
industry,IIP use-based,Other manufacturing,2026-01-01,All India,-22.976501305483,percent YoY growth,monthly,Index of Industrial Production (1).xlsx,
industry,IIP use-based,Other manufacturing,2026-02-01,All India,-13.8461538461538,percent YoY growth,monthly,Index of Industrial Production (1).xlsx,
industry,IIP use-based,Other manufacturing,2026-03-01,All India,-29.8185941043084,percent YoY growth,monthly,Index of Industrial Production (1).xlsx,
industry,IIP use-based,Primary Goods,2013-04-01,All India,-0.203665987780044,percent YoY growth,monthly,Index of Industrial Production (1).xlsx,
industry,IIP use-based,Primary Goods,2013-05-01,All India,-0.288461538461536,percent YoY growth,monthly,Index of Industrial Production (1).xlsx,
industry,IIP use-based,Primary Goods,2013-06-01,All India,-2.50752256770311,percent YoY growth,monthly,Index of Industrial Production (1).xlsx,
industry,IIP use-based,Primary Goods,2013-07-01,All India,1.41557128412537,percent YoY growth,monthly,Index of Industrial Production (1).xlsx,
industry,IIP use-based,Primary Goods,2013-08-01,All India,3.83419689119171,percent YoY growth,monthly,Index of Industrial Production (1).xlsx,
industry,IIP use-based,Primary Goods,2013-09-01,All India,8.22510822510822,percent YoY growth,monthly,Index of Industrial Production (1).xlsx,
industry,IIP use-based,Primary Goods,2013-10-01,All India,-2.34146341463415,percent YoY growth,monthly,Index of Industrial Production (1).xlsx,
industry,IIP use-based,Primary Goods,2013-11-01,All India,1.52594099694812,percent YoY growth,monthly,Index of Industrial Production (1).xlsx,
industry,IIP use-based,Primary Goods,2013-12-01,All India,4.49330783938815,percent YoY growth,monthly,Index of Industrial Production (1).xlsx,
industry,IIP use-based,Primary Goods,2014-01-01,All India,3.58829084041548,percent YoY growth,monthly,Index of Industrial Production (1).xlsx,
industry,IIP use-based,Primary Goods,2014-02-01,All India,6.18448637316561,percent YoY growth,monthly,Index of Industrial Production (1).xlsx,
industry,IIP use-based,Primary Goods,2014-03-01,All India,4.28441203281678,percent YoY growth,monthly,Index of Industrial Production (1).xlsx,
industry,IIP use-based,Primary Goods,2014-04-01,All India,5.61224489795918,percent YoY growth,monthly,Index of Industrial Production (1).xlsx,
industry,IIP use-based,Primary Goods,2014-05-01,All India,3.4715525554484,percent YoY growth,monthly,Index of Industrial Production (1).xlsx,
industry,IIP use-based,Primary Goods,2014-06-01,All India,8.64197530864197,percent YoY growth,monthly,Index of Industrial Production (1).xlsx,
industry,IIP use-based,Primary Goods,2014-07-01,All India,2.79162512462612,percent YoY growth,monthly,Index of Industrial Production (1).xlsx,
industry,IIP use-based,Primary Goods,2014-08-01,All India,3.29341317365269,percent YoY growth,monthly,Index of Industrial Production (1).xlsx,
industry,IIP use-based,Primary Goods,2014-09-01,All India,1.7,percent YoY growth,monthly,Index of Industrial Production (1).xlsx,
industry,IIP use-based,Primary Goods,2014-10-01,All India,6.8931068931069,percent YoY growth,monthly,Index of Industrial Production (1).xlsx,
industry,IIP use-based,Primary Goods,2014-11-01,All India,7.01402805611223,percent YoY growth,monthly,Index of Industrial Production (1).xlsx,
industry,IIP use-based,Primary Goods,2014-12-01,All India,2.28728270814273,percent YoY growth,monthly,Index of Industrial Production (1).xlsx,
industry,IIP use-based,Primary Goods,2015-01-01,All India,2.461257976299,percent YoY growth,monthly,Index of Industrial Production (1).xlsx,
industry,IIP use-based,Primary Goods,2015-02-01,All India,2.0730503455084,percent YoY growth,monthly,Index of Industrial Production (1).xlsx,
industry,IIP use-based,Primary Goods,2015-03-01,All India,-0.262237762237772,percent YoY growth,monthly,Index of Industrial Production (1).xlsx,
industry,IIP use-based,Primary Goods,2015-04-01,All India,-2.9951690821256,percent YoY growth,monthly,Index of Industrial Production (1).xlsx,
industry,IIP use-based,Primary Goods,2015-05-01,All India,4.75302889095993,percent YoY growth,monthly,Index of Industrial Production (1).xlsx,
industry,IIP use-based,Primary Goods,2015-06-01,All India,2.17803030303031,percent YoY growth,monthly,Index of Industrial Production (1).xlsx,
industry,IIP use-based,Primary Goods,2015-07-01,All India,5.33462657613967,percent YoY growth,monthly,Index of Industrial Production (1).xlsx,
industry,IIP use-based,Primary Goods,2015-08-01,All India,7.34299516908212,percent YoY growth,monthly,Index of Industrial Production (1).xlsx,
industry,IIP use-based,Primary Goods,2015-09-01,All India,5.6047197640118,percent YoY growth,monthly,Index of Industrial Production (1).xlsx,
industry,IIP use-based,Primary Goods,2015-10-01,All India,5.88785046728972,percent YoY growth,monthly,Index of Industrial Production (1).xlsx,
industry,IIP use-based,Primary Goods,2015-11-01,All India,3.83895131086143,percent YoY growth,monthly,Index of Industrial Production (1).xlsx,
industry,IIP use-based,Primary Goods,2015-12-01,All India,2.68336314847943,percent YoY growth,monthly,Index of Industrial Production (1).xlsx,
industry,IIP use-based,Primary Goods,2016-01-01,All India,4.5373665480427,percent YoY growth,monthly,Index of Industrial Production (1).xlsx,
industry,IIP use-based,Primary Goods,2016-02-01,All India,10.541586073501,percent YoY growth,monthly,Index of Industrial Production (1).xlsx,
industry,IIP use-based,Primary Goods,2016-03-01,All India,9.72830850131465,percent YoY growth,monthly,Index of Industrial Production (1).xlsx,
industry,IIP use-based,Primary Goods,2016-04-01,All India,12.6494023904382,percent YoY growth,monthly,Index of Industrial Production (1).xlsx,
industry,IIP use-based,Primary Goods,2016-05-01,All India,4.62633451957294,percent YoY growth,monthly,Index of Industrial Production (1).xlsx,
industry,IIP use-based,Primary Goods,2016-06-01,All India,8.15569972196478,percent YoY growth,monthly,Index of Industrial Production (1).xlsx,
industry,IIP use-based,Primary Goods,2016-07-01,All India,4.23572744014734,percent YoY growth,monthly,Index of Industrial Production (1).xlsx,
industry,IIP use-based,Primary Goods,2016-08-01,All India,-0.990099009900985,percent YoY growth,monthly,Index of Industrial Production (1).xlsx,
industry,IIP use-based,Primary Goods,2016-09-01,All India,2.23463687150837,percent YoY growth,monthly,Index of Industrial Production (1).xlsx,
industry,IIP use-based,Primary Goods,2016-10-01,All India,5.20741394527803,percent YoY growth,monthly,Index of Industrial Production (1).xlsx,
industry,IIP use-based,Primary Goods,2016-11-01,All India,5.50045085662759,percent YoY growth,monthly,Index of Industrial Production (1).xlsx,
industry,IIP use-based,Primary Goods,2016-12-01,All India,7.40418118466899,percent YoY growth,monthly,Index of Industrial Production (1).xlsx,
industry,IIP use-based,Primary Goods,2017-01-01,All India,3.82978723404255,percent YoY growth,monthly,Index of Industrial Production (1).xlsx,
industry,IIP use-based,Primary Goods,2017-02-01,All India,0.787401574803155,percent YoY growth,monthly,Index of Industrial Production (1).xlsx,
industry,IIP use-based,Primary Goods,2017-03-01,All India,5.83067092651757,percent YoY growth,monthly,Index of Industrial Production (1).xlsx,
industry,IIP use-based,Primary Goods,2017-04-01,All India,3.00618921308577,percent YoY growth,monthly,Index of Industrial Production (1).xlsx,
industry,IIP use-based,Primary Goods,2017-05-01,All India,3.74149659863946,percent YoY growth,monthly,Index of Industrial Production (1).xlsx,
industry,IIP use-based,Primary Goods,2017-06-01,All India,-0.257069408740357,percent YoY growth,monthly,Index of Industrial Production (1).xlsx,
industry,IIP use-based,Primary Goods,2017-07-01,All India,2.20848056537103,percent YoY growth,monthly,Index of Industrial Production (1).xlsx,
industry,IIP use-based,Primary Goods,2017-08-01,All India,7.09090909090909,percent YoY growth,monthly,Index of Industrial Production (1).xlsx,
industry,IIP use-based,Primary Goods,2017-09-01,All India,6.55737704918033,percent YoY growth,monthly,Index of Industrial Production (1).xlsx,
industry,IIP use-based,Primary Goods,2017-10-01,All India,2.43288590604026,percent YoY growth,monthly,Index of Industrial Production (1).xlsx,
industry,IIP use-based,Primary Goods,2017-11-01,All India,3.33333333333334,percent YoY growth,monthly,Index of Industrial Production (1).xlsx,
industry,IIP use-based,Primary Goods,2017-12-01,All India,3.81184103811841,percent YoY growth,monthly,Index of Industrial Production (1).xlsx,
industry,IIP use-based,Primary Goods,2018-01-01,All India,5.90163934426229,percent YoY growth,monthly,Index of Industrial Production (1).xlsx,
industry,IIP use-based,Primary Goods,2018-02-01,All India,3.73263888888889,percent YoY growth,monthly,Index of Industrial Production (1).xlsx,
industry,IIP use-based,Primary Goods,2018-03-01,All India,3.0188679245283,percent YoY growth,monthly,Index of Industrial Production (1).xlsx,
industry,IIP use-based,Primary Goods,2018-04-01,All India,2.74678111587983,percent YoY growth,monthly,Index of Industrial Production (1).xlsx,
industry,IIP use-based,Primary Goods,2018-05-01,All India,5.73770491803279,percent YoY growth,monthly,Index of Industrial Production (1).xlsx,
industry,IIP use-based,Primary Goods,2018-06-01,All India,9.19243986254294,percent YoY growth,monthly,Index of Industrial Production (1).xlsx,
industry,IIP use-based,Primary Goods,2018-07-01,All India,6.82800345721693,percent YoY growth,monthly,Index of Industrial Production (1).xlsx,
industry,IIP use-based,Primary Goods,2018-08-01,All India,2.46179966044143,percent YoY growth,monthly,Index of Industrial Production (1).xlsx,
industry,IIP use-based,Primary Goods,2018-09-01,All India,2.56410256410256,percent YoY growth,monthly,Index of Industrial Production (1).xlsx,
industry,IIP use-based,Primary Goods,2018-10-01,All India,6.06060606060607,percent YoY growth,monthly,Index of Industrial Production (1).xlsx,
industry,IIP use-based,Primary Goods,2018-11-01,All India,3.2258064516129,percent YoY growth,monthly,Index of Industrial Production (1).xlsx,
industry,IIP use-based,Primary Goods,2018-12-01,All India,-1.09375,percent YoY growth,monthly,Index of Industrial Production (1).xlsx,
industry,IIP use-based,Primary Goods,2019-01-01,All India,1.39318885448917,percent YoY growth,monthly,Index of Industrial Production (1).xlsx,
industry,IIP use-based,Primary Goods,2019-02-01,All India,1.33891213389121,percent YoY growth,monthly,Index of Industrial Production (1).xlsx,
industry,IIP use-based,Primary Goods,2019-03-01,All India,2.56410256410256,percent YoY growth,monthly,Index of Industrial Production (1).xlsx,
industry,IIP use-based,Primary Goods,2019-04-01,All India,5.09607351712614,percent YoY growth,monthly,Index of Industrial Production (1).xlsx,
industry,IIP use-based,Primary Goods,2019-05-01,All India,2.24806201550388,percent YoY growth,monthly,Index of Industrial Production (1).xlsx,
industry,IIP use-based,Primary Goods,2019-06-01,All India,0.550747442958303,percent YoY growth,monthly,Index of Industrial Production (1).xlsx,
industry,IIP use-based,Primary Goods,2019-07-01,All India,3.64077669902913,percent YoY growth,monthly,Index of Industrial Production (1).xlsx,
industry,IIP use-based,Primary Goods,2019-08-01,All India,0.994200497100251,percent YoY growth,monthly,Index of Industrial Production (1).xlsx,
industry,IIP use-based,Primary Goods,2019-09-01,All India,-5.16666666666667,percent YoY growth,monthly,Index of Industrial Production (1).xlsx,
industry,IIP use-based,Primary Goods,2019-10-01,All India,-6.02316602316602,percent YoY growth,monthly,Index of Industrial Production (1).xlsx,
industry,IIP use-based,Primary Goods,2019-11-01,All India,-0.240384615384613,percent YoY growth,monthly,Index of Industrial Production (1).xlsx,
industry,IIP use-based,Primary Goods,2019-12-01,All India,2.3696682464455,percent YoY growth,monthly,Index of Industrial Production (1).xlsx,
industry,IIP use-based,Primary Goods,2020-01-01,All India,1.83206106870229,percent YoY growth,monthly,Index of Industrial Production (1).xlsx,
industry,IIP use-based,Primary Goods,2020-02-01,All India,8.17506193228737,percent YoY growth,monthly,Index of Industrial Production (1).xlsx,
industry,IIP use-based,Primary Goods,2020-03-01,All India,-4.0,percent YoY growth,monthly,Index of Industrial Production (1).xlsx,
industry,IIP use-based,Primary Goods,2020-04-01,All India,-26.550079491256,percent YoY growth,monthly,Index of Industrial Production (1).xlsx,
industry,IIP use-based,Primary Goods,2020-05-01,All India,-19.6360879454132,percent YoY growth,monthly,Index of Industrial Production (1).xlsx,
industry,IIP use-based,Primary Goods,2020-06-01,All India,-14.4757433489828,percent YoY growth,monthly,Index of Industrial Production (1).xlsx,
industry,IIP use-based,Primary Goods,2020-07-01,All India,-10.7728337236534,percent YoY growth,monthly,Index of Industrial Production (1).xlsx,
industry,IIP use-based,Primary Goods,2020-08-01,All India,-10.746513535685,percent YoY growth,monthly,Index of Industrial Production (1).xlsx,
industry,IIP use-based,Primary Goods,2020-09-01,All India,-1.49384885764499,percent YoY growth,monthly,Index of Industrial Production (1).xlsx,
industry,IIP use-based,Primary Goods,2020-10-01,All India,-3.12243221035333,percent YoY growth,monthly,Index of Industrial Production (1).xlsx,
industry,IIP use-based,Primary Goods,2020-11-01,All India,-1.84738955823293,percent YoY growth,monthly,Index of Industrial Production (1).xlsx,
industry,IIP use-based,Primary Goods,2020-12-01,All India,0.385802469135803,percent YoY growth,monthly,Index of Industrial Production (1).xlsx,
industry,IIP use-based,Primary Goods,2021-01-01,All India,0.749625187406297,percent YoY growth,monthly,Index of Industrial Production (1).xlsx,
industry,IIP use-based,Primary Goods,2021-02-01,All India,-4.58015267175573,percent YoY growth,monthly,Index of Industrial Production (1).xlsx,
industry,IIP use-based,Primary Goods,2021-03-01,All India,7.88690476190476,percent YoY growth,monthly,Index of Industrial Production (1).xlsx,
industry,IIP use-based,Primary Goods,2021-05-01,All India,15.8490566037736,percent YoY growth,monthly,Index of Industrial Production (1).xlsx,
industry,IIP use-based,Primary Goods,2021-06-01,All India,11.9853613906679,percent YoY growth,monthly,Index of Industrial Production (1).xlsx,
industry,IIP use-based,Primary Goods,2021-07-01,All India,12.4234470691164,percent YoY growth,monthly,Index of Industrial Production (1).xlsx,
industry,IIP use-based,Primary Goods,2021-08-01,All India,16.9117647058824,percent YoY growth,monthly,Index of Industrial Production (1).xlsx,
industry,IIP use-based,Primary Goods,2021-09-01,All India,4.63871543264942,percent YoY growth,monthly,Index of Industrial Production (1).xlsx,
industry,IIP use-based,Primary Goods,2021-10-01,All India,8.99067005937234,percent YoY growth,monthly,Index of Industrial Production (1).xlsx,
industry,IIP use-based,Primary Goods,2021-11-01,All India,3.51882160392798,percent YoY growth,monthly,Index of Industrial Production (1).xlsx,
industry,IIP use-based,Primary Goods,2021-12-01,All India,2.76710222905457,percent YoY growth,monthly,Index of Industrial Production (1).xlsx,
industry,IIP use-based,Primary Goods,2022-01-01,All India,1.5625,percent YoY growth,monthly,Index of Industrial Production (1).xlsx,
industry,IIP use-based,Primary Goods,2022-02-01,All India,4.64000000000001,percent YoY growth,monthly,Index of Industrial Production (1).xlsx,
industry,IIP use-based,Primary Goods,2022-03-01,All India,5.6551724137931,percent YoY growth,monthly,Index of Industrial Production (1).xlsx,
industry,IIP use-based,Primary Goods,2022-04-01,All India,10.2766798418972,percent YoY growth,monthly,Index of Industrial Production (1).xlsx,
industry,IIP use-based,Primary Goods,2022-05-01,All India,17.8338762214984,percent YoY growth,monthly,Index of Industrial Production (1).xlsx,
industry,IIP use-based,Primary Goods,2022-06-01,All India,13.8071895424837,percent YoY growth,monthly,Index of Industrial Production (1).xlsx,
industry,IIP use-based,Primary Goods,2022-07-01,All India,2.49027237354085,percent YoY growth,monthly,Index of Industrial Production (1).xlsx,
industry,IIP use-based,Primary Goods,2022-08-01,All India,1.72955974842768,percent YoY growth,monthly,Index of Industrial Production (1).xlsx,
industry,IIP use-based,Primary Goods,2022-09-01,All India,9.54816709292413,percent YoY growth,monthly,Index of Industrial Production (1).xlsx,
industry,IIP use-based,Primary Goods,2022-10-01,All India,2.10116731517509,percent YoY growth,monthly,Index of Industrial Production (1).xlsx,
industry,IIP use-based,Primary Goods,2022-11-01,All India,4.82213438735177,percent YoY growth,monthly,Index of Industrial Production (1).xlsx,
industry,IIP use-based,Primary Goods,2022-12-01,All India,8.45175766641736,percent YoY growth,monthly,Index of Industrial Production (1).xlsx,
industry,IIP use-based,Primary Goods,2023-01-01,All India,9.81684981684982,percent YoY growth,monthly,Index of Industrial Production (1).xlsx,
industry,IIP use-based,Primary Goods,2023-02-01,All India,6.9571865443425,percent YoY growth,monthly,Index of Industrial Production (1).xlsx,
industry,IIP use-based,Primary Goods,2023-03-01,All India,3.32898172323761,percent YoY growth,monthly,Index of Industrial Production (1).xlsx,
industry,IIP use-based,Primary Goods,2023-04-01,All India,1.93548387096773,percent YoY growth,monthly,Index of Industrial Production (1).xlsx,
industry,IIP use-based,Primary Goods,2023-05-01,All India,3.59364201796822,percent YoY growth,monthly,Index of Industrial Production (1).xlsx,
industry,IIP use-based,Primary Goods,2023-06-01,All India,5.31227566403444,percent YoY growth,monthly,Index of Industrial Production (1).xlsx,
industry,IIP use-based,Primary Goods,2023-07-01,All India,7.6689445709947,percent YoY growth,monthly,Index of Industrial Production (1).xlsx,
industry,IIP use-based,Primary Goods,2023-08-01,All India,12.3647604327666,percent YoY growth,monthly,Index of Industrial Production (1).xlsx,
industry,IIP use-based,Primary Goods,2023-09-01,All India,8.01556420233464,percent YoY growth,monthly,Index of Industrial Production (1).xlsx,
industry,IIP use-based,Primary Goods,2023-10-01,All India,11.3567073170732,percent YoY growth,monthly,Index of Industrial Production (1).xlsx,
industry,IIP use-based,Primary Goods,2023-11-01,All India,8.44645550527905,percent YoY growth,monthly,Index of Industrial Production (1).xlsx,
industry,IIP use-based,Primary Goods,2023-12-01,All India,4.75862068965518,percent YoY growth,monthly,Index of Industrial Production (1).xlsx,
industry,IIP use-based,Primary Goods,2024-01-01,All India,2.93529019346231,percent YoY growth,monthly,Index of Industrial Production (1).xlsx,
industry,IIP use-based,Primary Goods,2024-02-01,All India,5.93280914939241,percent YoY growth,monthly,Index of Industrial Production (1).xlsx,
industry,IIP use-based,Primary Goods,2024-03-01,All India,3.03221730890713,percent YoY growth,monthly,Index of Industrial Production (1).xlsx,
industry,IIP use-based,Primary Goods,2024-04-01,All India,7.0323488045007,percent YoY growth,monthly,Index of Industrial Production (1).xlsx,
industry,IIP use-based,Primary Goods,2024-05-01,All India,7.33822548365577,percent YoY growth,monthly,Index of Industrial Production (1).xlsx,
industry,IIP use-based,Primary Goods,2024-06-01,All India,6.3394683026585,percent YoY growth,monthly,Index of Industrial Production (1).xlsx,
industry,IIP use-based,Primary Goods,2024-07-01,All India,5.85331452750351,percent YoY growth,monthly,Index of Industrial Production (1).xlsx,
industry,IIP use-based,Primary Goods,2024-08-01,All India,-2.61348005502064,percent YoY growth,monthly,Index of Industrial Production (1).xlsx,
industry,IIP use-based,Primary Goods,2024-09-01,All India,1.80115273775216,percent YoY growth,monthly,Index of Industrial Production (1).xlsx,
industry,IIP use-based,Primary Goods,2024-10-01,All India,2.53251197809721,percent YoY growth,monthly,Index of Industrial Production (1).xlsx,
industry,IIP use-based,Primary Goods,2024-11-01,All India,2.71210013908204,percent YoY growth,monthly,Index of Industrial Production (1).xlsx,
industry,IIP use-based,Primary Goods,2024-12-01,All India,3.81830151415404,percent YoY growth,monthly,Index of Industrial Production (1).xlsx,
industry,IIP use-based,Primary Goods,2025-01-01,All India,5.50874918988983,percent YoY growth,monthly,Index of Industrial Production (1).xlsx,
industry,IIP use-based,Primary Goods,2025-02-01,All India,2.76653171390015,percent YoY growth,monthly,Index of Industrial Production (1).xlsx,
industry,IIP use-based,Primary Goods,2025-03-01,All India,3.92397302268547,percent YoY growth,monthly,Index of Industrial Production (1).xlsx,
industry,IIP use-based,Primary Goods,2025-04-01,All India,-0.197109067017072,percent YoY growth,monthly,Index of Industrial Production (1).xlsx,
industry,IIP use-based,Primary Goods,2025-05-01,All India,-1.4294592914854,percent YoY growth,monthly,Index of Industrial Production (1).xlsx,
industry,IIP use-based,Primary Goods,2025-06-01,All India,-2.5,percent YoY growth,monthly,Index of Industrial Production (1).xlsx,
industry,IIP use-based,Primary Goods,2025-07-01,All India,-0.732844770153228,percent YoY growth,monthly,Index of Industrial Production (1).xlsx,
industry,IIP use-based,Primary Goods,2025-08-01,All India,5.36723163841808,percent YoY growth,monthly,Index of Industrial Production (1).xlsx,
industry,IIP use-based,Primary Goods,2025-09-01,All India,1.34465675866948,percent YoY growth,monthly,Index of Industrial Production (1).xlsx,
industry,IIP use-based,Primary Goods,2025-10-01,All India,-0.600801068090791,percent YoY growth,monthly,Index of Industrial Production (1).xlsx,
industry,IIP use-based,Primary Goods,2025-11-01,All India,2.23425863236291,percent YoY growth,monthly,Index of Industrial Production (1).xlsx,
industry,IIP use-based,Primary Goods,2025-12-01,All India,4.37539632213063,percent YoY growth,monthly,Index of Industrial Production (1).xlsx,
industry,IIP use-based,Primary Goods,2026-01-01,All India,3.13267813267813,percent YoY growth,monthly,Index of Industrial Production (1).xlsx,
industry,IIP use-based,Primary Goods,2026-02-01,All India,1.77281680892974,percent YoY growth,monthly,Index of Industrial Production (1).xlsx,
industry,IIP use-based,Primary Goods,2026-03-01,All India,2.24188790560473,percent YoY growth,monthly,Index of Industrial Production (1).xlsx,
industry,IIP use-based,Printing and reproduction of recorded media,2013-04-01,All India,3.2,percent YoY growth,monthly,Index of Industrial Production (1).xlsx,
industry,IIP use-based,Printing and reproduction of recorded media,2013-05-01,All India,-5.73440643863179,percent YoY growth,monthly,Index of Industrial Production (1).xlsx,
industry,IIP use-based,Printing and reproduction of recorded media,2013-06-01,All India,0.785083415112853,percent YoY growth,monthly,Index of Industrial Production (1).xlsx,
industry,IIP use-based,Printing and reproduction of recorded media,2013-07-01,All India,6.87103594080338,percent YoY growth,monthly,Index of Industrial Production (1).xlsx,
industry,IIP use-based,Printing and reproduction of recorded media,2013-08-01,All India,8.21309655937848,percent YoY growth,monthly,Index of Industrial Production (1).xlsx,
industry,IIP use-based,Printing and reproduction of recorded media,2013-09-01,All India,5.16528925619835,percent YoY growth,monthly,Index of Industrial Production (1).xlsx,
industry,IIP use-based,Printing and reproduction of recorded media,2013-10-01,All India,25.8134490238612,percent YoY growth,monthly,Index of Industrial Production (1).xlsx,
industry,IIP use-based,Printing and reproduction of recorded media,2013-11-01,All India,3.80434782608696,percent YoY growth,monthly,Index of Industrial Production (1).xlsx,
industry,IIP use-based,Printing and reproduction of recorded media,2013-12-01,All India,1.47874306839186,percent YoY growth,monthly,Index of Industrial Production (1).xlsx,
industry,IIP use-based,Printing and reproduction of recorded media,2014-01-01,All India,31.4432989690722,percent YoY growth,monthly,Index of Industrial Production (1).xlsx,
industry,IIP use-based,Printing and reproduction of recorded media,2014-02-01,All India,28.1808622502629,percent YoY growth,monthly,Index of Industrial Production (1).xlsx,
industry,IIP use-based,Printing and reproduction of recorded media,2014-03-01,All India,4.11985018726592,percent YoY growth,monthly,Index of Industrial Production (1).xlsx,
industry,IIP use-based,Printing and reproduction of recorded media,2014-04-01,All India,-1.10741971207087,percent YoY growth,monthly,Index of Industrial Production (1).xlsx,
industry,IIP use-based,Printing and reproduction of recorded media,2014-05-01,All India,4.37566702241195,percent YoY growth,monthly,Index of Industrial Production (1).xlsx,
industry,IIP use-based,Printing and reproduction of recorded media,2014-06-01,All India,-2.53164556962026,percent YoY growth,monthly,Index of Industrial Production (1).xlsx,
industry,IIP use-based,Printing and reproduction of recorded media,2014-07-01,All India,-2.9673590504451,percent YoY growth,monthly,Index of Industrial Production (1).xlsx,
industry,IIP use-based,Printing and reproduction of recorded media,2014-08-01,All India,-3.89743589743589,percent YoY growth,monthly,Index of Industrial Production (1).xlsx,
industry,IIP use-based,Printing and reproduction of recorded media,2014-09-01,All India,3.7328094302554,percent YoY growth,monthly,Index of Industrial Production (1).xlsx,
industry,IIP use-based,Printing and reproduction of recorded media,2014-10-01,All India,-18.1896551724138,percent YoY growth,monthly,Index of Industrial Production (1).xlsx,
industry,IIP use-based,Printing and reproduction of recorded media,2014-11-01,All India,7.74869109947645,percent YoY growth,monthly,Index of Industrial Production (1).xlsx,
industry,IIP use-based,Printing and reproduction of recorded media,2014-12-01,All India,7.46812386156649,percent YoY growth,monthly,Index of Industrial Production (1).xlsx,
industry,IIP use-based,Printing and reproduction of recorded media,2015-01-01,All India,-26.0392156862745,percent YoY growth,monthly,Index of Industrial Production (1).xlsx,
industry,IIP use-based,Printing and reproduction of recorded media,2015-02-01,All India,-22.7235438884331,percent YoY growth,monthly,Index of Industrial Production (1).xlsx,
industry,IIP use-based,Printing and reproduction of recorded media,2015-03-01,All India,0.179856115107916,percent YoY growth,monthly,Index of Industrial Production (1).xlsx,
industry,IIP use-based,Printing and reproduction of recorded media,2015-04-01,All India,6.94288913773797,percent YoY growth,monthly,Index of Industrial Production (1).xlsx,
industry,IIP use-based,Printing and reproduction of recorded media,2015-05-01,All India,-0.408997955010216,percent YoY growth,monthly,Index of Industrial Production (1).xlsx,
industry,IIP use-based,Printing and reproduction of recorded media,2015-06-01,All India,9.2907092907093,percent YoY growth,monthly,Index of Industrial Production (1).xlsx,
industry,IIP use-based,Printing and reproduction of recorded media,2015-07-01,All India,5.50458715596331,percent YoY growth,monthly,Index of Industrial Production (1).xlsx,
industry,IIP use-based,Printing and reproduction of recorded media,2015-08-01,All India,12.4866595517609,percent YoY growth,monthly,Index of Industrial Production (1).xlsx,
industry,IIP use-based,Printing and reproduction of recorded media,2015-09-01,All India,5.58712121212122,percent YoY growth,monthly,Index of Industrial Production (1).xlsx,
industry,IIP use-based,Printing and reproduction of recorded media,2015-10-01,All India,9.48366701791359,percent YoY growth,monthly,Index of Industrial Production (1).xlsx,
industry,IIP use-based,Printing and reproduction of recorded media,2015-11-01,All India,-8.7463556851312,percent YoY growth,monthly,Index of Industrial Production (1).xlsx,
industry,IIP use-based,Printing and reproduction of recorded media,2015-12-01,All India,-6.86440677966101,percent YoY growth,monthly,Index of Industrial Production (1).xlsx,
industry,IIP use-based,Printing and reproduction of recorded media,2016-01-01,All India,8.05938494167551,percent YoY growth,monthly,Index of Industrial Production (1).xlsx,
industry,IIP use-based,Printing and reproduction of recorded media,2016-02-01,All India,9.97876857749468,percent YoY growth,monthly,Index of Industrial Production (1).xlsx,
industry,IIP use-based,Printing and reproduction of recorded media,2016-03-01,All India,-1.07719928186715,percent YoY growth,monthly,Index of Industrial Production (1).xlsx,
industry,IIP use-based,Printing and reproduction of recorded media,2016-04-01,All India,7.43455497382198,percent YoY growth,monthly,Index of Industrial Production (1).xlsx,
industry,IIP use-based,Printing and reproduction of recorded media,2016-05-01,All India,4.72279260780287,percent YoY growth,monthly,Index of Industrial Production (1).xlsx,
industry,IIP use-based,Printing and reproduction of recorded media,2016-06-01,All India,-1.82815356489945,percent YoY growth,monthly,Index of Industrial Production (1).xlsx,
industry,IIP use-based,Printing and reproduction of recorded media,2016-07-01,All India,-0.0966183574879172,percent YoY growth,monthly,Index of Industrial Production (1).xlsx,
industry,IIP use-based,Printing and reproduction of recorded media,2016-08-01,All India,2.65654648956356,percent YoY growth,monthly,Index of Industrial Production (1).xlsx,
industry,IIP use-based,Printing and reproduction of recorded media,2016-09-01,All India,-6.99551569506726,percent YoY growth,monthly,Index of Industrial Production (1).xlsx,
industry,IIP use-based,Printing and reproduction of recorded media,2016-10-01,All India,-1.92492781520693,percent YoY growth,monthly,Index of Industrial Production (1).xlsx,
industry,IIP use-based,Printing and reproduction of recorded media,2016-11-01,All India,12.8860489882854,percent YoY growth,monthly,Index of Industrial Production (1).xlsx,
industry,IIP use-based,Printing and reproduction of recorded media,2016-12-01,All India,8.18926296633303,percent YoY growth,monthly,Index of Industrial Production (1).xlsx,
industry,IIP use-based,Printing and reproduction of recorded media,2017-01-01,All India,6.08439646712462,percent YoY growth,monthly,Index of Industrial Production (1).xlsx,
industry,IIP use-based,Printing and reproduction of recorded media,2017-02-01,All India,-2.8957528957529,percent YoY growth,monthly,Index of Industrial Production (1).xlsx,
industry,IIP use-based,Printing and reproduction of recorded media,2017-03-01,All India,-1.36116152450091,percent YoY growth,monthly,Index of Industrial Production (1).xlsx,
industry,IIP use-based,Printing and reproduction of recorded media,2017-04-01,All India,-3.89863547758285,percent YoY growth,monthly,Index of Industrial Production (1).xlsx,
industry,IIP use-based,Printing and reproduction of recorded media,2017-05-01,All India,-2.94117647058824,percent YoY growth,monthly,Index of Industrial Production (1).xlsx,
industry,IIP use-based,Printing and reproduction of recorded media,2017-06-01,All India,-11.4525139664805,percent YoY growth,monthly,Index of Industrial Production (1).xlsx,
industry,IIP use-based,Printing and reproduction of recorded media,2017-07-01,All India,-0.967117988394584,percent YoY growth,monthly,Index of Industrial Production (1).xlsx,
industry,IIP use-based,Printing and reproduction of recorded media,2017-08-01,All India,4.71349353049907,percent YoY growth,monthly,Index of Industrial Production (1).xlsx,
industry,IIP use-based,Printing and reproduction of recorded media,2017-09-01,All India,-0.289296046287365,percent YoY growth,monthly,Index of Industrial Production (1).xlsx,
industry,IIP use-based,Printing and reproduction of recorded media,2017-10-01,All India,-8.83218842001963,percent YoY growth,monthly,Index of Industrial Production (1).xlsx,
industry,IIP use-based,Printing and reproduction of recorded media,2017-11-01,All India,-9.62264150943397,percent YoY growth,monthly,Index of Industrial Production (1).xlsx,
industry,IIP use-based,Printing and reproduction of recorded media,2017-12-01,All India,-13.8772077375946,percent YoY growth,monthly,Index of Industrial Production (1).xlsx,
industry,IIP use-based,Printing and reproduction of recorded media,2018-01-01,All India,-16.0037002775208,percent YoY growth,monthly,Index of Industrial Production (1).xlsx,
industry,IIP use-based,Printing and reproduction of recorded media,2018-02-01,All India,-9.34393638170973,percent YoY growth,monthly,Index of Industrial Production (1).xlsx,
industry,IIP use-based,Printing and reproduction of recorded media,2018-03-01,All India,2.29990800367985,percent YoY growth,monthly,Index of Industrial Production (1).xlsx,
industry,IIP use-based,Printing and reproduction of recorded media,2018-04-01,All India,-10.5476673427992,percent YoY growth,monthly,Index of Industrial Production (1).xlsx,
industry,IIP use-based,Printing and reproduction of recorded media,2018-05-01,All India,-2.52525252525253,percent YoY growth,monthly,Index of Industrial Production (1).xlsx,
industry,IIP use-based,Printing and reproduction of recorded media,2018-06-01,All India,2.20820189274449,percent YoY growth,monthly,Index of Industrial Production (1).xlsx,
industry,IIP use-based,Printing and reproduction of recorded media,2018-07-01,All India,-1.36718750000001,percent YoY growth,monthly,Index of Industrial Production (1).xlsx,
industry,IIP use-based,Printing and reproduction of recorded media,2018-08-01,All India,-16.6813768755516,percent YoY growth,monthly,Index of Industrial Production (1).xlsx,
industry,IIP use-based,Printing and reproduction of recorded media,2018-09-01,All India,-10.541586073501,percent YoY growth,monthly,Index of Industrial Production (1).xlsx,
industry,IIP use-based,Printing and reproduction of recorded media,2018-10-01,All India,4.73627556512378,percent YoY growth,monthly,Index of Industrial Production (1).xlsx,
industry,IIP use-based,Printing and reproduction of recorded media,2018-11-01,All India,-4.48851774530271,percent YoY growth,monthly,Index of Industrial Production (1).xlsx,
industry,IIP use-based,Printing and reproduction of recorded media,2018-12-01,All India,7.8125,percent YoY growth,monthly,Index of Industrial Production (1).xlsx,
industry,IIP use-based,Printing and reproduction of recorded media,2019-01-01,All India,12.8854625550661,percent YoY growth,monthly,Index of Industrial Production (1).xlsx,
industry,IIP use-based,Printing and reproduction of recorded media,2019-02-01,All India,1.53508771929824,percent YoY growth,monthly,Index of Industrial Production (1).xlsx,
industry,IIP use-based,Printing and reproduction of recorded media,2019-03-01,All India,-3.50719424460432,percent YoY growth,monthly,Index of Industrial Production (1).xlsx,
industry,IIP use-based,Printing and reproduction of recorded media,2019-04-01,All India,13.8321995464853,percent YoY growth,monthly,Index of Industrial Production (1).xlsx,
industry,IIP use-based,Printing and reproduction of recorded media,2019-05-01,All India,4.87046632124353,percent YoY growth,monthly,Index of Industrial Production (1).xlsx,
industry,IIP use-based,Printing and reproduction of recorded media,2019-06-01,All India,-3.70370370370371,percent YoY growth,monthly,Index of Industrial Production (1).xlsx,
industry,IIP use-based,Printing and reproduction of recorded media,2019-07-01,All India,-8.81188118811882,percent YoY growth,monthly,Index of Industrial Production (1).xlsx,
industry,IIP use-based,Printing and reproduction of recorded media,2019-08-01,All India,-10.5932203389831,percent YoY growth,monthly,Index of Industrial Production (1).xlsx,
industry,IIP use-based,Printing and reproduction of recorded media,2019-09-01,All India,-8.43243243243243,percent YoY growth,monthly,Index of Industrial Production (1).xlsx,
industry,IIP use-based,Printing and reproduction of recorded media,2019-10-01,All India,-17.6772867420349,percent YoY growth,monthly,Index of Industrial Production (1).xlsx,
industry,IIP use-based,Printing and reproduction of recorded media,2019-11-01,All India,-6.77595628415301,percent YoY growth,monthly,Index of Industrial Production (1).xlsx,
industry,IIP use-based,Printing and reproduction of recorded media,2019-12-01,All India,-6.15942028985508,percent YoY growth,monthly,Index of Industrial Production (1).xlsx,
industry,IIP use-based,Printing and reproduction of recorded media,2020-01-01,All India,-8.48780487804878,percent YoY growth,monthly,Index of Industrial Production (1).xlsx,
industry,IIP use-based,Printing and reproduction of recorded media,2020-02-01,All India,2.15982721382289,percent YoY growth,monthly,Index of Industrial Production (1).xlsx,
industry,IIP use-based,Printing and reproduction of recorded media,2020-03-01,All India,-30.8480894687791,percent YoY growth,monthly,Index of Industrial Production (1).xlsx,
industry,IIP use-based,Printing and reproduction of recorded media,2020-04-01,All India,-76.99203187251,percent YoY growth,monthly,Index of Industrial Production (1).xlsx,
industry,IIP use-based,Printing and reproduction of recorded media,2020-05-01,All India,-48.0237154150198,percent YoY growth,monthly,Index of Industrial Production (1).xlsx,
industry,IIP use-based,Printing and reproduction of recorded media,2020-06-01,All India,-25.0,percent YoY growth,monthly,Index of Industrial Production (1).xlsx,
industry,IIP use-based,Printing and reproduction of recorded media,2020-07-01,All India,-25.6243213897937,percent YoY growth,monthly,Index of Industrial Production (1).xlsx,
industry,IIP use-based,Printing and reproduction of recorded media,2020-08-01,All India,-22.5118483412322,percent YoY growth,monthly,Index of Industrial Production (1).xlsx,
industry,IIP use-based,Printing and reproduction of recorded media,2020-09-01,All India,-19.3624557260921,percent YoY growth,monthly,Index of Industrial Production (1).xlsx,
industry,IIP use-based,Printing and reproduction of recorded media,2020-10-01,All India,-13.8576779026217,percent YoY growth,monthly,Index of Industrial Production (1).xlsx,
industry,IIP use-based,Printing and reproduction of recorded media,2020-11-01,All India,-17.3505275498241,percent YoY growth,monthly,Index of Industrial Production (1).xlsx,
industry,IIP use-based,Printing and reproduction of recorded media,2020-12-01,All India,-19.8841698841699,percent YoY growth,monthly,Index of Industrial Production (1).xlsx,
industry,IIP use-based,Printing and reproduction of recorded media,2021-01-01,All India,-25.3731343283582,percent YoY growth,monthly,Index of Industrial Production (1).xlsx,
industry,IIP use-based,Printing and reproduction of recorded media,2021-02-01,All India,-28.5412262156448,percent YoY growth,monthly,Index of Industrial Production (1).xlsx,
industry,IIP use-based,Printing and reproduction of recorded media,2021-03-01,All India,2.15633423180592,percent YoY growth,monthly,Index of Industrial Production (1).xlsx,
industry,IIP use-based,Printing and reproduction of recorded media,2021-05-01,All India,17.680608365019,percent YoY growth,monthly,Index of Industrial Production (1).xlsx,
industry,IIP use-based,Printing and reproduction of recorded media,2021-06-01,All India,-2.13675213675214,percent YoY growth,monthly,Index of Industrial Production (1).xlsx,
industry,IIP use-based,Printing and reproduction of recorded media,2021-07-01,All India,-0.145985401459846,percent YoY growth,monthly,Index of Industrial Production (1).xlsx,
industry,IIP use-based,Printing and reproduction of recorded media,2021-08-01,All India,5.65749235474004,percent YoY growth,monthly,Index of Industrial Production (1).xlsx,
industry,IIP use-based,Printing and reproduction of recorded media,2021-09-01,All India,2.48901903367497,percent YoY growth,monthly,Index of Industrial Production (1).xlsx,
industry,IIP use-based,Printing and reproduction of recorded media,2021-10-01,All India,6.37681159420291,percent YoY growth,monthly,Index of Industrial Production (1).xlsx,
industry,IIP use-based,Printing and reproduction of recorded media,2021-11-01,All India,2.26950354609928,percent YoY growth,monthly,Index of Industrial Production (1).xlsx,
industry,IIP use-based,Printing and reproduction of recorded media,2021-12-01,All India,5.30120481927712,percent YoY growth,monthly,Index of Industrial Production (1).xlsx,
industry,IIP use-based,Printing and reproduction of recorded media,2022-01-01,All India,15.2857142857143,percent YoY growth,monthly,Index of Industrial Production (1).xlsx,
industry,IIP use-based,Printing and reproduction of recorded media,2022-02-01,All India,13.3136094674556,percent YoY growth,monthly,Index of Industrial Production (1).xlsx,
industry,IIP use-based,Printing and reproduction of recorded media,2022-03-01,All India,16.490765171504,percent YoY growth,monthly,Index of Industrial Production (1).xlsx,
industry,IIP use-based,Printing and reproduction of recorded media,2022-04-01,All India,30.1391035548686,percent YoY growth,monthly,Index of Industrial Production (1).xlsx,
industry,IIP use-based,Printing and reproduction of recorded media,2022-05-01,All India,42.9725363489499,percent YoY growth,monthly,Index of Industrial Production (1).xlsx,
industry,IIP use-based,Printing and reproduction of recorded media,2022-06-01,All India,45.1237263464338,percent YoY growth,monthly,Index of Industrial Production (1).xlsx,
industry,IIP use-based,Printing and reproduction of recorded media,2022-07-01,All India,41.2280701754386,percent YoY growth,monthly,Index of Industrial Production (1).xlsx,
industry,IIP use-based,Printing and reproduction of recorded media,2022-08-01,All India,27.6410998552822,percent YoY growth,monthly,Index of Industrial Production (1).xlsx,
industry,IIP use-based,Printing and reproduction of recorded media,2022-09-01,All India,29.8571428571429,percent YoY growth,monthly,Index of Industrial Production (1).xlsx,
industry,IIP use-based,Printing and reproduction of recorded media,2022-10-01,All India,14.7138964577657,percent YoY growth,monthly,Index of Industrial Production (1).xlsx,
industry,IIP use-based,Printing and reproduction of recorded media,2022-11-01,All India,24.8266296809986,percent YoY growth,monthly,Index of Industrial Production (1).xlsx,
industry,IIP use-based,Printing and reproduction of recorded media,2022-12-01,All India,14.41647597254,percent YoY growth,monthly,Index of Industrial Production (1).xlsx,
industry,IIP use-based,Printing and reproduction of recorded media,2023-01-01,All India,9.66542750929368,percent YoY growth,monthly,Index of Industrial Production (1).xlsx,
industry,IIP use-based,Printing and reproduction of recorded media,2023-02-01,All India,10.0522193211488,percent YoY growth,monthly,Index of Industrial Production (1).xlsx,
industry,IIP use-based,Printing and reproduction of recorded media,2023-03-01,All India,3.85050962627407,percent YoY growth,monthly,Index of Industrial Production (1).xlsx,
industry,IIP use-based,Printing and reproduction of recorded media,2023-04-01,All India,5.22565320665082,percent YoY growth,monthly,Index of Industrial Production (1).xlsx,
industry,IIP use-based,Printing and reproduction of recorded media,2023-05-01,All India,0.225988700564975,percent YoY growth,monthly,Index of Industrial Production (1).xlsx,
industry,IIP use-based,Printing and reproduction of recorded media,2023-06-01,All India,-11.0330992978937,percent YoY growth,monthly,Index of Industrial Production (1).xlsx,
industry,IIP use-based,Printing and reproduction of recorded media,2023-07-01,All India,-7.86749482401656,percent YoY growth,monthly,Index of Industrial Production (1).xlsx,
industry,IIP use-based,Printing and reproduction of recorded media,2023-08-01,All India,3.17460317460317,percent YoY growth,monthly,Index of Industrial Production (1).xlsx,
industry,IIP use-based,Printing and reproduction of recorded media,2023-09-01,All India,-3.74037403740375,percent YoY growth,monthly,Index of Industrial Production (1).xlsx,
industry,IIP use-based,Printing and reproduction of recorded media,2023-10-01,All India,3.32541567695962,percent YoY growth,monthly,Index of Industrial Production (1).xlsx,
industry,IIP use-based,Printing and reproduction of recorded media,2023-11-01,All India,-6.55555555555556,percent YoY growth,monthly,Index of Industrial Production (1).xlsx,
industry,IIP use-based,Printing and reproduction of recorded media,2023-12-01,All India,-4.5,percent YoY growth,monthly,Index of Industrial Production (1).xlsx,
industry,IIP use-based,Printing and reproduction of recorded media,2024-01-01,All India,3.1638418079096,percent YoY growth,monthly,Index of Industrial Production (1).xlsx,
industry,IIP use-based,Printing and reproduction of recorded media,2024-02-01,All India,5.33807829181495,percent YoY growth,monthly,Index of Industrial Production (1).xlsx,
industry,IIP use-based,Printing and reproduction of recorded media,2024-03-01,All India,-0.109051254089431,percent YoY growth,monthly,Index of Industrial Production (1).xlsx,
industry,IIP use-based,Printing and reproduction of recorded media,2024-04-01,All India,-7.33634311512415,percent YoY growth,monthly,Index of Industrial Production (1).xlsx,
industry,IIP use-based,Printing and reproduction of recorded media,2024-05-01,All India,3.6076662908681,percent YoY growth,monthly,Index of Industrial Production (1).xlsx,
industry,IIP use-based,Printing and reproduction of recorded media,2024-06-01,All India,-3.83314543404736,percent YoY growth,monthly,Index of Industrial Production (1).xlsx,
industry,IIP use-based,Printing and reproduction of recorded media,2024-07-01,All India,-5.16853932584269,percent YoY growth,monthly,Index of Industrial Production (1).xlsx,
industry,IIP use-based,Printing and reproduction of recorded media,2024-08-01,All India,-8.46153846153847,percent YoY growth,monthly,Index of Industrial Production (1).xlsx,
industry,IIP use-based,Printing and reproduction of recorded media,2024-09-01,All India,-3.2,percent YoY growth,monthly,Index of Industrial Production (1).xlsx,
industry,IIP use-based,Printing and reproduction of recorded media,2024-10-01,All India,-10.3448275862069,percent YoY growth,monthly,Index of Industrial Production (1).xlsx,
industry,IIP use-based,Printing and reproduction of recorded media,2024-11-01,All India,-1.78359096313912,percent YoY growth,monthly,Index of Industrial Production (1).xlsx,
industry,IIP use-based,Printing and reproduction of recorded media,2024-12-01,All India,-5.86387434554973,percent YoY growth,monthly,Index of Industrial Production (1).xlsx,
industry,IIP use-based,Printing and reproduction of recorded media,2025-01-01,All India,-8.76232201533406,percent YoY growth,monthly,Index of Industrial Production (1).xlsx,
industry,IIP use-based,Printing and reproduction of recorded media,2025-02-01,All India,-11.1486486486486,percent YoY growth,monthly,Index of Industrial Production (1).xlsx,
industry,IIP use-based,Printing and reproduction of recorded media,2025-03-01,All India,-10.2620087336244,percent YoY growth,monthly,Index of Industrial Production (1).xlsx,
industry,IIP use-based,Printing and reproduction of recorded media,2025-04-01,All India,-8.28258221680877,percent YoY growth,monthly,Index of Industrial Production (1).xlsx,
industry,IIP use-based,Printing and reproduction of recorded media,2025-05-01,All India,-16.1044613710555,percent YoY growth,monthly,Index of Industrial Production (1).xlsx,
industry,IIP use-based,Printing and reproduction of recorded media,2025-06-01,All India,-10.0820633059789,percent YoY growth,monthly,Index of Industrial Production (1).xlsx,
industry,IIP use-based,Printing and reproduction of recorded media,2025-07-01,All India,-10.1895734597157,percent YoY growth,monthly,Index of Industrial Production (1).xlsx,
industry,IIP use-based,Printing and reproduction of recorded media,2025-08-01,All India,-14.765906362545,percent YoY growth,monthly,Index of Industrial Production (1).xlsx,
industry,IIP use-based,Printing and reproduction of recorded media,2025-09-01,All India,-4.13223140495868,percent YoY growth,monthly,Index of Industrial Production (1).xlsx,
industry,IIP use-based,Printing and reproduction of recorded media,2025-10-01,All India,-5.00000000000001,percent YoY growth,monthly,Index of Industrial Production (1).xlsx,
industry,IIP use-based,Printing and reproduction of recorded media,2025-11-01,All India,-8.47457627118644,percent YoY growth,monthly,Index of Industrial Production (1).xlsx,
industry,IIP use-based,Printing and reproduction of recorded media,2025-12-01,All India,5.67296996662958,percent YoY growth,monthly,Index of Industrial Production (1).xlsx,
industry,IIP use-based,Printing and reproduction of recorded media,2026-01-01,All India,-2.16086434573829,percent YoY growth,monthly,Index of Industrial Production (1).xlsx,
industry,IIP use-based,Printing and reproduction of recorded media,2026-02-01,All India,2.6615969581749,percent YoY growth,monthly,Index of Industrial Production (1).xlsx,
industry,IIP use-based,Printing and reproduction of recorded media,2026-03-01,All India,1.82481751824817,percent YoY growth,monthly,Index of Industrial Production (1).xlsx,
